solid OpenSCAD_Model
  facet normal 1 -0 0
    outer loop
      vertex 57 -42 12
      vertex 57 -38 4
      vertex 57 -38 12
    endloop
  endfacet
  facet normal 1 0 0
    outer loop
      vertex 57 -38 4
      vertex 57 -42 12
      vertex 57 -42 4
    endloop
  endfacet
  facet normal -0 0 1
    outer loop
      vertex -57 -38 12
      vertex 57 -42 12
      vertex 57 -38 12
    endloop
  endfacet
  facet normal 0 0 1
    outer loop
      vertex 57 -42 12
      vertex -57 -38 12
      vertex -57 -42 12
    endloop
  endfacet
  facet normal -1 0 0
    outer loop
      vertex -57 -42 4
      vertex -57 -38 12
      vertex -57 -38 4
    endloop
  endfacet
  facet normal -1 -0 0
    outer loop
      vertex -57 -38 12
      vertex -57 -42 4
      vertex -57 -42 12
    endloop
  endfacet
  facet normal 0 1 -0
    outer loop
      vertex 57 -38 4
      vertex -57 -38 12
      vertex 57 -38 12
    endloop
  endfacet
  facet normal 0 1 0
    outer loop
      vertex -57 -38 12
      vertex 57 -38 4
      vertex -57 -38 4
    endloop
  endfacet
  facet normal 0 -1 0
    outer loop
      vertex -57 -42 4
      vertex 57 -42 12
      vertex -57 -42 12
    endloop
  endfacet
  facet normal 0 -1 -0
    outer loop
      vertex 57 -42 12
      vertex -57 -42 4
      vertex 57 -42 4
    endloop
  endfacet
  facet normal 1 -0 0
    outer loop
      vertex 57 38 12
      vertex 57 42 4
      vertex 57 42 12
    endloop
  endfacet
  facet normal 1 0 0
    outer loop
      vertex 57 42 4
      vertex 57 38 12
      vertex 57 38 4
    endloop
  endfacet
  facet normal -0 0 1
    outer loop
      vertex -57 42 12
      vertex 57 38 12
      vertex 57 42 12
    endloop
  endfacet
  facet normal 0 0 1
    outer loop
      vertex 57 38 12
      vertex -57 42 12
      vertex -57 38 12
    endloop
  endfacet
  facet normal -1 0 0
    outer loop
      vertex -57 38 4
      vertex -57 42 12
      vertex -57 42 4
    endloop
  endfacet
  facet normal -1 -0 0
    outer loop
      vertex -57 42 12
      vertex -57 38 4
      vertex -57 38 12
    endloop
  endfacet
  facet normal 0 1 -0
    outer loop
      vertex 57 42 4
      vertex -57 42 12
      vertex 57 42 12
    endloop
  endfacet
  facet normal 0 1 0
    outer loop
      vertex -57 42 12
      vertex 57 42 4
      vertex -57 42 4
    endloop
  endfacet
  facet normal 0 -1 0
    outer loop
      vertex -57 38 4
      vertex 57 38 12
      vertex -57 38 12
    endloop
  endfacet
  facet normal 0 -1 -0
    outer loop
      vertex 57 38 12
      vertex -57 38 4
      vertex 57 38 4
    endloop
  endfacet
  facet normal 1 -0 0
    outer loop
      vertex 29 -12 0
      vertex 29 12 -6.3
      vertex 29 12 0
    endloop
  endfacet
  facet normal 1 0 0
    outer loop
      vertex 29 12 -6.3
      vertex 29 -12 0
      vertex 29 -12 -6.3
    endloop
  endfacet
  facet normal 0 0 -1
    outer loop
      vertex 29 -12 -6.3
      vertex 22.6 0 -6.3
      vertex 29 12 -6.3
    endloop
  endfacet
  facet normal 0 0 -1
    outer loop
      vertex 29 -12 -6.3
      vertex 22.5778 -0.339369 -6.3
      vertex 22.6 0 -6.3
    endloop
  endfacet
  facet normal 0 0 -1
    outer loop
      vertex 29 -12 -6.3
      vertex 22.5114 -0.67293 -6.3
      vertex 22.5778 -0.339369 -6.3
    endloop
  endfacet
  facet normal 0 0 -1
    outer loop
      vertex 29 -12 -6.3
      vertex 22.4021 -0.994977 -6.3
      vertex 22.5114 -0.67293 -6.3
    endloop
  endfacet
  facet normal 0 0 -1
    outer loop
      vertex 29 -12 -6.3
      vertex 22.2517 -1.3 -6.3
      vertex 22.4021 -0.994977 -6.3
    endloop
  endfacet
  facet normal 0 0 -1
    outer loop
      vertex 29 -12 -6.3
      vertex 22.0627 -1.58278 -6.3
      vertex 22.2517 -1.3 -6.3
    endloop
  endfacet
  facet normal 0 0 -1
    outer loop
      vertex 29 -12 -6.3
      vertex 21.8385 -1.83848 -6.3
      vertex 22.0627 -1.58278 -6.3
    endloop
  endfacet
  facet normal 0 0 -1
    outer loop
      vertex 29 -12 -6.3
      vertex 21.5828 -2.06272 -6.3
      vertex 21.8385 -1.83848 -6.3
    endloop
  endfacet
  facet normal 0 0 -1
    outer loop
      vertex 29 -12 -6.3
      vertex 21.3 -2.25167 -6.3
      vertex 21.5828 -2.06272 -6.3
    endloop
  endfacet
  facet normal 0 0 -1
    outer loop
      vertex 29 -12 -6.3
      vertex 20.995 -2.40209 -6.3
      vertex 21.3 -2.25167 -6.3
    endloop
  endfacet
  facet normal 0 0 -1
    outer loop
      vertex 29 -12 -6.3
      vertex 20.6729 -2.51141 -6.3
      vertex 20.995 -2.40209 -6.3
    endloop
  endfacet
  facet normal 0 0 -1
    outer loop
      vertex 29 -12 -6.3
      vertex 20.3394 -2.57776 -6.3
      vertex 20.6729 -2.51141 -6.3
    endloop
  endfacet
  facet normal 0 0 -1
    outer loop
      vertex 29 -12 -6.3
      vertex 20 -2.6 -6.3
      vertex 20.3394 -2.57776 -6.3
    endloop
  endfacet
  facet normal 0 0 -1
    outer loop
      vertex 11 -12 -6.3
      vertex 20 -2.6 -6.3
      vertex 29 -12 -6.3
    endloop
  endfacet
  facet normal -0 0 -1
    outer loop
      vertex 20 -2.6 -6.3
      vertex 11 -12 -6.3
      vertex 19.6606 -2.57776 -6.3
    endloop
  endfacet
  facet normal -0 0 -1
    outer loop
      vertex 19.6606 -2.57776 -6.3
      vertex 11 -12 -6.3
      vertex 19.3271 -2.51141 -6.3
    endloop
  endfacet
  facet normal -0 0 -1
    outer loop
      vertex 19.3271 -2.51141 -6.3
      vertex 11 -12 -6.3
      vertex 19.005 -2.40209 -6.3
    endloop
  endfacet
  facet normal -0 0 -1
    outer loop
      vertex 19.005 -2.40209 -6.3
      vertex 11 -12 -6.3
      vertex 18.7 -2.25167 -6.3
    endloop
  endfacet
  facet normal -0 0 -1
    outer loop
      vertex 18.7 -2.25167 -6.3
      vertex 11 -12 -6.3
      vertex 18.4172 -2.06272 -6.3
    endloop
  endfacet
  facet normal -0 0 -1
    outer loop
      vertex 17.4222 -0.339369 -6.3
      vertex 11 -12 -6.3
      vertex 17.4 0 -6.3
    endloop
  endfacet
  facet normal -0 0 -1
    outer loop
      vertex 17.4886 -0.67293 -6.3
      vertex 11 -12 -6.3
      vertex 17.4222 -0.339369 -6.3
    endloop
  endfacet
  facet normal -0 0 -1
    outer loop
      vertex 17.5979 -0.994977 -6.3
      vertex 11 -12 -6.3
      vertex 17.4886 -0.67293 -6.3
    endloop
  endfacet
  facet normal -0 0 -1
    outer loop
      vertex 17.7483 -1.3 -6.3
      vertex 11 -12 -6.3
      vertex 17.5979 -0.994977 -6.3
    endloop
  endfacet
  facet normal -0 0 -1
    outer loop
      vertex 17.9373 -1.58278 -6.3
      vertex 11 -12 -6.3
      vertex 17.7483 -1.3 -6.3
    endloop
  endfacet
  facet normal -0 0 -1
    outer loop
      vertex 18.1615 -1.83848 -6.3
      vertex 11 -12 -6.3
      vertex 17.9373 -1.58278 -6.3
    endloop
  endfacet
  facet normal -0 0 -1
    outer loop
      vertex 18.4172 -2.06272 -6.3
      vertex 11 -12 -6.3
      vertex 18.1615 -1.83848 -6.3
    endloop
  endfacet
  facet normal 0 0 -1
    outer loop
      vertex 22.5778 0.339368 -6.3
      vertex 29 12 -6.3
      vertex 22.6 0 -6.3
    endloop
  endfacet
  facet normal 0 0 -1
    outer loop
      vertex 22.5114 0.672929 -6.3
      vertex 29 12 -6.3
      vertex 22.5778 0.339368 -6.3
    endloop
  endfacet
  facet normal 0 0 -1
    outer loop
      vertex 22.4021 0.994976 -6.3
      vertex 29 12 -6.3
      vertex 22.5114 0.672929 -6.3
    endloop
  endfacet
  facet normal 0 0 -1
    outer loop
      vertex 22.2517 1.3 -6.3
      vertex 29 12 -6.3
      vertex 22.4021 0.994976 -6.3
    endloop
  endfacet
  facet normal 0 0 -1
    outer loop
      vertex 22.0627 1.58278 -6.3
      vertex 29 12 -6.3
      vertex 22.2517 1.3 -6.3
    endloop
  endfacet
  facet normal 0 0 -1
    outer loop
      vertex 21.8385 1.83848 -6.3
      vertex 29 12 -6.3
      vertex 22.0627 1.58278 -6.3
    endloop
  endfacet
  facet normal 0 0 -1
    outer loop
      vertex 21.5828 2.06272 -6.3
      vertex 29 12 -6.3
      vertex 21.8385 1.83848 -6.3
    endloop
  endfacet
  facet normal 0 0 -1
    outer loop
      vertex 21.3 2.25167 -6.3
      vertex 29 12 -6.3
      vertex 21.5828 2.06272 -6.3
    endloop
  endfacet
  facet normal 0 0 -1
    outer loop
      vertex 20.995 2.40209 -6.3
      vertex 29 12 -6.3
      vertex 21.3 2.25167 -6.3
    endloop
  endfacet
  facet normal 0 0 -1
    outer loop
      vertex 20.6729 2.51141 -6.3
      vertex 29 12 -6.3
      vertex 20.995 2.40209 -6.3
    endloop
  endfacet
  facet normal 0 0 -1
    outer loop
      vertex 20.3394 2.57776 -6.3
      vertex 29 12 -6.3
      vertex 20.6729 2.51141 -6.3
    endloop
  endfacet
  facet normal 0 0 -1
    outer loop
      vertex 20 2.6 -6.3
      vertex 29 12 -6.3
      vertex 20.3394 2.57776 -6.3
    endloop
  endfacet
  facet normal 0 0 -1
    outer loop
      vertex 11 12 -6.3
      vertex 20 2.6 -6.3
      vertex 19.6606 2.57776 -6.3
    endloop
  endfacet
  facet normal 0 0 -1
    outer loop
      vertex 11 12 -6.3
      vertex 19.6606 2.57776 -6.3
      vertex 19.3271 2.51141 -6.3
    endloop
  endfacet
  facet normal 0 0 -1
    outer loop
      vertex 11 12 -6.3
      vertex 19.3271 2.51141 -6.3
      vertex 19.005 2.40209 -6.3
    endloop
  endfacet
  facet normal 0 0 -1
    outer loop
      vertex 11 12 -6.3
      vertex 19.005 2.40209 -6.3
      vertex 18.7 2.25167 -6.3
    endloop
  endfacet
  facet normal 0 0 -1
    outer loop
      vertex 11 12 -6.3
      vertex 18.7 2.25167 -6.3
      vertex 18.4172 2.06272 -6.3
    endloop
  endfacet
  facet normal 0 0 -1
    outer loop
      vertex 11 12 -6.3
      vertex 18.4172 2.06272 -6.3
      vertex 18.1615 1.83848 -6.3
    endloop
  endfacet
  facet normal 0 0 -1
    outer loop
      vertex 11 12 -6.3
      vertex 17.4 0 -6.3
      vertex 11 -12 -6.3
    endloop
  endfacet
  facet normal 0 0 -1
    outer loop
      vertex 17.4 0 -6.3
      vertex 11 12 -6.3
      vertex 17.4222 0.339368 -6.3
    endloop
  endfacet
  facet normal 0 0 -1
    outer loop
      vertex 17.4222 0.339368 -6.3
      vertex 11 12 -6.3
      vertex 17.4886 0.672929 -6.3
    endloop
  endfacet
  facet normal 0 0 -1
    outer loop
      vertex 17.4886 0.672929 -6.3
      vertex 11 12 -6.3
      vertex 17.5979 0.994976 -6.3
    endloop
  endfacet
  facet normal 0 0 -1
    outer loop
      vertex 20 2.6 -6.3
      vertex 11 12 -6.3
      vertex 29 12 -6.3
    endloop
  endfacet
  facet normal 0 0 -1
    outer loop
      vertex 17.9373 1.58278 -6.3
      vertex 11 12 -6.3
      vertex 18.1615 1.83848 -6.3
    endloop
  endfacet
  facet normal 0 0 -1
    outer loop
      vertex 17.7483 1.3 -6.3
      vertex 11 12 -6.3
      vertex 17.9373 1.58278 -6.3
    endloop
  endfacet
  facet normal 0 0 -1
    outer loop
      vertex 17.5979 0.994976 -6.3
      vertex 11 12 -6.3
      vertex 17.7483 1.3 -6.3
    endloop
  endfacet
  facet normal -1 0 0
    outer loop
      vertex 11 -12 -6.3
      vertex 11 12 0
      vertex 11 12 -6.3
    endloop
  endfacet
  facet normal -1 -0 0
    outer loop
      vertex 11 12 0
      vertex 11 -12 -6.3
      vertex 11 -12 0
    endloop
  endfacet
  facet normal 0 1 -0
    outer loop
      vertex 29 12 -6.3
      vertex 11 12 0
      vertex 29 12 0
    endloop
  endfacet
  facet normal 0 1 0
    outer loop
      vertex 11 12 0
      vertex 29 12 -6.3
      vertex 11 12 -6.3
    endloop
  endfacet
  facet normal 0 -1 0
    outer loop
      vertex 11 -12 -6.3
      vertex 29 -12 0
      vertex 11 -12 0
    endloop
  endfacet
  facet normal 0 -1 -0
    outer loop
      vertex 29 -12 0
      vertex 11 -12 -6.3
      vertex 29 -12 -6.3
    endloop
  endfacet
  facet normal -0.442314 0.89686 0
    outer loop
      vertex 21.3 -2.25167 -6.3
      vertex 20.995 -2.40209 0
      vertex 21.3 -2.25167 0
    endloop
  endfacet
  facet normal -0.442314 0.89686 0
    outer loop
      vertex 20.995 -2.40209 0
      vertex 21.3 -2.25167 -6.3
      vertex 20.995 -2.40209 -6.3
    endloop
  endfacet
  facet normal 0.997867 -0.0652762 1.2955e-19
    outer loop
      vertex 17.4 0 0
      vertex 17.4222 0.339368 -6.3
      vertex 17.4222 0.339368 0
    endloop
  endfacet
  facet normal 0.997867 -0.0652762 1.2955e-19
    outer loop
      vertex 17.4222 0.339368 -6.3
      vertex 17.4 0 0
      vertex 17.4 0 -6.3
    endloop
  endfacet
  facet normal -0.555548 -0.831484 0
    outer loop
      vertex 21.3 2.25167 -6.3
      vertex 21.5828 2.06272 0
      vertex 21.3 2.25167 0
    endloop
  endfacet
  facet normal -0.555548 -0.831484 -0
    outer loop
      vertex 21.5828 2.06272 0
      vertex 21.3 2.25167 -6.3
      vertex 21.5828 2.06272 -6.3
    endloop
  endfacet
  facet normal -0.751902 -0.659275 -3.20432e-19
    outer loop
      vertex 22.0627 1.58278 -6.3
      vertex 21.8385 1.83848 0
      vertex 21.8385 1.83848 -6.3
    endloop
  endfacet
  facet normal -0.751902 -0.659275 -3.20432e-19
    outer loop
      vertex 21.8385 1.83848 0
      vertex 22.0627 1.58278 -6.3
      vertex 22.0627 1.58278 0
    endloop
  endfacet
  facet normal -0.321391 0.946946 0
    outer loop
      vertex 20.995 -2.40209 -6.3
      vertex 20.6729 -2.51141 0
      vertex 20.995 -2.40209 0
    endloop
  endfacet
  facet normal -0.321391 0.946946 0
    outer loop
      vertex 20.6729 -2.51141 0
      vertex 20.995 -2.40209 -6.3
      vertex 20.6729 -2.51141 -6.3
    endloop
  endfacet
  facet normal 0.195126 -0.980778 0
    outer loop
      vertex 19.3271 2.51141 -6.3
      vertex 19.6606 2.57776 0
      vertex 19.3271 2.51141 0
    endloop
  endfacet
  facet normal 0.195126 -0.980778 0
    outer loop
      vertex 19.6606 2.57776 0
      vertex 19.3271 2.51141 -6.3
      vertex 19.6606 2.57776 -6.3
    endloop
  endfacet
  facet normal 0.0653872 -0.99786 0
    outer loop
      vertex 19.6606 2.57776 -6.3
      vertex 20 2.6 0
      vertex 19.6606 2.57776 0
    endloop
  endfacet
  facet normal 0.0653872 -0.99786 0
    outer loop
      vertex 20 2.6 0
      vertex 19.6606 2.57776 -6.3
      vertex 20 2.6 -6.3
    endloop
  endfacet
  facet normal -0.659341 0.751844 0
    outer loop
      vertex 21.8385 -1.83848 -6.3
      vertex 21.5828 -2.06272 0
      vertex 21.8385 -1.83848 0
    endloop
  endfacet
  facet normal -0.659341 0.751844 0
    outer loop
      vertex 21.5828 -2.06272 0
      vertex 21.8385 -1.83848 -6.3
      vertex 21.5828 -2.06272 -6.3
    endloop
  endfacet
  facet normal -0.997867 -0.0652762 -1.2955e-19
    outer loop
      vertex 22.6 0 -6.3
      vertex 22.5778 0.339368 0
      vertex 22.5778 0.339368 -6.3
    endloop
  endfacet
  facet normal -0.997867 -0.0652762 -1.2955e-19
    outer loop
      vertex 22.5778 0.339368 0
      vertex 22.6 0 -6.3
      vertex 22.6 0 0
    endloop
  endfacet
  facet normal 0.442314 -0.89686 0
    outer loop
      vertex 18.7 2.25167 -6.3
      vertex 19.005 2.40209 0
      vertex 18.7 2.25167 0
    endloop
  endfacet
  facet normal 0.442314 -0.89686 0
    outer loop
      vertex 19.005 2.40209 0
      vertex 18.7 2.25167 -6.3
      vertex 19.005 2.40209 -6.3
    endloop
  endfacet
  facet normal 0.321391 0.946946 -0
    outer loop
      vertex 19.3271 -2.51141 -6.3
      vertex 19.005 -2.40209 0
      vertex 19.3271 -2.51141 0
    endloop
  endfacet
  facet normal 0.321391 0.946946 0
    outer loop
      vertex 19.005 -2.40209 0
      vertex 19.3271 -2.51141 -6.3
      vertex 19.005 -2.40209 -6.3
    endloop
  endfacet
  facet normal 0.0653872 0.99786 -0
    outer loop
      vertex 20 -2.6 -6.3
      vertex 19.6606 -2.57776 0
      vertex 20 -2.6 0
    endloop
  endfacet
  facet normal 0.0653872 0.99786 0
    outer loop
      vertex 19.6606 -2.57776 0
      vertex 20 -2.6 -6.3
      vertex 19.6606 -2.57776 -6.3
    endloop
  endfacet
  facet normal 0.321391 -0.946946 0
    outer loop
      vertex 19.005 2.40209 -6.3
      vertex 19.3271 2.51141 0
      vertex 19.005 2.40209 0
    endloop
  endfacet
  facet normal 0.321391 -0.946946 0
    outer loop
      vertex 19.3271 2.51141 0
      vertex 19.005 2.40209 -6.3
      vertex 19.3271 2.51141 -6.3
    endloop
  endfacet
  facet normal 0.997867 0.065276 3.68348e-20
    outer loop
      vertex 17.4222 -0.339369 0
      vertex 17.4 0 -6.3
      vertex 17.4 0 0
    endloop
  endfacet
  facet normal 0.997867 0.065276 3.68348e-20
    outer loop
      vertex 17.4 0 -6.3
      vertex 17.4222 -0.339369 0
      vertex 17.4222 -0.339369 -6.3
    endloop
  endfacet
  facet normal -0.980757 -0.195233 -3.29917e-19
    outer loop
      vertex 22.5778 0.339368 -6.3
      vertex 22.5114 0.672929 0
      vertex 22.5114 0.672929 -6.3
    endloop
  endfacet
  facet normal -0.980757 -0.195233 -3.29917e-19
    outer loop
      vertex 22.5114 0.672929 0
      vertex 22.5778 0.339368 -6.3
      vertex 22.5778 0.339368 0
    endloop
  endfacet
  facet normal 0.442314 0.89686 -0
    outer loop
      vertex 19.005 -2.40209 -6.3
      vertex 18.7 -2.25167 0
      vertex 19.005 -2.40209 0
    endloop
  endfacet
  facet normal 0.442314 0.89686 0
    outer loop
      vertex 18.7 -2.25167 0
      vertex 19.005 -2.40209 -6.3
      vertex 18.7 -2.25167 -6.3
    endloop
  endfacet
  facet normal -0.946948 -0.321386 1.42484e-18
    outer loop
      vertex 22.5114 0.672929 -6.3
      vertex 22.4021 0.994976 0
      vertex 22.4021 0.994976 -6.3
    endloop
  endfacet
  facet normal -0.946948 -0.321386 1.42484e-18
    outer loop
      vertex 22.4021 0.994976 0
      vertex 22.5114 0.672929 -6.3
      vertex 22.5114 0.672929 0
    endloop
  endfacet
  facet normal -0.555548 0.831484 0
    outer loop
      vertex 21.5828 -2.06272 -6.3
      vertex 21.3 -2.25167 0
      vertex 21.5828 -2.06272 0
    endloop
  endfacet
  facet normal -0.555548 0.831484 0
    outer loop
      vertex 21.3 -2.25167 0
      vertex 21.5828 -2.06272 -6.3
      vertex 21.3 -2.25167 -6.3
    endloop
  endfacet
  facet normal -0.0653872 0.99786 0
    outer loop
      vertex 20.3394 -2.57776 -6.3
      vertex 20 -2.6 0
      vertex 20.3394 -2.57776 0
    endloop
  endfacet
  facet normal -0.0653872 0.99786 0
    outer loop
      vertex 20 -2.6 0
      vertex 20.3394 -2.57776 -6.3
      vertex 20 -2.6 -6.3
    endloop
  endfacet
  facet normal 0.896897 -0.442239 1.53045e-18
    outer loop
      vertex 17.5979 0.994976 0
      vertex 17.7483 1.3 -6.3
      vertex 17.7483 1.3 0
    endloop
  endfacet
  facet normal 0.896897 -0.442239 1.53045e-18
    outer loop
      vertex 17.7483 1.3 -6.3
      vertex 17.5979 0.994976 0
      vertex 17.5979 0.994976 -6.3
    endloop
  endfacet
  facet normal -0.980757 0.195233 4.30956e-19
    outer loop
      vertex 22.5114 -0.67293 -6.3
      vertex 22.5778 -0.339369 0
      vertex 22.5778 -0.339369 -6.3
    endloop
  endfacet
  facet normal -0.980757 0.195233 4.30956e-19
    outer loop
      vertex 22.5778 -0.339369 0
      vertex 22.5114 -0.67293 -6.3
      vertex 22.5114 -0.67293 0
    endloop
  endfacet
  facet normal 0.195126 0.980778 -0
    outer loop
      vertex 19.6606 -2.57776 -6.3
      vertex 19.3271 -2.51141 0
      vertex 19.6606 -2.57776 0
    endloop
  endfacet
  facet normal 0.195126 0.980778 0
    outer loop
      vertex 19.3271 -2.51141 0
      vertex 19.6606 -2.57776 -6.3
      vertex 19.3271 -2.51141 -6.3
    endloop
  endfacet
  facet normal -0.946948 0.321386 -1.42484e-18
    outer loop
      vertex 22.4021 -0.994977 -6.3
      vertex 22.5114 -0.67293 0
      vertex 22.5114 -0.67293 -6.3
    endloop
  endfacet
  facet normal -0.946948 0.321386 -1.42484e-18
    outer loop
      vertex 22.5114 -0.67293 0
      vertex 22.4021 -0.994977 -6.3
      vertex 22.4021 -0.994977 0
    endloop
  endfacet
  facet normal -0.0653872 -0.99786 0
    outer loop
      vertex 20 2.6 -6.3
      vertex 20.3394 2.57776 0
      vertex 20 2.6 0
    endloop
  endfacet
  facet normal -0.0653872 -0.99786 -0
    outer loop
      vertex 20.3394 2.57776 0
      vertex 20 2.6 -6.3
      vertex 20.3394 2.57776 -6.3
    endloop
  endfacet
  facet normal -0.831398 -0.555677 -3.51459e-19
    outer loop
      vertex 22.2517 1.3 -6.3
      vertex 22.0627 1.58278 0
      vertex 22.0627 1.58278 -6.3
    endloop
  endfacet
  facet normal -0.831398 -0.555677 -3.51459e-19
    outer loop
      vertex 22.0627 1.58278 0
      vertex 22.2517 1.3 -6.3
      vertex 22.2517 1.3 0
    endloop
  endfacet
  facet normal -0.321391 -0.946946 0
    outer loop
      vertex 20.6729 2.51141 -6.3
      vertex 20.995 2.40209 0
      vertex 20.6729 2.51141 0
    endloop
  endfacet
  facet normal -0.321391 -0.946946 -0
    outer loop
      vertex 20.995 2.40209 0
      vertex 20.6729 2.51141 -6.3
      vertex 20.995 2.40209 -6.3
    endloop
  endfacet
  facet normal 0.980757 -0.195233 3.29917e-19
    outer loop
      vertex 17.4222 0.339368 0
      vertex 17.4886 0.672929 -6.3
      vertex 17.4886 0.672929 0
    endloop
  endfacet
  facet normal 0.980757 -0.195233 3.29917e-19
    outer loop
      vertex 17.4886 0.672929 -6.3
      vertex 17.4222 0.339368 0
      vertex 17.4222 0.339368 -6.3
    endloop
  endfacet
  facet normal -0.997867 0.065276 -3.68348e-20
    outer loop
      vertex 22.5778 -0.339369 -6.3
      vertex 22.6 0 0
      vertex 22.6 0 -6.3
    endloop
  endfacet
  facet normal -0.997867 0.065276 -3.68348e-20
    outer loop
      vertex 22.6 0 0
      vertex 22.5778 -0.339369 -6.3
      vertex 22.5778 -0.339369 0
    endloop
  endfacet
  facet normal 0.555548 -0.831484 0
    outer loop
      vertex 18.4172 2.06272 -6.3
      vertex 18.7 2.25167 0
      vertex 18.4172 2.06272 0
    endloop
  endfacet
  facet normal 0.555548 -0.831484 0
    outer loop
      vertex 18.7 2.25167 0
      vertex 18.4172 2.06272 -6.3
      vertex 18.7 2.25167 -6.3
    endloop
  endfacet
  facet normal 0.946948 0.321386 1.42484e-18
    outer loop
      vertex 17.5979 -0.994977 0
      vertex 17.4886 -0.67293 -6.3
      vertex 17.4886 -0.67293 0
    endloop
  endfacet
  facet normal 0.946948 0.321386 1.42484e-18
    outer loop
      vertex 17.4886 -0.67293 -6.3
      vertex 17.5979 -0.994977 0
      vertex 17.5979 -0.994977 -6.3
    endloop
  endfacet
  facet normal -0.831398 0.555677 3.51459e-19
    outer loop
      vertex 22.0627 -1.58278 -6.3
      vertex 22.2517 -1.3 0
      vertex 22.2517 -1.3 -6.3
    endloop
  endfacet
  facet normal -0.831398 0.555677 3.51459e-19
    outer loop
      vertex 22.2517 -1.3 0
      vertex 22.0627 -1.58278 -6.3
      vertex 22.0627 -1.58278 0
    endloop
  endfacet
  facet normal -0.896897 0.44224 7.78536e-19
    outer loop
      vertex 22.2517 -1.3 -6.3
      vertex 22.4021 -0.994977 0
      vertex 22.4021 -0.994977 -6.3
    endloop
  endfacet
  facet normal -0.896897 0.44224 7.78536e-19
    outer loop
      vertex 22.4021 -0.994977 0
      vertex 22.2517 -1.3 -6.3
      vertex 22.2517 -1.3 0
    endloop
  endfacet
  facet normal 0.751902 -0.659275 3.20432e-19
    outer loop
      vertex 17.9373 1.58278 0
      vertex 18.1615 1.83848 -6.3
      vertex 18.1615 1.83848 0
    endloop
  endfacet
  facet normal 0.751902 -0.659275 3.20432e-19
    outer loop
      vertex 18.1615 1.83848 -6.3
      vertex 17.9373 1.58278 0
      vertex 17.9373 1.58278 -6.3
    endloop
  endfacet
  facet normal 0.751902 0.659275 -3.20432e-19
    outer loop
      vertex 18.1615 -1.83848 0
      vertex 17.9373 -1.58278 -6.3
      vertex 17.9373 -1.58278 0
    endloop
  endfacet
  facet normal 0.751902 0.659275 -3.20432e-19
    outer loop
      vertex 17.9373 -1.58278 -6.3
      vertex 18.1615 -1.83848 0
      vertex 18.1615 -1.83848 -6.3
    endloop
  endfacet
  facet normal 0.831398 0.555677 -3.51459e-19
    outer loop
      vertex 17.9373 -1.58278 0
      vertex 17.7483 -1.3 -6.3
      vertex 17.7483 -1.3 0
    endloop
  endfacet
  facet normal 0.831398 0.555677 -3.51459e-19
    outer loop
      vertex 17.7483 -1.3 -6.3
      vertex 17.9373 -1.58278 0
      vertex 17.9373 -1.58278 -6.3
    endloop
  endfacet
  facet normal 0.980757 0.195233 -4.30956e-19
    outer loop
      vertex 17.4886 -0.67293 0
      vertex 17.4222 -0.339369 -6.3
      vertex 17.4222 -0.339369 0
    endloop
  endfacet
  facet normal 0.980757 0.195233 -4.30956e-19
    outer loop
      vertex 17.4222 -0.339369 -6.3
      vertex 17.4886 -0.67293 0
      vertex 17.4886 -0.67293 -6.3
    endloop
  endfacet
  facet normal -0.195126 0.980778 0
    outer loop
      vertex 20.6729 -2.51141 -6.3
      vertex 20.3394 -2.57776 0
      vertex 20.6729 -2.51141 0
    endloop
  endfacet
  facet normal -0.195126 0.980778 0
    outer loop
      vertex 20.3394 -2.57776 0
      vertex 20.6729 -2.51141 -6.3
      vertex 20.3394 -2.57776 -6.3
    endloop
  endfacet
  facet normal -0.195126 -0.980778 0
    outer loop
      vertex 20.3394 2.57776 -6.3
      vertex 20.6729 2.51141 0
      vertex 20.3394 2.57776 0
    endloop
  endfacet
  facet normal -0.195126 -0.980778 -0
    outer loop
      vertex 20.6729 2.51141 0
      vertex 20.3394 2.57776 -6.3
      vertex 20.6729 2.51141 -6.3
    endloop
  endfacet
  facet normal 0.946948 -0.321386 -1.42484e-18
    outer loop
      vertex 17.4886 0.672929 0
      vertex 17.5979 0.994976 -6.3
      vertex 17.5979 0.994976 0
    endloop
  endfacet
  facet normal 0.946948 -0.321386 -1.42484e-18
    outer loop
      vertex 17.5979 0.994976 -6.3
      vertex 17.4886 0.672929 0
      vertex 17.4886 0.672929 -6.3
    endloop
  endfacet
  facet normal -0.659341 -0.751844 0
    outer loop
      vertex 21.5828 2.06272 -6.3
      vertex 21.8385 1.83848 0
      vertex 21.5828 2.06272 0
    endloop
  endfacet
  facet normal -0.659341 -0.751844 -0
    outer loop
      vertex 21.8385 1.83848 0
      vertex 21.5828 2.06272 -6.3
      vertex 21.8385 1.83848 -6.3
    endloop
  endfacet
  facet normal -0.442314 -0.89686 0
    outer loop
      vertex 20.995 2.40209 -6.3
      vertex 21.3 2.25167 0
      vertex 20.995 2.40209 0
    endloop
  endfacet
  facet normal -0.442314 -0.89686 -0
    outer loop
      vertex 21.3 2.25167 0
      vertex 20.995 2.40209 -6.3
      vertex 21.3 2.25167 -6.3
    endloop
  endfacet
  facet normal -0.896897 -0.442239 -1.53045e-18
    outer loop
      vertex 22.4021 0.994976 -6.3
      vertex 22.2517 1.3 0
      vertex 22.2517 1.3 -6.3
    endloop
  endfacet
  facet normal -0.896897 -0.442239 -1.53045e-18
    outer loop
      vertex 22.2517 1.3 0
      vertex 22.4021 0.994976 -6.3
      vertex 22.4021 0.994976 0
    endloop
  endfacet
  facet normal 0.896897 0.44224 -7.78536e-19
    outer loop
      vertex 17.7483 -1.3 0
      vertex 17.5979 -0.994977 -6.3
      vertex 17.5979 -0.994977 0
    endloop
  endfacet
  facet normal 0.896897 0.44224 -7.78536e-19
    outer loop
      vertex 17.5979 -0.994977 -6.3
      vertex 17.7483 -1.3 0
      vertex 17.7483 -1.3 -6.3
    endloop
  endfacet
  facet normal 0.659341 -0.751844 0
    outer loop
      vertex 18.1615 1.83848 -6.3
      vertex 18.4172 2.06272 0
      vertex 18.1615 1.83848 0
    endloop
  endfacet
  facet normal 0.659341 -0.751844 0
    outer loop
      vertex 18.4172 2.06272 0
      vertex 18.1615 1.83848 -6.3
      vertex 18.4172 2.06272 -6.3
    endloop
  endfacet
  facet normal 0.831398 -0.555677 3.51459e-19
    outer loop
      vertex 17.7483 1.3 0
      vertex 17.9373 1.58278 -6.3
      vertex 17.9373 1.58278 0
    endloop
  endfacet
  facet normal 0.831398 -0.555677 3.51459e-19
    outer loop
      vertex 17.9373 1.58278 -6.3
      vertex 17.7483 1.3 0
      vertex 17.7483 1.3 -6.3
    endloop
  endfacet
  facet normal 0.659341 0.751844 -0
    outer loop
      vertex 18.4172 -2.06272 -6.3
      vertex 18.1615 -1.83848 0
      vertex 18.4172 -2.06272 0
    endloop
  endfacet
  facet normal 0.659341 0.751844 0
    outer loop
      vertex 18.1615 -1.83848 0
      vertex 18.4172 -2.06272 -6.3
      vertex 18.1615 -1.83848 -6.3
    endloop
  endfacet
  facet normal -0.751902 0.659275 3.20432e-19
    outer loop
      vertex 21.8385 -1.83848 -6.3
      vertex 22.0627 -1.58278 0
      vertex 22.0627 -1.58278 -6.3
    endloop
  endfacet
  facet normal -0.751902 0.659275 3.20432e-19
    outer loop
      vertex 22.0627 -1.58278 0
      vertex 21.8385 -1.83848 -6.3
      vertex 21.8385 -1.83848 0
    endloop
  endfacet
  facet normal 0.555548 0.831484 -0
    outer loop
      vertex 18.7 -2.25167 -6.3
      vertex 18.4172 -2.06272 0
      vertex 18.7 -2.25167 0
    endloop
  endfacet
  facet normal 0.555548 0.831484 0
    outer loop
      vertex 18.4172 -2.06272 0
      vertex 18.7 -2.25167 -6.3
      vertex 18.4172 -2.06272 -6.3
    endloop
  endfacet
  facet normal 0.980786 0.195087 -1.56031e-18
    outer loop
      vertex -42.0513 -33.2168 0
      vertex -42.2044 -32.4471 -2
      vertex -42.2044 -32.4471 0
    endloop
  endfacet
  facet normal 0.980786 0.195087 -1.56031e-18
    outer loop
      vertex -42.2044 -32.4471 -2
      vertex -42.0513 -33.2168 0
      vertex -42.0513 -33.2168 -2
    endloop
  endfacet
  facet normal 0.997862 0.0653605 -1.72325e-18
    outer loop
      vertex -42 -34 0
      vertex -42.0513 -33.2168 -2
      vertex -42.0513 -33.2168 0
    endloop
  endfacet
  facet normal 0.997862 0.0653605 -1.72325e-18
    outer loop
      vertex -42.0513 -33.2168 -2
      vertex -42 -34 0
      vertex -42 -34 -2
    endloop
  endfacet
  facet normal 0.946923 0.32146 5.52278e-18
    outer loop
      vertex -42.2044 -32.4471 0
      vertex -42.4567 -31.7039 -2
      vertex -42.4567 -31.7039 0
    endloop
  endfacet
  facet normal 0.946923 0.32146 5.52278e-18
    outer loop
      vertex -42.4567 -31.7039 -2
      vertex -42.2044 -32.4471 0
      vertex -42.2044 -32.4471 -2
    endloop
  endfacet
  facet normal 0.831442 0.555611 1.00759e-17
    outer loop
      vertex -42.8038 -31 0
      vertex -43.2399 -30.3474 -2
      vertex -43.2399 -30.3474 0
    endloop
  endfacet
  facet normal 0.831442 0.555611 1.00759e-17
    outer loop
      vertex -43.2399 -30.3474 -2
      vertex -42.8038 -31 0
      vertex -42.8038 -31 -2
    endloop
  endfacet
  facet normal 0.980786 -0.195087 1.56031e-18
    outer loop
      vertex -42.2044 -35.5529 0
      vertex -42.0513 -34.7832 -2
      vertex -42.0513 -34.7832 0
    endloop
  endfacet
  facet normal 0.980786 -0.195087 1.56031e-18
    outer loop
      vertex -42.0513 -34.7832 -2
      vertex -42.2044 -35.5529 0
      vertex -42.2044 -35.5529 -2
    endloop
  endfacet
  facet normal -0.555611 0.831442 0
    outer loop
      vertex -51 -28.8038 -2
      vertex -51.6526 -29.2399 0
      vertex -51 -28.8038 0
    endloop
  endfacet
  facet normal -0.555611 0.831442 0
    outer loop
      vertex -51.6526 -29.2399 0
      vertex -51 -28.8038 -2
      vertex -51.6526 -29.2399 -2
    endloop
  endfacet
  facet normal 0.195087 0.980786 -0
    outer loop
      vertex -46.4471 -28.2044 -2
      vertex -47.2168 -28.0513 0
      vertex -46.4471 -28.2044 0
    endloop
  endfacet
  facet normal 0.195087 0.980786 0
    outer loop
      vertex -47.2168 -28.0513 0
      vertex -46.4471 -28.2044 -2
      vertex -47.2168 -28.0513 -2
    endloop
  endfacet
  facet normal 0.555611 -0.831442 0
    outer loop
      vertex -45 -39.1962 -2
      vertex -44.3474 -38.7601 0
      vertex -45 -39.1962 0
    endloop
  endfacet
  facet normal 0.555611 -0.831442 0
    outer loop
      vertex -44.3474 -38.7601 0
      vertex -45 -39.1962 -2
      vertex -44.3474 -38.7601 -2
    endloop
  endfacet
  facet normal 0.32146 0.946923 -0
    outer loop
      vertex -45.7039 -28.4567 -2
      vertex -46.4471 -28.2044 0
      vertex -45.7039 -28.4567 0
    endloop
  endfacet
  facet normal 0.32146 0.946923 0
    outer loop
      vertex -46.4471 -28.2044 0
      vertex -45.7039 -28.4567 -2
      vertex -46.4471 -28.2044 -2
    endloop
  endfacet
  facet normal 0.896885 -0.442263 5.11378e-18
    outer loop
      vertex -42.8038 -37 0
      vertex -42.4567 -36.2961 -2
      vertex -42.4567 -36.2961 0
    endloop
  endfacet
  facet normal 0.896885 -0.442263 5.11378e-18
    outer loop
      vertex -42.4567 -36.2961 -2
      vertex -42.8038 -37 0
      vertex -42.8038 -37 -2
    endloop
  endfacet
  facet normal 0.32146 -0.946923 0
    outer loop
      vertex -46.4471 -39.7956 -2
      vertex -45.7039 -39.5433 0
      vertex -46.4471 -39.7956 0
    endloop
  endfacet
  facet normal 0.32146 -0.946923 0
    outer loop
      vertex -45.7039 -39.5433 0
      vertex -46.4471 -39.7956 -2
      vertex -45.7039 -39.5433 -2
    endloop
  endfacet
  facet normal 0.896885 0.442263 4.98653e-18
    outer loop
      vertex -42.4567 -31.7039 0
      vertex -42.8038 -31 -2
      vertex -42.8038 -31 0
    endloop
  endfacet
  facet normal 0.896885 0.442263 4.98653e-18
    outer loop
      vertex -42.8038 -31 -2
      vertex -42.4567 -31.7039 0
      vertex -42.4567 -31.7039 -2
    endloop
  endfacet
  facet normal 0.659406 0.751787 -0
    outer loop
      vertex -43.7574 -29.7574 -2
      vertex -44.3474 -29.2399 0
      vertex -43.7574 -29.7574 0
    endloop
  endfacet
  facet normal 0.659406 0.751787 0
    outer loop
      vertex -44.3474 -29.2399 0
      vertex -43.7574 -29.7574 -2
      vertex -44.3474 -29.2399 -2
    endloop
  endfacet
  facet normal -0.980786 0.195087 1.56031e-18
    outer loop
      vertex -53.9487 -33.2168 -2
      vertex -53.7956 -32.4471 0
      vertex -53.7956 -32.4471 -2
    endloop
  endfacet
  facet normal -0.980786 0.195087 1.56031e-18
    outer loop
      vertex -53.7956 -32.4471 0
      vertex -53.9487 -33.2168 -2
      vertex -53.9487 -33.2168 0
    endloop
  endfacet
  facet normal -0.751787 0.659406 1.11475e-17
    outer loop
      vertex -52.7601 -30.3474 -2
      vertex -52.2426 -29.7574 0
      vertex -52.2426 -29.7574 -2
    endloop
  endfacet
  facet normal -0.751787 0.659406 1.11475e-17
    outer loop
      vertex -52.2426 -29.7574 0
      vertex -52.7601 -30.3474 -2
      vertex -52.7601 -30.3474 0
    endloop
  endfacet
  facet normal -0.946923 -0.32146 3.17222e-19
    outer loop
      vertex -53.5433 -36.2961 -2
      vertex -53.7956 -35.5529 0
      vertex -53.7956 -35.5529 -2
    endloop
  endfacet
  facet normal -0.946923 -0.32146 3.17222e-19
    outer loop
      vertex -53.7956 -35.5529 0
      vertex -53.5433 -36.2961 -2
      vertex -53.5433 -36.2961 0
    endloop
  endfacet
  facet normal 0.831442 -0.555611 -1.00759e-17
    outer loop
      vertex -43.2399 -37.6526 0
      vertex -42.8038 -37 -2
      vertex -42.8038 -37 0
    endloop
  endfacet
  facet normal 0.831442 -0.555611 -1.00759e-17
    outer loop
      vertex -42.8038 -37 -2
      vertex -43.2399 -37.6526 0
      vertex -43.2399 -37.6526 -2
    endloop
  endfacet
  facet normal 0.442263 0.896885 -0
    outer loop
      vertex -45 -28.8038 -2
      vertex -45.7039 -28.4567 0
      vertex -45 -28.8038 0
    endloop
  endfacet
  facet normal 0.442263 0.896885 0
    outer loop
      vertex -45.7039 -28.4567 0
      vertex -45 -28.8038 -2
      vertex -45.7039 -28.4567 -2
    endloop
  endfacet
  facet normal -0.659406 0.751787 0
    outer loop
      vertex -51.6526 -29.2399 -2
      vertex -52.2426 -29.7574 0
      vertex -51.6526 -29.2399 0
    endloop
  endfacet
  facet normal -0.659406 0.751787 0
    outer loop
      vertex -52.2426 -29.7574 0
      vertex -51.6526 -29.2399 -2
      vertex -52.2426 -29.7574 -2
    endloop
  endfacet
  facet normal -0.442263 0.896885 0
    outer loop
      vertex -50.2961 -28.4567 -2
      vertex -51 -28.8038 0
      vertex -50.2961 -28.4567 0
    endloop
  endfacet
  facet normal -0.442263 0.896885 0
    outer loop
      vertex -51 -28.8038 0
      vertex -50.2961 -28.4567 -2
      vertex -51 -28.8038 -2
    endloop
  endfacet
  facet normal 0.751787 -0.659406 1.53915e-17
    outer loop
      vertex -43.7574 -38.2426 0
      vertex -43.2399 -37.6526 -2
      vertex -43.2399 -37.6526 0
    endloop
  endfacet
  facet normal 0.751787 -0.659406 1.53915e-17
    outer loop
      vertex -43.2399 -37.6526 -2
      vertex -43.7574 -38.2426 0
      vertex -43.7574 -38.2426 -2
    endloop
  endfacet
  facet normal -0.946923 0.32146 -5.52278e-18
    outer loop
      vertex -53.7956 -32.4471 -2
      vertex -53.5433 -31.7039 0
      vertex -53.5433 -31.7039 -2
    endloop
  endfacet
  facet normal -0.946923 0.32146 -5.52278e-18
    outer loop
      vertex -53.5433 -31.7039 0
      vertex -53.7956 -32.4471 -2
      vertex -53.7956 -32.4471 0
    endloop
  endfacet
  facet normal -0.195087 0.980786 0
    outer loop
      vertex -48.7832 -28.0513 -2
      vertex -49.5529 -28.2044 0
      vertex -48.7832 -28.0513 0
    endloop
  endfacet
  facet normal -0.195087 0.980786 0
    outer loop
      vertex -49.5529 -28.2044 0
      vertex -48.7832 -28.0513 -2
      vertex -49.5529 -28.2044 -2
    endloop
  endfacet
  facet normal 0.442263 -0.896885 0
    outer loop
      vertex -45.7039 -39.5433 -2
      vertex -45 -39.1962 0
      vertex -45.7039 -39.5433 0
    endloop
  endfacet
  facet normal 0.442263 -0.896885 0
    outer loop
      vertex -45 -39.1962 0
      vertex -45.7039 -39.5433 -2
      vertex -45 -39.1962 -2
    endloop
  endfacet
  facet normal -0.32146 0.946923 0
    outer loop
      vertex -49.5529 -28.2044 -2
      vertex -50.2961 -28.4567 0
      vertex -49.5529 -28.2044 0
    endloop
  endfacet
  facet normal -0.32146 0.946923 0
    outer loop
      vertex -50.2961 -28.4567 0
      vertex -49.5529 -28.2044 -2
      vertex -50.2961 -28.4567 -2
    endloop
  endfacet
  facet normal -0.997862 0.0653605 1.72325e-18
    outer loop
      vertex -54 -34 -2
      vertex -53.9487 -33.2168 0
      vertex -53.9487 -33.2168 -2
    endloop
  endfacet
  facet normal -0.997862 0.0653605 1.72325e-18
    outer loop
      vertex -53.9487 -33.2168 0
      vertex -54 -34 -2
      vertex -54 -34 0
    endloop
  endfacet
  facet normal 0.946923 -0.32146 -3.17222e-19
    outer loop
      vertex -42.4567 -36.2961 0
      vertex -42.2044 -35.5529 -2
      vertex -42.2044 -35.5529 0
    endloop
  endfacet
  facet normal 0.946923 -0.32146 -3.17222e-19
    outer loop
      vertex -42.2044 -35.5529 -2
      vertex -42.4567 -36.2961 0
      vertex -42.4567 -36.2961 -2
    endloop
  endfacet
  facet normal 0.555611 0.831442 -0
    outer loop
      vertex -44.3474 -29.2399 -2
      vertex -45 -28.8038 0
      vertex -44.3474 -29.2399 0
    endloop
  endfacet
  facet normal 0.555611 0.831442 0
    outer loop
      vertex -45 -28.8038 0
      vertex -44.3474 -29.2399 -2
      vertex -45 -28.8038 -2
    endloop
  endfacet
  facet normal 0.659406 -0.751787 0
    outer loop
      vertex -44.3474 -38.7601 -2
      vertex -43.7574 -38.2426 0
      vertex -44.3474 -38.7601 0
    endloop
  endfacet
  facet normal 0.659406 -0.751787 0
    outer loop
      vertex -43.7574 -38.2426 0
      vertex -44.3474 -38.7601 -2
      vertex -43.7574 -38.2426 -2
    endloop
  endfacet
  facet normal -0.980786 -0.195087 -1.56031e-18
    outer loop
      vertex -53.7956 -35.5529 -2
      vertex -53.9487 -34.7832 0
      vertex -53.9487 -34.7832 -2
    endloop
  endfacet
  facet normal -0.980786 -0.195087 -1.56031e-18
    outer loop
      vertex -53.9487 -34.7832 0
      vertex -53.7956 -35.5529 -2
      vertex -53.7956 -35.5529 0
    endloop
  endfacet
  facet normal -0.831442 0.555611 -1.00759e-17
    outer loop
      vertex -53.1962 -31 -2
      vertex -52.7601 -30.3474 0
      vertex -52.7601 -30.3474 -2
    endloop
  endfacet
  facet normal -0.831442 0.555611 -1.00759e-17
    outer loop
      vertex -52.7601 -30.3474 0
      vertex -53.1962 -31 -2
      vertex -53.1962 -31 0
    endloop
  endfacet
  facet normal 0.195087 -0.980786 0
    outer loop
      vertex -47.2168 -39.9487 -2
      vertex -46.4471 -39.7956 0
      vertex -47.2168 -39.9487 0
    endloop
  endfacet
  facet normal 0.195087 -0.980786 0
    outer loop
      vertex -46.4471 -39.7956 0
      vertex -47.2168 -39.9487 -2
      vertex -46.4471 -39.7956 -2
    endloop
  endfacet
  facet normal -0.442263 -0.896885 0
    outer loop
      vertex -51 -39.1962 -2
      vertex -50.2961 -39.5433 0
      vertex -51 -39.1962 0
    endloop
  endfacet
  facet normal -0.442263 -0.896885 -0
    outer loop
      vertex -50.2961 -39.5433 0
      vertex -51 -39.1962 -2
      vertex -50.2961 -39.5433 -2
    endloop
  endfacet
  facet normal 0.0653605 -0.997862 0
    outer loop
      vertex -48 -40 -2
      vertex -47.2168 -39.9487 0
      vertex -48 -40 0
    endloop
  endfacet
  facet normal 0.0653605 -0.997862 0
    outer loop
      vertex -47.2168 -39.9487 0
      vertex -48 -40 -2
      vertex -47.2168 -39.9487 -2
    endloop
  endfacet
  facet normal -0.0653605 -0.997862 0
    outer loop
      vertex -48.7832 -39.9487 -2
      vertex -48 -40 0
      vertex -48.7832 -39.9487 0
    endloop
  endfacet
  facet normal -0.0653605 -0.997862 -0
    outer loop
      vertex -48 -40 0
      vertex -48.7832 -39.9487 -2
      vertex -48 -40 -2
    endloop
  endfacet
  facet normal -0.896885 -0.442263 -5.11378e-18
    outer loop
      vertex -53.1962 -37 -2
      vertex -53.5433 -36.2961 0
      vertex -53.5433 -36.2961 -2
    endloop
  endfacet
  facet normal -0.896885 -0.442263 -5.11378e-18
    outer loop
      vertex -53.5433 -36.2961 0
      vertex -53.1962 -37 -2
      vertex -53.1962 -37 0
    endloop
  endfacet
  facet normal -0.0653605 0.997862 0
    outer loop
      vertex -48 -28 -2
      vertex -48.7832 -28.0513 0
      vertex -48 -28 0
    endloop
  endfacet
  facet normal -0.0653605 0.997862 0
    outer loop
      vertex -48.7832 -28.0513 0
      vertex -48 -28 -2
      vertex -48.7832 -28.0513 -2
    endloop
  endfacet
  facet normal 0.0653605 0.997862 -0
    outer loop
      vertex -47.2168 -28.0513 -2
      vertex -48 -28 0
      vertex -47.2168 -28.0513 0
    endloop
  endfacet
  facet normal 0.0653605 0.997862 0
    outer loop
      vertex -48 -28 0
      vertex -47.2168 -28.0513 -2
      vertex -48 -28 -2
    endloop
  endfacet
  facet normal 0.997862 -0.0653605 1.72325e-18
    outer loop
      vertex -42.0513 -34.7832 0
      vertex -42 -34 -2
      vertex -42 -34 0
    endloop
  endfacet
  facet normal 0.997862 -0.0653605 1.72325e-18
    outer loop
      vertex -42 -34 -2
      vertex -42.0513 -34.7832 0
      vertex -42.0513 -34.7832 -2
    endloop
  endfacet
  facet normal 0.751787 0.659406 -1.11475e-17
    outer loop
      vertex -43.2399 -30.3474 0
      vertex -43.7574 -29.7574 -2
      vertex -43.7574 -29.7574 0
    endloop
  endfacet
  facet normal 0.751787 0.659406 -1.11475e-17
    outer loop
      vertex -43.7574 -29.7574 -2
      vertex -43.2399 -30.3474 0
      vertex -43.2399 -30.3474 -2
    endloop
  endfacet
  facet normal -0.997862 -0.0653605 -1.72325e-18
    outer loop
      vertex -53.9487 -34.7832 -2
      vertex -54 -34 0
      vertex -54 -34 -2
    endloop
  endfacet
  facet normal -0.997862 -0.0653605 -1.72325e-18
    outer loop
      vertex -54 -34 0
      vertex -53.9487 -34.7832 -2
      vertex -53.9487 -34.7832 0
    endloop
  endfacet
  facet normal -0.555611 -0.831442 0
    outer loop
      vertex -51.6526 -38.7601 -2
      vertex -51 -39.1962 0
      vertex -51.6526 -38.7601 0
    endloop
  endfacet
  facet normal -0.555611 -0.831442 -0
    outer loop
      vertex -51 -39.1962 0
      vertex -51.6526 -38.7601 -2
      vertex -51 -39.1962 -2
    endloop
  endfacet
  facet normal -0.831442 -0.555611 1.00759e-17
    outer loop
      vertex -52.7601 -37.6526 -2
      vertex -53.1962 -37 0
      vertex -53.1962 -37 -2
    endloop
  endfacet
  facet normal -0.831442 -0.555611 1.00759e-17
    outer loop
      vertex -53.1962 -37 0
      vertex -52.7601 -37.6526 -2
      vertex -52.7601 -37.6526 0
    endloop
  endfacet
  facet normal -0.659406 -0.751787 0
    outer loop
      vertex -52.2426 -38.2426 -2
      vertex -51.6526 -38.7601 0
      vertex -52.2426 -38.2426 0
    endloop
  endfacet
  facet normal -0.659406 -0.751787 -0
    outer loop
      vertex -51.6526 -38.7601 0
      vertex -52.2426 -38.2426 -2
      vertex -51.6526 -38.7601 -2
    endloop
  endfacet
  facet normal -0.32146 -0.946923 0
    outer loop
      vertex -50.2961 -39.5433 -2
      vertex -49.5529 -39.7956 0
      vertex -50.2961 -39.5433 0
    endloop
  endfacet
  facet normal -0.32146 -0.946923 -0
    outer loop
      vertex -49.5529 -39.7956 0
      vertex -50.2961 -39.5433 -2
      vertex -49.5529 -39.7956 -2
    endloop
  endfacet
  facet normal -0.195087 -0.980786 0
    outer loop
      vertex -49.5529 -39.7956 -2
      vertex -48.7832 -39.9487 0
      vertex -49.5529 -39.7956 0
    endloop
  endfacet
  facet normal -0.195087 -0.980786 -0
    outer loop
      vertex -48.7832 -39.9487 0
      vertex -49.5529 -39.7956 -2
      vertex -48.7832 -39.9487 -2
    endloop
  endfacet
  facet normal -0.751787 -0.659406 -1.53915e-17
    outer loop
      vertex -52.2426 -38.2426 -2
      vertex -52.7601 -37.6526 0
      vertex -52.7601 -37.6526 -2
    endloop
  endfacet
  facet normal -0.751787 -0.659406 -1.53915e-17
    outer loop
      vertex -52.7601 -37.6526 0
      vertex -52.2426 -38.2426 -2
      vertex -52.2426 -38.2426 0
    endloop
  endfacet
  facet normal -0.896885 0.442263 -4.98653e-18
    outer loop
      vertex -53.5433 -31.7039 -2
      vertex -53.1962 -31 0
      vertex -53.1962 -31 -2
    endloop
  endfacet
  facet normal -0.896885 0.442263 -4.98653e-18
    outer loop
      vertex -53.1962 -31 0
      vertex -53.5433 -31.7039 -2
      vertex -53.5433 -31.7039 0
    endloop
  endfacet
  facet normal 0 0 -1
    outer loop
      vertex -42.0513 -34.7832 -2
      vertex -42.0513 -33.2168 -2
      vertex -42 -34 -2
    endloop
  endfacet
  facet normal 0 0 -1
    outer loop
      vertex -42.2044 -35.5529 -2
      vertex -42.0513 -33.2168 -2
      vertex -42.0513 -34.7832 -2
    endloop
  endfacet
  facet normal 0 0 -1
    outer loop
      vertex -42.2044 -35.5529 -2
      vertex -42.2044 -32.4471 -2
      vertex -42.0513 -33.2168 -2
    endloop
  endfacet
  facet normal 0 0 -1
    outer loop
      vertex -42.4567 -36.2961 -2
      vertex -42.2044 -32.4471 -2
      vertex -42.2044 -35.5529 -2
    endloop
  endfacet
  facet normal 0 0 -1
    outer loop
      vertex -42.4567 -36.2961 -2
      vertex -42.4567 -31.7039 -2
      vertex -42.2044 -32.4471 -2
    endloop
  endfacet
  facet normal 0 0 -1
    outer loop
      vertex -42.8038 -37 -2
      vertex -42.4567 -31.7039 -2
      vertex -42.4567 -36.2961 -2
    endloop
  endfacet
  facet normal 0 0 -1
    outer loop
      vertex -42.8038 -37 -2
      vertex -42.8038 -31 -2
      vertex -42.4567 -31.7039 -2
    endloop
  endfacet
  facet normal 0 0 -1
    outer loop
      vertex -43.2399 -37.6526 -2
      vertex -42.8038 -31 -2
      vertex -42.8038 -37 -2
    endloop
  endfacet
  facet normal 0 0 -1
    outer loop
      vertex -43.2399 -37.6526 -2
      vertex -43.2399 -30.3474 -2
      vertex -42.8038 -31 -2
    endloop
  endfacet
  facet normal 0 0 -1
    outer loop
      vertex -43.7574 -38.2426 -2
      vertex -43.2399 -30.3474 -2
      vertex -43.2399 -37.6526 -2
    endloop
  endfacet
  facet normal 0 0 -1
    outer loop
      vertex -43.7574 -38.2426 -2
      vertex -43.7574 -29.7574 -2
      vertex -43.2399 -30.3474 -2
    endloop
  endfacet
  facet normal 0 0 -1
    outer loop
      vertex -44.3474 -38.7601 -2
      vertex -43.7574 -29.7574 -2
      vertex -43.7574 -38.2426 -2
    endloop
  endfacet
  facet normal 0 0 -1
    outer loop
      vertex -44.3474 -38.7601 -2
      vertex -44.3474 -29.2399 -2
      vertex -43.7574 -29.7574 -2
    endloop
  endfacet
  facet normal 0 0 -1
    outer loop
      vertex -45 -39.1962 -2
      vertex -44.3474 -29.2399 -2
      vertex -44.3474 -38.7601 -2
    endloop
  endfacet
  facet normal 0 0 -1
    outer loop
      vertex -45 -39.1962 -2
      vertex -45 -28.8038 -2
      vertex -44.3474 -29.2399 -2
    endloop
  endfacet
  facet normal 0 0 -1
    outer loop
      vertex -45.7039 -39.5433 -2
      vertex -45 -28.8038 -2
      vertex -45 -39.1962 -2
    endloop
  endfacet
  facet normal 0 0 -1
    outer loop
      vertex -45.7039 -39.5433 -2
      vertex -45.7039 -28.4567 -2
      vertex -45 -28.8038 -2
    endloop
  endfacet
  facet normal 0 0 -1
    outer loop
      vertex -46.4471 -39.7956 -2
      vertex -45.7039 -28.4567 -2
      vertex -45.7039 -39.5433 -2
    endloop
  endfacet
  facet normal 0 0 -1
    outer loop
      vertex -46.4471 -39.7956 -2
      vertex -46.4471 -28.2044 -2
      vertex -45.7039 -28.4567 -2
    endloop
  endfacet
  facet normal 0 0 -1
    outer loop
      vertex -47.2168 -39.9487 -2
      vertex -46.4471 -28.2044 -2
      vertex -46.4471 -39.7956 -2
    endloop
  endfacet
  facet normal 0 0 -1
    outer loop
      vertex -47.2168 -39.9487 -2
      vertex -47.2168 -28.0513 -2
      vertex -46.4471 -28.2044 -2
    endloop
  endfacet
  facet normal 0 0 -1
    outer loop
      vertex -48 -40 -2
      vertex -47.2168 -28.0513 -2
      vertex -47.2168 -39.9487 -2
    endloop
  endfacet
  facet normal 0 0 -1
    outer loop
      vertex -48 -40 -2
      vertex -48 -28 -2
      vertex -47.2168 -28.0513 -2
    endloop
  endfacet
  facet normal 0 0 -1
    outer loop
      vertex -48.7832 -39.9487 -2
      vertex -48 -28 -2
      vertex -48 -40 -2
    endloop
  endfacet
  facet normal 0 0 -1
    outer loop
      vertex -48.7832 -39.9487 -2
      vertex -48.7832 -28.0513 -2
      vertex -48 -28 -2
    endloop
  endfacet
  facet normal 0 0 -1
    outer loop
      vertex -49.5529 -39.7956 -2
      vertex -48.7832 -28.0513 -2
      vertex -48.7832 -39.9487 -2
    endloop
  endfacet
  facet normal 0 0 -1
    outer loop
      vertex -49.5529 -39.7956 -2
      vertex -49.5529 -28.2044 -2
      vertex -48.7832 -28.0513 -2
    endloop
  endfacet
  facet normal 0 0 -1
    outer loop
      vertex -50.2961 -39.5433 -2
      vertex -49.5529 -28.2044 -2
      vertex -49.5529 -39.7956 -2
    endloop
  endfacet
  facet normal 0 0 -1
    outer loop
      vertex -50.2961 -39.5433 -2
      vertex -50.2961 -28.4567 -2
      vertex -49.5529 -28.2044 -2
    endloop
  endfacet
  facet normal 0 0 -1
    outer loop
      vertex -51 -39.1962 -2
      vertex -50.2961 -28.4567 -2
      vertex -50.2961 -39.5433 -2
    endloop
  endfacet
  facet normal 0 0 -1
    outer loop
      vertex -51 -39.1962 -2
      vertex -51 -28.8038 -2
      vertex -50.2961 -28.4567 -2
    endloop
  endfacet
  facet normal 0 0 -1
    outer loop
      vertex -51.6526 -38.7601 -2
      vertex -51 -28.8038 -2
      vertex -51 -39.1962 -2
    endloop
  endfacet
  facet normal 0 0 -1
    outer loop
      vertex -51.6526 -38.7601 -2
      vertex -51.6526 -29.2399 -2
      vertex -51 -28.8038 -2
    endloop
  endfacet
  facet normal 0 0 -1
    outer loop
      vertex -52.2426 -38.2426 -2
      vertex -51.6526 -29.2399 -2
      vertex -51.6526 -38.7601 -2
    endloop
  endfacet
  facet normal 0 0 -1
    outer loop
      vertex -52.2426 -38.2426 -2
      vertex -52.2426 -29.7574 -2
      vertex -51.6526 -29.2399 -2
    endloop
  endfacet
  facet normal 0 0 -1
    outer loop
      vertex -52.7601 -37.6526 -2
      vertex -52.2426 -29.7574 -2
      vertex -52.2426 -38.2426 -2
    endloop
  endfacet
  facet normal 0 0 -1
    outer loop
      vertex -52.7601 -37.6526 -2
      vertex -52.7601 -30.3474 -2
      vertex -52.2426 -29.7574 -2
    endloop
  endfacet
  facet normal 0 0 -1
    outer loop
      vertex -53.1962 -37 -2
      vertex -52.7601 -30.3474 -2
      vertex -52.7601 -37.6526 -2
    endloop
  endfacet
  facet normal 0 0 -1
    outer loop
      vertex -53.1962 -37 -2
      vertex -53.1962 -31 -2
      vertex -52.7601 -30.3474 -2
    endloop
  endfacet
  facet normal 0 0 -1
    outer loop
      vertex -53.5433 -36.2961 -2
      vertex -53.1962 -31 -2
      vertex -53.1962 -37 -2
    endloop
  endfacet
  facet normal 0 0 -1
    outer loop
      vertex -53.5433 -36.2961 -2
      vertex -53.5433 -31.7039 -2
      vertex -53.1962 -31 -2
    endloop
  endfacet
  facet normal 0 0 -1
    outer loop
      vertex -53.7956 -35.5529 -2
      vertex -53.5433 -31.7039 -2
      vertex -53.5433 -36.2961 -2
    endloop
  endfacet
  facet normal 0 0 -1
    outer loop
      vertex -53.7956 -35.5529 -2
      vertex -53.7956 -32.4471 -2
      vertex -53.5433 -31.7039 -2
    endloop
  endfacet
  facet normal 0 0 -1
    outer loop
      vertex -53.9487 -34.7832 -2
      vertex -53.7956 -32.4471 -2
      vertex -53.7956 -35.5529 -2
    endloop
  endfacet
  facet normal 0 0 -1
    outer loop
      vertex -53.9487 -34.7832 -2
      vertex -53.9487 -33.2168 -2
      vertex -53.7956 -32.4471 -2
    endloop
  endfacet
  facet normal 0 -0 -1
    outer loop
      vertex -53.9487 -33.2168 -2
      vertex -53.9487 -34.7832 -2
      vertex -54 -34 -2
    endloop
  endfacet
  facet normal 0.980786 0.195087 -1.56031e-18
    outer loop
      vertex -42.0513 34.7832 0
      vertex -42.2044 35.5529 -2
      vertex -42.2044 35.5529 0
    endloop
  endfacet
  facet normal 0.980786 0.195087 -1.56031e-18
    outer loop
      vertex -42.2044 35.5529 -2
      vertex -42.0513 34.7832 0
      vertex -42.0513 34.7832 -2
    endloop
  endfacet
  facet normal 0.997862 0.0653605 -1.72325e-18
    outer loop
      vertex -42 34 0
      vertex -42.0513 34.7832 -2
      vertex -42.0513 34.7832 0
    endloop
  endfacet
  facet normal 0.997862 0.0653605 -1.72325e-18
    outer loop
      vertex -42.0513 34.7832 -2
      vertex -42 34 0
      vertex -42 34 -2
    endloop
  endfacet
  facet normal 0.946923 0.32146 3.17222e-19
    outer loop
      vertex -42.2044 35.5529 0
      vertex -42.4567 36.2961 -2
      vertex -42.4567 36.2961 0
    endloop
  endfacet
  facet normal 0.946923 0.32146 3.17222e-19
    outer loop
      vertex -42.4567 36.2961 -2
      vertex -42.2044 35.5529 0
      vertex -42.2044 35.5529 -2
    endloop
  endfacet
  facet normal 0.555611 -0.831442 0
    outer loop
      vertex -45 28.8038 -2
      vertex -44.3474 29.2399 0
      vertex -45 28.8038 0
    endloop
  endfacet
  facet normal 0.555611 -0.831442 0
    outer loop
      vertex -44.3474 29.2399 0
      vertex -45 28.8038 -2
      vertex -44.3474 29.2399 -2
    endloop
  endfacet
  facet normal -0.0653605 0.997862 0
    outer loop
      vertex -48 40 -2
      vertex -48.7832 39.9487 0
      vertex -48 40 0
    endloop
  endfacet
  facet normal -0.0653605 0.997862 0
    outer loop
      vertex -48.7832 39.9487 0
      vertex -48 40 -2
      vertex -48.7832 39.9487 -2
    endloop
  endfacet
  facet normal 0.32146 -0.946923 0
    outer loop
      vertex -46.4471 28.2044 -2
      vertex -45.7039 28.4567 0
      vertex -46.4471 28.2044 0
    endloop
  endfacet
  facet normal 0.32146 -0.946923 0
    outer loop
      vertex -45.7039 28.4567 0
      vertex -46.4471 28.2044 -2
      vertex -45.7039 28.4567 -2
    endloop
  endfacet
  facet normal 0.831442 0.555611 1.00759e-17
    outer loop
      vertex -42.8038 37 0
      vertex -43.2399 37.6526 -2
      vertex -43.2399 37.6526 0
    endloop
  endfacet
  facet normal 0.831442 0.555611 1.00759e-17
    outer loop
      vertex -43.2399 37.6526 -2
      vertex -42.8038 37 0
      vertex -42.8038 37 -2
    endloop
  endfacet
  facet normal 0.896885 0.442263 -5.11378e-18
    outer loop
      vertex -42.4567 36.2961 0
      vertex -42.8038 37 -2
      vertex -42.8038 37 0
    endloop
  endfacet
  facet normal 0.896885 0.442263 -5.11378e-18
    outer loop
      vertex -42.8038 37 -2
      vertex -42.4567 36.2961 0
      vertex -42.4567 36.2961 -2
    endloop
  endfacet
  facet normal 0.831442 -0.555611 -1.00759e-17
    outer loop
      vertex -43.2399 30.3474 0
      vertex -42.8038 31 -2
      vertex -42.8038 31 0
    endloop
  endfacet
  facet normal 0.831442 -0.555611 -1.00759e-17
    outer loop
      vertex -42.8038 31 -2
      vertex -43.2399 30.3474 0
      vertex -43.2399 30.3474 -2
    endloop
  endfacet
  facet normal 0.195087 0.980786 -0
    outer loop
      vertex -46.4471 39.7956 -2
      vertex -47.2168 39.9487 0
      vertex -46.4471 39.7956 0
    endloop
  endfacet
  facet normal 0.195087 0.980786 0
    outer loop
      vertex -47.2168 39.9487 0
      vertex -46.4471 39.7956 -2
      vertex -47.2168 39.9487 -2
    endloop
  endfacet
  facet normal 0.946923 -0.32146 -5.52278e-18
    outer loop
      vertex -42.4567 31.7039 0
      vertex -42.2044 32.4471 -2
      vertex -42.2044 32.4471 0
    endloop
  endfacet
  facet normal 0.946923 -0.32146 -5.52278e-18
    outer loop
      vertex -42.2044 32.4471 -2
      vertex -42.4567 31.7039 0
      vertex -42.4567 31.7039 -2
    endloop
  endfacet
  facet normal -0.555611 0.831442 0
    outer loop
      vertex -51 39.1962 -2
      vertex -51.6526 38.7601 0
      vertex -51 39.1962 0
    endloop
  endfacet
  facet normal -0.555611 0.831442 0
    outer loop
      vertex -51.6526 38.7601 0
      vertex -51 39.1962 -2
      vertex -51.6526 38.7601 -2
    endloop
  endfacet
  facet normal -0.195087 0.980786 0
    outer loop
      vertex -48.7832 39.9487 -2
      vertex -49.5529 39.7956 0
      vertex -48.7832 39.9487 0
    endloop
  endfacet
  facet normal -0.195087 0.980786 0
    outer loop
      vertex -49.5529 39.7956 0
      vertex -48.7832 39.9487 -2
      vertex -49.5529 39.7956 -2
    endloop
  endfacet
  facet normal 0.195087 -0.980786 0
    outer loop
      vertex -47.2168 28.0513 -2
      vertex -46.4471 28.2044 0
      vertex -47.2168 28.0513 0
    endloop
  endfacet
  facet normal 0.195087 -0.980786 0
    outer loop
      vertex -46.4471 28.2044 0
      vertex -47.2168 28.0513 -2
      vertex -46.4471 28.2044 -2
    endloop
  endfacet
  facet normal 0.659406 0.751787 -0
    outer loop
      vertex -43.7574 38.2426 -2
      vertex -44.3474 38.7601 0
      vertex -43.7574 38.2426 0
    endloop
  endfacet
  facet normal 0.659406 0.751787 0
    outer loop
      vertex -44.3474 38.7601 0
      vertex -43.7574 38.2426 -2
      vertex -44.3474 38.7601 -2
    endloop
  endfacet
  facet normal 0.32146 0.946923 -0
    outer loop
      vertex -45.7039 39.5433 -2
      vertex -46.4471 39.7956 0
      vertex -45.7039 39.5433 0
    endloop
  endfacet
  facet normal 0.32146 0.946923 0
    outer loop
      vertex -46.4471 39.7956 0
      vertex -45.7039 39.5433 -2
      vertex -46.4471 39.7956 -2
    endloop
  endfacet
  facet normal -0.32146 0.946923 0
    outer loop
      vertex -49.5529 39.7956 -2
      vertex -50.2961 39.5433 0
      vertex -49.5529 39.7956 0
    endloop
  endfacet
  facet normal -0.32146 0.946923 0
    outer loop
      vertex -50.2961 39.5433 0
      vertex -49.5529 39.7956 -2
      vertex -50.2961 39.5433 -2
    endloop
  endfacet
  facet normal -0.659406 0.751787 0
    outer loop
      vertex -51.6526 38.7601 -2
      vertex -52.2426 38.2426 0
      vertex -51.6526 38.7601 0
    endloop
  endfacet
  facet normal -0.659406 0.751787 0
    outer loop
      vertex -52.2426 38.2426 0
      vertex -51.6526 38.7601 -2
      vertex -52.2426 38.2426 -2
    endloop
  endfacet
  facet normal 0.751787 0.659406 -1.53915e-17
    outer loop
      vertex -43.2399 37.6526 0
      vertex -43.7574 38.2426 -2
      vertex -43.7574 38.2426 0
    endloop
  endfacet
  facet normal 0.751787 0.659406 -1.53915e-17
    outer loop
      vertex -43.7574 38.2426 -2
      vertex -43.2399 37.6526 0
      vertex -43.2399 37.6526 -2
    endloop
  endfacet
  facet normal -0.980786 0.195087 1.56031e-18
    outer loop
      vertex -53.9487 34.7832 -2
      vertex -53.7956 35.5529 0
      vertex -53.7956 35.5529 -2
    endloop
  endfacet
  facet normal -0.980786 0.195087 1.56031e-18
    outer loop
      vertex -53.7956 35.5529 0
      vertex -53.9487 34.7832 -2
      vertex -53.9487 34.7832 0
    endloop
  endfacet
  facet normal 0.751787 -0.659406 1.11475e-17
    outer loop
      vertex -43.7574 29.7574 0
      vertex -43.2399 30.3474 -2
      vertex -43.2399 30.3474 0
    endloop
  endfacet
  facet normal 0.751787 -0.659406 1.11475e-17
    outer loop
      vertex -43.2399 30.3474 -2
      vertex -43.7574 29.7574 0
      vertex -43.7574 29.7574 -2
    endloop
  endfacet
  facet normal -0.442263 0.896885 0
    outer loop
      vertex -50.2961 39.5433 -2
      vertex -51 39.1962 0
      vertex -50.2961 39.5433 0
    endloop
  endfacet
  facet normal -0.442263 0.896885 0
    outer loop
      vertex -51 39.1962 0
      vertex -50.2961 39.5433 -2
      vertex -51 39.1962 -2
    endloop
  endfacet
  facet normal 0.442263 -0.896885 0
    outer loop
      vertex -45.7039 28.4567 -2
      vertex -45 28.8038 0
      vertex -45.7039 28.4567 0
    endloop
  endfacet
  facet normal 0.442263 -0.896885 0
    outer loop
      vertex -45 28.8038 0
      vertex -45.7039 28.4567 -2
      vertex -45 28.8038 -2
    endloop
  endfacet
  facet normal -0.442263 -0.896885 0
    outer loop
      vertex -51 28.8038 -2
      vertex -50.2961 28.4567 0
      vertex -51 28.8038 0
    endloop
  endfacet
  facet normal -0.442263 -0.896885 -0
    outer loop
      vertex -50.2961 28.4567 0
      vertex -51 28.8038 -2
      vertex -50.2961 28.4567 -2
    endloop
  endfacet
  facet normal 0.980786 -0.195087 1.56031e-18
    outer loop
      vertex -42.2044 32.4471 0
      vertex -42.0513 33.2168 -2
      vertex -42.0513 33.2168 0
    endloop
  endfacet
  facet normal 0.980786 -0.195087 1.56031e-18
    outer loop
      vertex -42.0513 33.2168 -2
      vertex -42.2044 32.4471 0
      vertex -42.2044 32.4471 -2
    endloop
  endfacet
  facet normal -0.946923 0.32146 -3.17222e-19
    outer loop
      vertex -53.7956 35.5529 -2
      vertex -53.5433 36.2961 0
      vertex -53.5433 36.2961 -2
    endloop
  endfacet
  facet normal -0.946923 0.32146 -3.17222e-19
    outer loop
      vertex -53.5433 36.2961 0
      vertex -53.7956 35.5529 -2
      vertex -53.7956 35.5529 0
    endloop
  endfacet
  facet normal -0.896885 -0.442263 4.98653e-18
    outer loop
      vertex -53.1962 31 -2
      vertex -53.5433 31.7039 0
      vertex -53.5433 31.7039 -2
    endloop
  endfacet
  facet normal -0.896885 -0.442263 4.98653e-18
    outer loop
      vertex -53.5433 31.7039 0
      vertex -53.1962 31 -2
      vertex -53.1962 31 0
    endloop
  endfacet
  facet normal 0.997862 -0.0653605 1.72325e-18
    outer loop
      vertex -42.0513 33.2168 0
      vertex -42 34 -2
      vertex -42 34 0
    endloop
  endfacet
  facet normal 0.997862 -0.0653605 1.72325e-18
    outer loop
      vertex -42 34 -2
      vertex -42.0513 33.2168 0
      vertex -42.0513 33.2168 -2
    endloop
  endfacet
  facet normal -0.946923 -0.32146 5.52278e-18
    outer loop
      vertex -53.5433 31.7039 -2
      vertex -53.7956 32.4471 0
      vertex -53.7956 32.4471 -2
    endloop
  endfacet
  facet normal -0.946923 -0.32146 5.52278e-18
    outer loop
      vertex -53.7956 32.4471 0
      vertex -53.5433 31.7039 -2
      vertex -53.5433 31.7039 0
    endloop
  endfacet
  facet normal -0.896885 0.442263 5.11378e-18
    outer loop
      vertex -53.5433 36.2961 -2
      vertex -53.1962 37 0
      vertex -53.1962 37 -2
    endloop
  endfacet
  facet normal -0.896885 0.442263 5.11378e-18
    outer loop
      vertex -53.1962 37 0
      vertex -53.5433 36.2961 -2
      vertex -53.5433 36.2961 0
    endloop
  endfacet
  facet normal -0.659406 -0.751787 0
    outer loop
      vertex -52.2426 29.7574 -2
      vertex -51.6526 29.2399 0
      vertex -52.2426 29.7574 0
    endloop
  endfacet
  facet normal -0.659406 -0.751787 -0
    outer loop
      vertex -51.6526 29.2399 0
      vertex -52.2426 29.7574 -2
      vertex -51.6526 29.2399 -2
    endloop
  endfacet
  facet normal -0.751787 -0.659406 -1.11475e-17
    outer loop
      vertex -52.2426 29.7574 -2
      vertex -52.7601 30.3474 0
      vertex -52.7601 30.3474 -2
    endloop
  endfacet
  facet normal -0.751787 -0.659406 -1.11475e-17
    outer loop
      vertex -52.7601 30.3474 0
      vertex -52.2426 29.7574 -2
      vertex -52.2426 29.7574 0
    endloop
  endfacet
  facet normal 0.896885 -0.442263 -4.98653e-18
    outer loop
      vertex -42.8038 31 0
      vertex -42.4567 31.7039 -2
      vertex -42.4567 31.7039 0
    endloop
  endfacet
  facet normal 0.896885 -0.442263 -4.98653e-18
    outer loop
      vertex -42.4567 31.7039 -2
      vertex -42.8038 31 0
      vertex -42.8038 31 -2
    endloop
  endfacet
  facet normal 0.659406 -0.751787 0
    outer loop
      vertex -44.3474 29.2399 -2
      vertex -43.7574 29.7574 0
      vertex -44.3474 29.2399 0
    endloop
  endfacet
  facet normal 0.659406 -0.751787 0
    outer loop
      vertex -43.7574 29.7574 0
      vertex -44.3474 29.2399 -2
      vertex -43.7574 29.7574 -2
    endloop
  endfacet
  facet normal 0.555611 0.831442 -0
    outer loop
      vertex -44.3474 38.7601 -2
      vertex -45 39.1962 0
      vertex -44.3474 38.7601 0
    endloop
  endfacet
  facet normal 0.555611 0.831442 0
    outer loop
      vertex -45 39.1962 0
      vertex -44.3474 38.7601 -2
      vertex -45 39.1962 -2
    endloop
  endfacet
  facet normal -0.195087 -0.980786 0
    outer loop
      vertex -49.5529 28.2044 -2
      vertex -48.7832 28.0513 0
      vertex -49.5529 28.2044 0
    endloop
  endfacet
  facet normal -0.195087 -0.980786 -0
    outer loop
      vertex -48.7832 28.0513 0
      vertex -49.5529 28.2044 -2
      vertex -48.7832 28.0513 -2
    endloop
  endfacet
  facet normal 0.442263 0.896885 -0
    outer loop
      vertex -45 39.1962 -2
      vertex -45.7039 39.5433 0
      vertex -45 39.1962 0
    endloop
  endfacet
  facet normal 0.442263 0.896885 0
    outer loop
      vertex -45.7039 39.5433 0
      vertex -45 39.1962 -2
      vertex -45.7039 39.5433 -2
    endloop
  endfacet
  facet normal -0.980786 -0.195087 -1.56031e-18
    outer loop
      vertex -53.7956 32.4471 -2
      vertex -53.9487 33.2168 0
      vertex -53.9487 33.2168 -2
    endloop
  endfacet
  facet normal -0.980786 -0.195087 -1.56031e-18
    outer loop
      vertex -53.9487 33.2168 0
      vertex -53.7956 32.4471 -2
      vertex -53.7956 32.4471 0
    endloop
  endfacet
  facet normal -0.831442 -0.555611 1.00759e-17
    outer loop
      vertex -52.7601 30.3474 -2
      vertex -53.1962 31 0
      vertex -53.1962 31 -2
    endloop
  endfacet
  facet normal -0.831442 -0.555611 1.00759e-17
    outer loop
      vertex -53.1962 31 0
      vertex -52.7601 30.3474 -2
      vertex -52.7601 30.3474 0
    endloop
  endfacet
  facet normal -0.32146 -0.946923 0
    outer loop
      vertex -50.2961 28.4567 -2
      vertex -49.5529 28.2044 0
      vertex -50.2961 28.4567 0
    endloop
  endfacet
  facet normal -0.32146 -0.946923 -0
    outer loop
      vertex -49.5529 28.2044 0
      vertex -50.2961 28.4567 -2
      vertex -49.5529 28.2044 -2
    endloop
  endfacet
  facet normal 0.0653605 -0.997862 0
    outer loop
      vertex -48 28 -2
      vertex -47.2168 28.0513 0
      vertex -48 28 0
    endloop
  endfacet
  facet normal 0.0653605 -0.997862 0
    outer loop
      vertex -47.2168 28.0513 0
      vertex -48 28 -2
      vertex -47.2168 28.0513 -2
    endloop
  endfacet
  facet normal -0.997862 -0.0653605 -1.72325e-18
    outer loop
      vertex -53.9487 33.2168 -2
      vertex -54 34 0
      vertex -54 34 -2
    endloop
  endfacet
  facet normal -0.997862 -0.0653605 -1.72325e-18
    outer loop
      vertex -54 34 0
      vertex -53.9487 33.2168 -2
      vertex -53.9487 33.2168 0
    endloop
  endfacet
  facet normal -0.997862 0.0653605 1.72325e-18
    outer loop
      vertex -54 34 -2
      vertex -53.9487 34.7832 0
      vertex -53.9487 34.7832 -2
    endloop
  endfacet
  facet normal -0.997862 0.0653605 1.72325e-18
    outer loop
      vertex -53.9487 34.7832 0
      vertex -54 34 -2
      vertex -54 34 0
    endloop
  endfacet
  facet normal 0.0653605 0.997862 -0
    outer loop
      vertex -47.2168 39.9487 -2
      vertex -48 40 0
      vertex -47.2168 39.9487 0
    endloop
  endfacet
  facet normal 0.0653605 0.997862 0
    outer loop
      vertex -48 40 0
      vertex -47.2168 39.9487 -2
      vertex -48 40 -2
    endloop
  endfacet
  facet normal -0.0653605 -0.997862 0
    outer loop
      vertex -48.7832 28.0513 -2
      vertex -48 28 0
      vertex -48.7832 28.0513 0
    endloop
  endfacet
  facet normal -0.0653605 -0.997862 -0
    outer loop
      vertex -48 28 0
      vertex -48.7832 28.0513 -2
      vertex -48 28 -2
    endloop
  endfacet
  facet normal -0.831442 0.555611 -1.00759e-17
    outer loop
      vertex -53.1962 37 -2
      vertex -52.7601 37.6526 0
      vertex -52.7601 37.6526 -2
    endloop
  endfacet
  facet normal -0.831442 0.555611 -1.00759e-17
    outer loop
      vertex -52.7601 37.6526 0
      vertex -53.1962 37 -2
      vertex -53.1962 37 0
    endloop
  endfacet
  facet normal 0 0 -1
    outer loop
      vertex -42.0513 33.2168 -2
      vertex -42.0513 34.7832 -2
      vertex -42 34 -2
    endloop
  endfacet
  facet normal 0 0 -1
    outer loop
      vertex -42.2044 32.4471 -2
      vertex -42.0513 34.7832 -2
      vertex -42.0513 33.2168 -2
    endloop
  endfacet
  facet normal 0 0 -1
    outer loop
      vertex -42.2044 32.4471 -2
      vertex -42.2044 35.5529 -2
      vertex -42.0513 34.7832 -2
    endloop
  endfacet
  facet normal 0 0 -1
    outer loop
      vertex -42.4567 31.7039 -2
      vertex -42.2044 35.5529 -2
      vertex -42.2044 32.4471 -2
    endloop
  endfacet
  facet normal 0 0 -1
    outer loop
      vertex -42.4567 31.7039 -2
      vertex -42.4567 36.2961 -2
      vertex -42.2044 35.5529 -2
    endloop
  endfacet
  facet normal 0 0 -1
    outer loop
      vertex -42.8038 31 -2
      vertex -42.4567 36.2961 -2
      vertex -42.4567 31.7039 -2
    endloop
  endfacet
  facet normal 0 0 -1
    outer loop
      vertex -42.8038 31 -2
      vertex -42.8038 37 -2
      vertex -42.4567 36.2961 -2
    endloop
  endfacet
  facet normal 0 0 -1
    outer loop
      vertex -43.2399 30.3474 -2
      vertex -42.8038 37 -2
      vertex -42.8038 31 -2
    endloop
  endfacet
  facet normal 0 0 -1
    outer loop
      vertex -43.2399 30.3474 -2
      vertex -43.2399 37.6526 -2
      vertex -42.8038 37 -2
    endloop
  endfacet
  facet normal 0 0 -1
    outer loop
      vertex -43.7574 29.7574 -2
      vertex -43.2399 37.6526 -2
      vertex -43.2399 30.3474 -2
    endloop
  endfacet
  facet normal 0 0 -1
    outer loop
      vertex -43.7574 29.7574 -2
      vertex -43.7574 38.2426 -2
      vertex -43.2399 37.6526 -2
    endloop
  endfacet
  facet normal 0 0 -1
    outer loop
      vertex -44.3474 29.2399 -2
      vertex -43.7574 38.2426 -2
      vertex -43.7574 29.7574 -2
    endloop
  endfacet
  facet normal 0 0 -1
    outer loop
      vertex -44.3474 29.2399 -2
      vertex -44.3474 38.7601 -2
      vertex -43.7574 38.2426 -2
    endloop
  endfacet
  facet normal 0 0 -1
    outer loop
      vertex -45 28.8038 -2
      vertex -44.3474 38.7601 -2
      vertex -44.3474 29.2399 -2
    endloop
  endfacet
  facet normal 0 0 -1
    outer loop
      vertex -45 28.8038 -2
      vertex -45 39.1962 -2
      vertex -44.3474 38.7601 -2
    endloop
  endfacet
  facet normal 0 0 -1
    outer loop
      vertex -45.7039 28.4567 -2
      vertex -45 39.1962 -2
      vertex -45 28.8038 -2
    endloop
  endfacet
  facet normal 0 0 -1
    outer loop
      vertex -45.7039 28.4567 -2
      vertex -45.7039 39.5433 -2
      vertex -45 39.1962 -2
    endloop
  endfacet
  facet normal 0 0 -1
    outer loop
      vertex -46.4471 28.2044 -2
      vertex -45.7039 39.5433 -2
      vertex -45.7039 28.4567 -2
    endloop
  endfacet
  facet normal 0 0 -1
    outer loop
      vertex -46.4471 28.2044 -2
      vertex -46.4471 39.7956 -2
      vertex -45.7039 39.5433 -2
    endloop
  endfacet
  facet normal 0 0 -1
    outer loop
      vertex -47.2168 28.0513 -2
      vertex -46.4471 39.7956 -2
      vertex -46.4471 28.2044 -2
    endloop
  endfacet
  facet normal 0 0 -1
    outer loop
      vertex -47.2168 28.0513 -2
      vertex -47.2168 39.9487 -2
      vertex -46.4471 39.7956 -2
    endloop
  endfacet
  facet normal 0 0 -1
    outer loop
      vertex -48 28 -2
      vertex -47.2168 39.9487 -2
      vertex -47.2168 28.0513 -2
    endloop
  endfacet
  facet normal 0 0 -1
    outer loop
      vertex -48 28 -2
      vertex -48 40 -2
      vertex -47.2168 39.9487 -2
    endloop
  endfacet
  facet normal 0 0 -1
    outer loop
      vertex -48.7832 28.0513 -2
      vertex -48 40 -2
      vertex -48 28 -2
    endloop
  endfacet
  facet normal 0 0 -1
    outer loop
      vertex -48.7832 28.0513 -2
      vertex -48.7832 39.9487 -2
      vertex -48 40 -2
    endloop
  endfacet
  facet normal 0 0 -1
    outer loop
      vertex -49.5529 28.2044 -2
      vertex -48.7832 39.9487 -2
      vertex -48.7832 28.0513 -2
    endloop
  endfacet
  facet normal 0 0 -1
    outer loop
      vertex -49.5529 28.2044 -2
      vertex -49.5529 39.7956 -2
      vertex -48.7832 39.9487 -2
    endloop
  endfacet
  facet normal 0 0 -1
    outer loop
      vertex -50.2961 28.4567 -2
      vertex -49.5529 39.7956 -2
      vertex -49.5529 28.2044 -2
    endloop
  endfacet
  facet normal 0 0 -1
    outer loop
      vertex -50.2961 28.4567 -2
      vertex -50.2961 39.5433 -2
      vertex -49.5529 39.7956 -2
    endloop
  endfacet
  facet normal 0 0 -1
    outer loop
      vertex -51 28.8038 -2
      vertex -50.2961 39.5433 -2
      vertex -50.2961 28.4567 -2
    endloop
  endfacet
  facet normal 0 0 -1
    outer loop
      vertex -51 28.8038 -2
      vertex -51 39.1962 -2
      vertex -50.2961 39.5433 -2
    endloop
  endfacet
  facet normal 0 0 -1
    outer loop
      vertex -51.6526 29.2399 -2
      vertex -51 39.1962 -2
      vertex -51 28.8038 -2
    endloop
  endfacet
  facet normal 0 0 -1
    outer loop
      vertex -51.6526 29.2399 -2
      vertex -51.6526 38.7601 -2
      vertex -51 39.1962 -2
    endloop
  endfacet
  facet normal 0 0 -1
    outer loop
      vertex -52.2426 29.7574 -2
      vertex -51.6526 38.7601 -2
      vertex -51.6526 29.2399 -2
    endloop
  endfacet
  facet normal 0 0 -1
    outer loop
      vertex -52.2426 29.7574 -2
      vertex -52.2426 38.2426 -2
      vertex -51.6526 38.7601 -2
    endloop
  endfacet
  facet normal 0 0 -1
    outer loop
      vertex -52.7601 30.3474 -2
      vertex -52.2426 38.2426 -2
      vertex -52.2426 29.7574 -2
    endloop
  endfacet
  facet normal 0 0 -1
    outer loop
      vertex -52.7601 30.3474 -2
      vertex -52.7601 37.6526 -2
      vertex -52.2426 38.2426 -2
    endloop
  endfacet
  facet normal 0 0 -1
    outer loop
      vertex -53.1962 31 -2
      vertex -52.7601 37.6526 -2
      vertex -52.7601 30.3474 -2
    endloop
  endfacet
  facet normal 0 0 -1
    outer loop
      vertex -53.1962 31 -2
      vertex -53.1962 37 -2
      vertex -52.7601 37.6526 -2
    endloop
  endfacet
  facet normal 0 0 -1
    outer loop
      vertex -53.5433 31.7039 -2
      vertex -53.1962 37 -2
      vertex -53.1962 31 -2
    endloop
  endfacet
  facet normal 0 0 -1
    outer loop
      vertex -53.5433 31.7039 -2
      vertex -53.5433 36.2961 -2
      vertex -53.1962 37 -2
    endloop
  endfacet
  facet normal 0 0 -1
    outer loop
      vertex -53.7956 32.4471 -2
      vertex -53.5433 36.2961 -2
      vertex -53.5433 31.7039 -2
    endloop
  endfacet
  facet normal 0 0 -1
    outer loop
      vertex -53.7956 32.4471 -2
      vertex -53.7956 35.5529 -2
      vertex -53.5433 36.2961 -2
    endloop
  endfacet
  facet normal 0 0 -1
    outer loop
      vertex -53.9487 33.2168 -2
      vertex -53.7956 35.5529 -2
      vertex -53.7956 32.4471 -2
    endloop
  endfacet
  facet normal 0 0 -1
    outer loop
      vertex -53.9487 33.2168 -2
      vertex -53.9487 34.7832 -2
      vertex -53.7956 35.5529 -2
    endloop
  endfacet
  facet normal 0 -0 -1
    outer loop
      vertex -53.9487 34.7832 -2
      vertex -53.9487 33.2168 -2
      vertex -54 34 -2
    endloop
  endfacet
  facet normal -0.555611 -0.831442 0
    outer loop
      vertex -51.6526 29.2399 -2
      vertex -51 28.8038 0
      vertex -51.6526 29.2399 0
    endloop
  endfacet
  facet normal -0.555611 -0.831442 -0
    outer loop
      vertex -51 28.8038 0
      vertex -51.6526 29.2399 -2
      vertex -51 28.8038 -2
    endloop
  endfacet
  facet normal -0.751787 0.659406 1.53915e-17
    outer loop
      vertex -52.7601 37.6526 -2
      vertex -52.2426 38.2426 0
      vertex -52.2426 38.2426 -2
    endloop
  endfacet
  facet normal -0.751787 0.659406 1.53915e-17
    outer loop
      vertex -52.2426 38.2426 0
      vertex -52.7601 37.6526 -2
      vertex -52.7601 37.6526 0
    endloop
  endfacet
  facet normal -0.0653605 -0.997862 0
    outer loop
      vertex 47.2168 -39.9487 -2
      vertex 48 -40 0
      vertex 47.2168 -39.9487 0
    endloop
  endfacet
  facet normal -0.0653605 -0.997862 -0
    outer loop
      vertex 48 -40 0
      vertex 47.2168 -39.9487 -2
      vertex 48 -40 -2
    endloop
  endfacet
  facet normal 0.980786 0.195087 -1.56031e-18
    outer loop
      vertex 53.9487 -33.2168 0
      vertex 53.7956 -32.4471 -2
      vertex 53.7956 -32.4471 0
    endloop
  endfacet
  facet normal 0.980786 0.195087 -1.56031e-18
    outer loop
      vertex 53.7956 -32.4471 -2
      vertex 53.9487 -33.2168 0
      vertex 53.9487 -33.2168 -2
    endloop
  endfacet
  facet normal 0.997862 0.0653605 -1.72325e-18
    outer loop
      vertex 54 -34 0
      vertex 53.9487 -33.2168 -2
      vertex 53.9487 -33.2168 0
    endloop
  endfacet
  facet normal 0.997862 0.0653605 -1.72325e-18
    outer loop
      vertex 53.9487 -33.2168 -2
      vertex 54 -34 0
      vertex 54 -34 -2
    endloop
  endfacet
  facet normal 0.946923 0.32146 5.52278e-18
    outer loop
      vertex 53.7956 -32.4471 0
      vertex 53.5433 -31.7039 -2
      vertex 53.5433 -31.7039 0
    endloop
  endfacet
  facet normal 0.946923 0.32146 5.52278e-18
    outer loop
      vertex 53.5433 -31.7039 -2
      vertex 53.7956 -32.4471 0
      vertex 53.7956 -32.4471 -2
    endloop
  endfacet
  facet normal -0.980786 -0.195087 -1.56031e-18
    outer loop
      vertex 42.2044 -35.5529 -2
      vertex 42.0513 -34.7832 0
      vertex 42.0513 -34.7832 -2
    endloop
  endfacet
  facet normal -0.980786 -0.195087 -1.56031e-18
    outer loop
      vertex 42.0513 -34.7832 0
      vertex 42.2044 -35.5529 -2
      vertex 42.2044 -35.5529 0
    endloop
  endfacet
  facet normal 0.0653605 0.997862 -0
    outer loop
      vertex 48.7832 -28.0513 -2
      vertex 48 -28 0
      vertex 48.7832 -28.0513 0
    endloop
  endfacet
  facet normal 0.0653605 0.997862 0
    outer loop
      vertex 48 -28 0
      vertex 48.7832 -28.0513 -2
      vertex 48 -28 -2
    endloop
  endfacet
  facet normal -0.946923 -0.32146 3.17222e-19
    outer loop
      vertex 42.4567 -36.2961 -2
      vertex 42.2044 -35.5529 0
      vertex 42.2044 -35.5529 -2
    endloop
  endfacet
  facet normal -0.946923 -0.32146 3.17222e-19
    outer loop
      vertex 42.2044 -35.5529 0
      vertex 42.4567 -36.2961 -2
      vertex 42.4567 -36.2961 0
    endloop
  endfacet
  facet normal -0.195087 -0.980786 0
    outer loop
      vertex 46.4471 -39.7956 -2
      vertex 47.2168 -39.9487 0
      vertex 46.4471 -39.7956 0
    endloop
  endfacet
  facet normal -0.195087 -0.980786 -0
    outer loop
      vertex 47.2168 -39.9487 0
      vertex 46.4471 -39.7956 -2
      vertex 47.2168 -39.9487 -2
    endloop
  endfacet
  facet normal 0.997862 -0.0653605 1.72325e-18
    outer loop
      vertex 53.9487 -34.7832 0
      vertex 54 -34 -2
      vertex 54 -34 0
    endloop
  endfacet
  facet normal 0.997862 -0.0653605 1.72325e-18
    outer loop
      vertex 54 -34 -2
      vertex 53.9487 -34.7832 0
      vertex 53.9487 -34.7832 -2
    endloop
  endfacet
  facet normal -0.555611 -0.831442 0
    outer loop
      vertex 44.3474 -38.7601 -2
      vertex 45 -39.1962 0
      vertex 44.3474 -38.7601 0
    endloop
  endfacet
  facet normal -0.555611 -0.831442 -0
    outer loop
      vertex 45 -39.1962 0
      vertex 44.3474 -38.7601 -2
      vertex 45 -39.1962 -2
    endloop
  endfacet
  facet normal 0.442263 -0.896885 0
    outer loop
      vertex 50.2961 -39.5433 -2
      vertex 51 -39.1962 0
      vertex 50.2961 -39.5433 0
    endloop
  endfacet
  facet normal 0.442263 -0.896885 0
    outer loop
      vertex 51 -39.1962 0
      vertex 50.2961 -39.5433 -2
      vertex 51 -39.1962 -2
    endloop
  endfacet
  facet normal -0.442263 -0.896885 0
    outer loop
      vertex 45 -39.1962 -2
      vertex 45.7039 -39.5433 0
      vertex 45 -39.1962 0
    endloop
  endfacet
  facet normal -0.442263 -0.896885 -0
    outer loop
      vertex 45.7039 -39.5433 0
      vertex 45 -39.1962 -2
      vertex 45.7039 -39.5433 -2
    endloop
  endfacet
  facet normal 0.896885 0.442263 4.98653e-18
    outer loop
      vertex 53.5433 -31.7039 0
      vertex 53.1962 -31 -2
      vertex 53.1962 -31 0
    endloop
  endfacet
  facet normal 0.896885 0.442263 4.98653e-18
    outer loop
      vertex 53.1962 -31 -2
      vertex 53.5433 -31.7039 0
      vertex 53.5433 -31.7039 -2
    endloop
  endfacet
  facet normal 0.751787 0.659406 -1.11475e-17
    outer loop
      vertex 52.7601 -30.3474 0
      vertex 52.2426 -29.7574 -2
      vertex 52.2426 -29.7574 0
    endloop
  endfacet
  facet normal 0.751787 0.659406 -1.11475e-17
    outer loop
      vertex 52.2426 -29.7574 -2
      vertex 52.7601 -30.3474 0
      vertex 52.7601 -30.3474 -2
    endloop
  endfacet
  facet normal -0.32146 0.946923 0
    outer loop
      vertex 46.4471 -28.2044 -2
      vertex 45.7039 -28.4567 0
      vertex 46.4471 -28.2044 0
    endloop
  endfacet
  facet normal -0.32146 0.946923 0
    outer loop
      vertex 45.7039 -28.4567 0
      vertex 46.4471 -28.2044 -2
      vertex 45.7039 -28.4567 -2
    endloop
  endfacet
  facet normal -0.659406 -0.751787 0
    outer loop
      vertex 43.7574 -38.2426 -2
      vertex 44.3474 -38.7601 0
      vertex 43.7574 -38.2426 0
    endloop
  endfacet
  facet normal -0.659406 -0.751787 -0
    outer loop
      vertex 44.3474 -38.7601 0
      vertex 43.7574 -38.2426 -2
      vertex 44.3474 -38.7601 -2
    endloop
  endfacet
  facet normal 0.659406 -0.751787 0
    outer loop
      vertex 51.6526 -38.7601 -2
      vertex 52.2426 -38.2426 0
      vertex 51.6526 -38.7601 0
    endloop
  endfacet
  facet normal 0.659406 -0.751787 0
    outer loop
      vertex 52.2426 -38.2426 0
      vertex 51.6526 -38.7601 -2
      vertex 52.2426 -38.2426 -2
    endloop
  endfacet
  facet normal -0.946923 0.32146 -5.52278e-18
    outer loop
      vertex 42.2044 -32.4471 -2
      vertex 42.4567 -31.7039 0
      vertex 42.4567 -31.7039 -2
    endloop
  endfacet
  facet normal -0.946923 0.32146 -5.52278e-18
    outer loop
      vertex 42.4567 -31.7039 0
      vertex 42.2044 -32.4471 -2
      vertex 42.2044 -32.4471 0
    endloop
  endfacet
  facet normal 0.946923 -0.32146 -3.17222e-19
    outer loop
      vertex 53.5433 -36.2961 0
      vertex 53.7956 -35.5529 -2
      vertex 53.7956 -35.5529 0
    endloop
  endfacet
  facet normal 0.946923 -0.32146 -3.17222e-19
    outer loop
      vertex 53.7956 -35.5529 -2
      vertex 53.5433 -36.2961 0
      vertex 53.5433 -36.2961 -2
    endloop
  endfacet
  facet normal -0.751787 0.659406 1.11475e-17
    outer loop
      vertex 43.2399 -30.3474 -2
      vertex 43.7574 -29.7574 0
      vertex 43.7574 -29.7574 -2
    endloop
  endfacet
  facet normal -0.751787 0.659406 1.11475e-17
    outer loop
      vertex 43.7574 -29.7574 0
      vertex 43.2399 -30.3474 -2
      vertex 43.2399 -30.3474 0
    endloop
  endfacet
  facet normal 0.831442 -0.555611 -1.00759e-17
    outer loop
      vertex 52.7601 -37.6526 0
      vertex 53.1962 -37 -2
      vertex 53.1962 -37 0
    endloop
  endfacet
  facet normal 0.831442 -0.555611 -1.00759e-17
    outer loop
      vertex 53.1962 -37 -2
      vertex 52.7601 -37.6526 0
      vertex 52.7601 -37.6526 -2
    endloop
  endfacet
  facet normal 0.555611 0.831442 -0
    outer loop
      vertex 51.6526 -29.2399 -2
      vertex 51 -28.8038 0
      vertex 51.6526 -29.2399 0
    endloop
  endfacet
  facet normal 0.555611 0.831442 0
    outer loop
      vertex 51 -28.8038 0
      vertex 51.6526 -29.2399 -2
      vertex 51 -28.8038 -2
    endloop
  endfacet
  facet normal -0.442263 0.896885 0
    outer loop
      vertex 45.7039 -28.4567 -2
      vertex 45 -28.8038 0
      vertex 45.7039 -28.4567 0
    endloop
  endfacet
  facet normal -0.442263 0.896885 0
    outer loop
      vertex 45 -28.8038 0
      vertex 45.7039 -28.4567 -2
      vertex 45 -28.8038 -2
    endloop
  endfacet
  facet normal 0.831442 0.555611 1.00759e-17
    outer loop
      vertex 53.1962 -31 0
      vertex 52.7601 -30.3474 -2
      vertex 52.7601 -30.3474 0
    endloop
  endfacet
  facet normal 0.831442 0.555611 1.00759e-17
    outer loop
      vertex 52.7601 -30.3474 -2
      vertex 53.1962 -31 0
      vertex 53.1962 -31 -2
    endloop
  endfacet
  facet normal -0.751787 -0.659406 -1.53915e-17
    outer loop
      vertex 43.7574 -38.2426 -2
      vertex 43.2399 -37.6526 0
      vertex 43.2399 -37.6526 -2
    endloop
  endfacet
  facet normal -0.751787 -0.659406 -1.53915e-17
    outer loop
      vertex 43.2399 -37.6526 0
      vertex 43.7574 -38.2426 -2
      vertex 43.7574 -38.2426 0
    endloop
  endfacet
  facet normal -0.555611 0.831442 0
    outer loop
      vertex 45 -28.8038 -2
      vertex 44.3474 -29.2399 0
      vertex 45 -28.8038 0
    endloop
  endfacet
  facet normal -0.555611 0.831442 0
    outer loop
      vertex 44.3474 -29.2399 0
      vertex 45 -28.8038 -2
      vertex 44.3474 -29.2399 -2
    endloop
  endfacet
  facet normal -0.32146 -0.946923 0
    outer loop
      vertex 45.7039 -39.5433 -2
      vertex 46.4471 -39.7956 0
      vertex 45.7039 -39.5433 0
    endloop
  endfacet
  facet normal -0.32146 -0.946923 -0
    outer loop
      vertex 46.4471 -39.7956 0
      vertex 45.7039 -39.5433 -2
      vertex 46.4471 -39.7956 -2
    endloop
  endfacet
  facet normal 0.659406 0.751787 -0
    outer loop
      vertex 52.2426 -29.7574 -2
      vertex 51.6526 -29.2399 0
      vertex 52.2426 -29.7574 0
    endloop
  endfacet
  facet normal 0.659406 0.751787 0
    outer loop
      vertex 51.6526 -29.2399 0
      vertex 52.2426 -29.7574 -2
      vertex 51.6526 -29.2399 -2
    endloop
  endfacet
  facet normal 0.980786 -0.195087 1.56031e-18
    outer loop
      vertex 53.7956 -35.5529 0
      vertex 53.9487 -34.7832 -2
      vertex 53.9487 -34.7832 0
    endloop
  endfacet
  facet normal 0.980786 -0.195087 1.56031e-18
    outer loop
      vertex 53.9487 -34.7832 -2
      vertex 53.7956 -35.5529 0
      vertex 53.7956 -35.5529 -2
    endloop
  endfacet
  facet normal -0.997862 -0.0653605 -1.72325e-18
    outer loop
      vertex 42.0513 -34.7832 -2
      vertex 42 -34 0
      vertex 42 -34 -2
    endloop
  endfacet
  facet normal -0.997862 -0.0653605 -1.72325e-18
    outer loop
      vertex 42 -34 0
      vertex 42.0513 -34.7832 -2
      vertex 42.0513 -34.7832 0
    endloop
  endfacet
  facet normal 0.896885 -0.442263 5.11378e-18
    outer loop
      vertex 53.1962 -37 0
      vertex 53.5433 -36.2961 -2
      vertex 53.5433 -36.2961 0
    endloop
  endfacet
  facet normal 0.896885 -0.442263 5.11378e-18
    outer loop
      vertex 53.5433 -36.2961 -2
      vertex 53.1962 -37 0
      vertex 53.1962 -37 -2
    endloop
  endfacet
  facet normal 0.195087 -0.980786 0
    outer loop
      vertex 48.7832 -39.9487 -2
      vertex 49.5529 -39.7956 0
      vertex 48.7832 -39.9487 0
    endloop
  endfacet
  facet normal 0.195087 -0.980786 0
    outer loop
      vertex 49.5529 -39.7956 0
      vertex 48.7832 -39.9487 -2
      vertex 49.5529 -39.7956 -2
    endloop
  endfacet
  facet normal -0.659406 0.751787 0
    outer loop
      vertex 44.3474 -29.2399 -2
      vertex 43.7574 -29.7574 0
      vertex 44.3474 -29.2399 0
    endloop
  endfacet
  facet normal -0.659406 0.751787 0
    outer loop
      vertex 43.7574 -29.7574 0
      vertex 44.3474 -29.2399 -2
      vertex 43.7574 -29.7574 -2
    endloop
  endfacet
  facet normal 0.0653605 -0.997862 0
    outer loop
      vertex 48 -40 -2
      vertex 48.7832 -39.9487 0
      vertex 48 -40 0
    endloop
  endfacet
  facet normal 0.0653605 -0.997862 0
    outer loop
      vertex 48.7832 -39.9487 0
      vertex 48 -40 -2
      vertex 48.7832 -39.9487 -2
    endloop
  endfacet
  facet normal 0.555611 -0.831442 0
    outer loop
      vertex 51 -39.1962 -2
      vertex 51.6526 -38.7601 0
      vertex 51 -39.1962 0
    endloop
  endfacet
  facet normal 0.555611 -0.831442 0
    outer loop
      vertex 51.6526 -38.7601 0
      vertex 51 -39.1962 -2
      vertex 51.6526 -38.7601 -2
    endloop
  endfacet
  facet normal 0.442263 0.896885 -0
    outer loop
      vertex 51 -28.8038 -2
      vertex 50.2961 -28.4567 0
      vertex 51 -28.8038 0
    endloop
  endfacet
  facet normal 0.442263 0.896885 0
    outer loop
      vertex 50.2961 -28.4567 0
      vertex 51 -28.8038 -2
      vertex 50.2961 -28.4567 -2
    endloop
  endfacet
  facet normal -0.896885 0.442263 -4.98653e-18
    outer loop
      vertex 42.4567 -31.7039 -2
      vertex 42.8038 -31 0
      vertex 42.8038 -31 -2
    endloop
  endfacet
  facet normal -0.896885 0.442263 -4.98653e-18
    outer loop
      vertex 42.8038 -31 0
      vertex 42.4567 -31.7039 -2
      vertex 42.4567 -31.7039 0
    endloop
  endfacet
  facet normal -0.980786 0.195087 1.56031e-18
    outer loop
      vertex 42.0513 -33.2168 -2
      vertex 42.2044 -32.4471 0
      vertex 42.2044 -32.4471 -2
    endloop
  endfacet
  facet normal -0.980786 0.195087 1.56031e-18
    outer loop
      vertex 42.2044 -32.4471 0
      vertex 42.0513 -33.2168 -2
      vertex 42.0513 -33.2168 0
    endloop
  endfacet
  facet normal -0.831442 -0.555611 1.00759e-17
    outer loop
      vertex 43.2399 -37.6526 -2
      vertex 42.8038 -37 0
      vertex 42.8038 -37 -2
    endloop
  endfacet
  facet normal -0.831442 -0.555611 1.00759e-17
    outer loop
      vertex 42.8038 -37 0
      vertex 43.2399 -37.6526 -2
      vertex 43.2399 -37.6526 0
    endloop
  endfacet
  facet normal 0.32146 0.946923 -0
    outer loop
      vertex 50.2961 -28.4567 -2
      vertex 49.5529 -28.2044 0
      vertex 50.2961 -28.4567 0
    endloop
  endfacet
  facet normal 0.32146 0.946923 0
    outer loop
      vertex 49.5529 -28.2044 0
      vertex 50.2961 -28.4567 -2
      vertex 49.5529 -28.2044 -2
    endloop
  endfacet
  facet normal 0.32146 -0.946923 0
    outer loop
      vertex 49.5529 -39.7956 -2
      vertex 50.2961 -39.5433 0
      vertex 49.5529 -39.7956 0
    endloop
  endfacet
  facet normal 0.32146 -0.946923 0
    outer loop
      vertex 50.2961 -39.5433 0
      vertex 49.5529 -39.7956 -2
      vertex 50.2961 -39.5433 -2
    endloop
  endfacet
  facet normal -0.997862 0.0653605 1.72325e-18
    outer loop
      vertex 42 -34 -2
      vertex 42.0513 -33.2168 0
      vertex 42.0513 -33.2168 -2
    endloop
  endfacet
  facet normal -0.997862 0.0653605 1.72325e-18
    outer loop
      vertex 42.0513 -33.2168 0
      vertex 42 -34 -2
      vertex 42 -34 0
    endloop
  endfacet
  facet normal 0.195087 0.980786 -0
    outer loop
      vertex 49.5529 -28.2044 -2
      vertex 48.7832 -28.0513 0
      vertex 49.5529 -28.2044 0
    endloop
  endfacet
  facet normal 0.195087 0.980786 0
    outer loop
      vertex 48.7832 -28.0513 0
      vertex 49.5529 -28.2044 -2
      vertex 48.7832 -28.0513 -2
    endloop
  endfacet
  facet normal 0.751787 -0.659406 1.53915e-17
    outer loop
      vertex 52.2426 -38.2426 0
      vertex 52.7601 -37.6526 -2
      vertex 52.7601 -37.6526 0
    endloop
  endfacet
  facet normal 0.751787 -0.659406 1.53915e-17
    outer loop
      vertex 52.7601 -37.6526 -2
      vertex 52.2426 -38.2426 0
      vertex 52.2426 -38.2426 -2
    endloop
  endfacet
  facet normal -0.195087 0.980786 0
    outer loop
      vertex 47.2168 -28.0513 -2
      vertex 46.4471 -28.2044 0
      vertex 47.2168 -28.0513 0
    endloop
  endfacet
  facet normal -0.195087 0.980786 0
    outer loop
      vertex 46.4471 -28.2044 0
      vertex 47.2168 -28.0513 -2
      vertex 46.4471 -28.2044 -2
    endloop
  endfacet
  facet normal -0.896885 -0.442263 -5.11378e-18
    outer loop
      vertex 42.8038 -37 -2
      vertex 42.4567 -36.2961 0
      vertex 42.4567 -36.2961 -2
    endloop
  endfacet
  facet normal -0.896885 -0.442263 -5.11378e-18
    outer loop
      vertex 42.4567 -36.2961 0
      vertex 42.8038 -37 -2
      vertex 42.8038 -37 0
    endloop
  endfacet
  facet normal -0.0653605 0.997862 0
    outer loop
      vertex 48 -28 -2
      vertex 47.2168 -28.0513 0
      vertex 48 -28 0
    endloop
  endfacet
  facet normal -0.0653605 0.997862 0
    outer loop
      vertex 47.2168 -28.0513 0
      vertex 48 -28 -2
      vertex 47.2168 -28.0513 -2
    endloop
  endfacet
  facet normal 0 0 -1
    outer loop
      vertex 53.9487 -34.7832 -2
      vertex 53.9487 -33.2168 -2
      vertex 54 -34 -2
    endloop
  endfacet
  facet normal 0 0 -1
    outer loop
      vertex 53.7956 -35.5529 -2
      vertex 53.9487 -33.2168 -2
      vertex 53.9487 -34.7832 -2
    endloop
  endfacet
  facet normal 0 0 -1
    outer loop
      vertex 53.7956 -35.5529 -2
      vertex 53.7956 -32.4471 -2
      vertex 53.9487 -33.2168 -2
    endloop
  endfacet
  facet normal 0 0 -1
    outer loop
      vertex 53.5433 -36.2961 -2
      vertex 53.7956 -32.4471 -2
      vertex 53.7956 -35.5529 -2
    endloop
  endfacet
  facet normal 0 0 -1
    outer loop
      vertex 53.5433 -36.2961 -2
      vertex 53.5433 -31.7039 -2
      vertex 53.7956 -32.4471 -2
    endloop
  endfacet
  facet normal 0 0 -1
    outer loop
      vertex 53.1962 -37 -2
      vertex 53.5433 -31.7039 -2
      vertex 53.5433 -36.2961 -2
    endloop
  endfacet
  facet normal 0 0 -1
    outer loop
      vertex 53.1962 -37 -2
      vertex 53.1962 -31 -2
      vertex 53.5433 -31.7039 -2
    endloop
  endfacet
  facet normal 0 0 -1
    outer loop
      vertex 52.7601 -37.6526 -2
      vertex 53.1962 -31 -2
      vertex 53.1962 -37 -2
    endloop
  endfacet
  facet normal 0 0 -1
    outer loop
      vertex 52.7601 -37.6526 -2
      vertex 52.7601 -30.3474 -2
      vertex 53.1962 -31 -2
    endloop
  endfacet
  facet normal 0 0 -1
    outer loop
      vertex 52.2426 -38.2426 -2
      vertex 52.7601 -30.3474 -2
      vertex 52.7601 -37.6526 -2
    endloop
  endfacet
  facet normal 0 0 -1
    outer loop
      vertex 52.2426 -38.2426 -2
      vertex 52.2426 -29.7574 -2
      vertex 52.7601 -30.3474 -2
    endloop
  endfacet
  facet normal 0 0 -1
    outer loop
      vertex 51.6526 -38.7601 -2
      vertex 52.2426 -29.7574 -2
      vertex 52.2426 -38.2426 -2
    endloop
  endfacet
  facet normal 0 0 -1
    outer loop
      vertex 51.6526 -38.7601 -2
      vertex 51.6526 -29.2399 -2
      vertex 52.2426 -29.7574 -2
    endloop
  endfacet
  facet normal 0 0 -1
    outer loop
      vertex 51 -39.1962 -2
      vertex 51.6526 -29.2399 -2
      vertex 51.6526 -38.7601 -2
    endloop
  endfacet
  facet normal 0 0 -1
    outer loop
      vertex 51 -39.1962 -2
      vertex 51 -28.8038 -2
      vertex 51.6526 -29.2399 -2
    endloop
  endfacet
  facet normal 0 0 -1
    outer loop
      vertex 50.2961 -39.5433 -2
      vertex 51 -28.8038 -2
      vertex 51 -39.1962 -2
    endloop
  endfacet
  facet normal 0 0 -1
    outer loop
      vertex 50.2961 -39.5433 -2
      vertex 50.2961 -28.4567 -2
      vertex 51 -28.8038 -2
    endloop
  endfacet
  facet normal 0 0 -1
    outer loop
      vertex 49.5529 -39.7956 -2
      vertex 50.2961 -28.4567 -2
      vertex 50.2961 -39.5433 -2
    endloop
  endfacet
  facet normal 0 0 -1
    outer loop
      vertex 49.5529 -39.7956 -2
      vertex 49.5529 -28.2044 -2
      vertex 50.2961 -28.4567 -2
    endloop
  endfacet
  facet normal 0 0 -1
    outer loop
      vertex 48.7832 -39.9487 -2
      vertex 49.5529 -28.2044 -2
      vertex 49.5529 -39.7956 -2
    endloop
  endfacet
  facet normal 0 0 -1
    outer loop
      vertex 48.7832 -39.9487 -2
      vertex 48.7832 -28.0513 -2
      vertex 49.5529 -28.2044 -2
    endloop
  endfacet
  facet normal 0 0 -1
    outer loop
      vertex 48 -40 -2
      vertex 48.7832 -28.0513 -2
      vertex 48.7832 -39.9487 -2
    endloop
  endfacet
  facet normal 0 0 -1
    outer loop
      vertex 48 -40 -2
      vertex 48 -28 -2
      vertex 48.7832 -28.0513 -2
    endloop
  endfacet
  facet normal 0 0 -1
    outer loop
      vertex 47.2168 -39.9487 -2
      vertex 48 -28 -2
      vertex 48 -40 -2
    endloop
  endfacet
  facet normal 0 0 -1
    outer loop
      vertex 47.2168 -39.9487 -2
      vertex 47.2168 -28.0513 -2
      vertex 48 -28 -2
    endloop
  endfacet
  facet normal 0 0 -1
    outer loop
      vertex 46.4471 -39.7956 -2
      vertex 47.2168 -28.0513 -2
      vertex 47.2168 -39.9487 -2
    endloop
  endfacet
  facet normal 0 0 -1
    outer loop
      vertex 46.4471 -39.7956 -2
      vertex 46.4471 -28.2044 -2
      vertex 47.2168 -28.0513 -2
    endloop
  endfacet
  facet normal 0 0 -1
    outer loop
      vertex 45.7039 -39.5433 -2
      vertex 46.4471 -28.2044 -2
      vertex 46.4471 -39.7956 -2
    endloop
  endfacet
  facet normal 0 0 -1
    outer loop
      vertex 45.7039 -39.5433 -2
      vertex 45.7039 -28.4567 -2
      vertex 46.4471 -28.2044 -2
    endloop
  endfacet
  facet normal 0 0 -1
    outer loop
      vertex 45 -39.1962 -2
      vertex 45.7039 -28.4567 -2
      vertex 45.7039 -39.5433 -2
    endloop
  endfacet
  facet normal 0 0 -1
    outer loop
      vertex 45 -39.1962 -2
      vertex 45 -28.8038 -2
      vertex 45.7039 -28.4567 -2
    endloop
  endfacet
  facet normal 0 0 -1
    outer loop
      vertex 44.3474 -38.7601 -2
      vertex 45 -28.8038 -2
      vertex 45 -39.1962 -2
    endloop
  endfacet
  facet normal 0 0 -1
    outer loop
      vertex 44.3474 -38.7601 -2
      vertex 44.3474 -29.2399 -2
      vertex 45 -28.8038 -2
    endloop
  endfacet
  facet normal 0 0 -1
    outer loop
      vertex 43.7574 -38.2426 -2
      vertex 44.3474 -29.2399 -2
      vertex 44.3474 -38.7601 -2
    endloop
  endfacet
  facet normal 0 0 -1
    outer loop
      vertex 43.7574 -38.2426 -2
      vertex 43.7574 -29.7574 -2
      vertex 44.3474 -29.2399 -2
    endloop
  endfacet
  facet normal 0 0 -1
    outer loop
      vertex 43.2399 -37.6526 -2
      vertex 43.7574 -29.7574 -2
      vertex 43.7574 -38.2426 -2
    endloop
  endfacet
  facet normal 0 0 -1
    outer loop
      vertex 43.2399 -37.6526 -2
      vertex 43.2399 -30.3474 -2
      vertex 43.7574 -29.7574 -2
    endloop
  endfacet
  facet normal 0 0 -1
    outer loop
      vertex 42.8038 -37 -2
      vertex 43.2399 -30.3474 -2
      vertex 43.2399 -37.6526 -2
    endloop
  endfacet
  facet normal 0 0 -1
    outer loop
      vertex 42.8038 -37 -2
      vertex 42.8038 -31 -2
      vertex 43.2399 -30.3474 -2
    endloop
  endfacet
  facet normal 0 0 -1
    outer loop
      vertex 42.4567 -36.2961 -2
      vertex 42.8038 -31 -2
      vertex 42.8038 -37 -2
    endloop
  endfacet
  facet normal 0 0 -1
    outer loop
      vertex 42.4567 -36.2961 -2
      vertex 42.4567 -31.7039 -2
      vertex 42.8038 -31 -2
    endloop
  endfacet
  facet normal 0 0 -1
    outer loop
      vertex 42.2044 -35.5529 -2
      vertex 42.4567 -31.7039 -2
      vertex 42.4567 -36.2961 -2
    endloop
  endfacet
  facet normal 0 0 -1
    outer loop
      vertex 42.2044 -35.5529 -2
      vertex 42.2044 -32.4471 -2
      vertex 42.4567 -31.7039 -2
    endloop
  endfacet
  facet normal 0 0 -1
    outer loop
      vertex 42.0513 -34.7832 -2
      vertex 42.2044 -32.4471 -2
      vertex 42.2044 -35.5529 -2
    endloop
  endfacet
  facet normal 0 0 -1
    outer loop
      vertex 42.0513 -34.7832 -2
      vertex 42.0513 -33.2168 -2
      vertex 42.2044 -32.4471 -2
    endloop
  endfacet
  facet normal 0 -0 -1
    outer loop
      vertex 42.0513 -33.2168 -2
      vertex 42.0513 -34.7832 -2
      vertex 42 -34 -2
    endloop
  endfacet
  facet normal -0.831442 0.555611 -1.00759e-17
    outer loop
      vertex 42.8038 -31 -2
      vertex 43.2399 -30.3474 0
      vertex 43.2399 -30.3474 -2
    endloop
  endfacet
  facet normal -0.831442 0.555611 -1.00759e-17
    outer loop
      vertex 43.2399 -30.3474 0
      vertex 42.8038 -31 -2
      vertex 42.8038 -31 0
    endloop
  endfacet
  facet normal 0.980786 0.195087 -1.56031e-18
    outer loop
      vertex 53.9487 34.7832 0
      vertex 53.7956 35.5529 -2
      vertex 53.7956 35.5529 0
    endloop
  endfacet
  facet normal 0.980786 0.195087 -1.56031e-18
    outer loop
      vertex 53.7956 35.5529 -2
      vertex 53.9487 34.7832 0
      vertex 53.9487 34.7832 -2
    endloop
  endfacet
  facet normal 0.997862 0.0653605 -1.72325e-18
    outer loop
      vertex 54 34 0
      vertex 53.9487 34.7832 -2
      vertex 53.9487 34.7832 0
    endloop
  endfacet
  facet normal 0.997862 0.0653605 -1.72325e-18
    outer loop
      vertex 53.9487 34.7832 -2
      vertex 54 34 0
      vertex 54 34 -2
    endloop
  endfacet
  facet normal 0.946923 0.32146 3.17222e-19
    outer loop
      vertex 53.7956 35.5529 0
      vertex 53.5433 36.2961 -2
      vertex 53.5433 36.2961 0
    endloop
  endfacet
  facet normal 0.946923 0.32146 3.17222e-19
    outer loop
      vertex 53.5433 36.2961 -2
      vertex 53.7956 35.5529 0
      vertex 53.7956 35.5529 -2
    endloop
  endfacet
  facet normal -0.555611 0.831442 0
    outer loop
      vertex 45 39.1962 -2
      vertex 44.3474 38.7601 0
      vertex 45 39.1962 0
    endloop
  endfacet
  facet normal -0.555611 0.831442 0
    outer loop
      vertex 44.3474 38.7601 0
      vertex 45 39.1962 -2
      vertex 44.3474 38.7601 -2
    endloop
  endfacet
  facet normal -0.32146 0.946923 0
    outer loop
      vertex 46.4471 39.7956 -2
      vertex 45.7039 39.5433 0
      vertex 46.4471 39.7956 0
    endloop
  endfacet
  facet normal -0.32146 0.946923 0
    outer loop
      vertex 45.7039 39.5433 0
      vertex 46.4471 39.7956 -2
      vertex 45.7039 39.5433 -2
    endloop
  endfacet
  facet normal 0.659406 -0.751787 0
    outer loop
      vertex 51.6526 29.2399 -2
      vertex 52.2426 29.7574 0
      vertex 51.6526 29.2399 0
    endloop
  endfacet
  facet normal 0.659406 -0.751787 0
    outer loop
      vertex 52.2426 29.7574 0
      vertex 51.6526 29.2399 -2
      vertex 52.2426 29.7574 -2
    endloop
  endfacet
  facet normal -0.32146 -0.946923 0
    outer loop
      vertex 45.7039 28.4567 -2
      vertex 46.4471 28.2044 0
      vertex 45.7039 28.4567 0
    endloop
  endfacet
  facet normal -0.32146 -0.946923 -0
    outer loop
      vertex 46.4471 28.2044 0
      vertex 45.7039 28.4567 -2
      vertex 46.4471 28.2044 -2
    endloop
  endfacet
  facet normal 0.896885 0.442263 -5.11378e-18
    outer loop
      vertex 53.5433 36.2961 0
      vertex 53.1962 37 -2
      vertex 53.1962 37 0
    endloop
  endfacet
  facet normal 0.896885 0.442263 -5.11378e-18
    outer loop
      vertex 53.1962 37 -2
      vertex 53.5433 36.2961 0
      vertex 53.5433 36.2961 -2
    endloop
  endfacet
  facet normal 0.442263 0.896885 -0
    outer loop
      vertex 51 39.1962 -2
      vertex 50.2961 39.5433 0
      vertex 51 39.1962 0
    endloop
  endfacet
  facet normal 0.442263 0.896885 0
    outer loop
      vertex 50.2961 39.5433 0
      vertex 51 39.1962 -2
      vertex 50.2961 39.5433 -2
    endloop
  endfacet
  facet normal -0.980786 -0.195087 -1.56031e-18
    outer loop
      vertex 42.2044 32.4471 -2
      vertex 42.0513 33.2168 0
      vertex 42.0513 33.2168 -2
    endloop
  endfacet
  facet normal -0.980786 -0.195087 -1.56031e-18
    outer loop
      vertex 42.0513 33.2168 0
      vertex 42.2044 32.4471 -2
      vertex 42.2044 32.4471 0
    endloop
  endfacet
  facet normal -0.751787 0.659406 1.53915e-17
    outer loop
      vertex 43.2399 37.6526 -2
      vertex 43.7574 38.2426 0
      vertex 43.7574 38.2426 -2
    endloop
  endfacet
  facet normal -0.751787 0.659406 1.53915e-17
    outer loop
      vertex 43.7574 38.2426 0
      vertex 43.2399 37.6526 -2
      vertex 43.2399 37.6526 0
    endloop
  endfacet
  facet normal -0.442263 -0.896885 0
    outer loop
      vertex 45 28.8038 -2
      vertex 45.7039 28.4567 0
      vertex 45 28.8038 0
    endloop
  endfacet
  facet normal -0.442263 -0.896885 -0
    outer loop
      vertex 45.7039 28.4567 0
      vertex 45 28.8038 -2
      vertex 45.7039 28.4567 -2
    endloop
  endfacet
  facet normal -0.751787 -0.659406 -1.11475e-17
    outer loop
      vertex 43.7574 29.7574 -2
      vertex 43.2399 30.3474 0
      vertex 43.2399 30.3474 -2
    endloop
  endfacet
  facet normal -0.751787 -0.659406 -1.11475e-17
    outer loop
      vertex 43.2399 30.3474 0
      vertex 43.7574 29.7574 -2
      vertex 43.7574 29.7574 0
    endloop
  endfacet
  facet normal 0.32146 -0.946923 0
    outer loop
      vertex 49.5529 28.2044 -2
      vertex 50.2961 28.4567 0
      vertex 49.5529 28.2044 0
    endloop
  endfacet
  facet normal 0.32146 -0.946923 0
    outer loop
      vertex 50.2961 28.4567 0
      vertex 49.5529 28.2044 -2
      vertex 50.2961 28.4567 -2
    endloop
  endfacet
  facet normal 0 0 -1
    outer loop
      vertex 53.9487 33.2168 -2
      vertex 53.9487 34.7832 -2
      vertex 54 34 -2
    endloop
  endfacet
  facet normal 0 0 -1
    outer loop
      vertex 53.7956 32.4471 -2
      vertex 53.9487 34.7832 -2
      vertex 53.9487 33.2168 -2
    endloop
  endfacet
  facet normal 0 0 -1
    outer loop
      vertex 53.7956 32.4471 -2
      vertex 53.7956 35.5529 -2
      vertex 53.9487 34.7832 -2
    endloop
  endfacet
  facet normal 0 0 -1
    outer loop
      vertex 53.5433 31.7039 -2
      vertex 53.7956 35.5529 -2
      vertex 53.7956 32.4471 -2
    endloop
  endfacet
  facet normal 0 0 -1
    outer loop
      vertex 53.5433 31.7039 -2
      vertex 53.5433 36.2961 -2
      vertex 53.7956 35.5529 -2
    endloop
  endfacet
  facet normal 0 0 -1
    outer loop
      vertex 53.1962 31 -2
      vertex 53.5433 36.2961 -2
      vertex 53.5433 31.7039 -2
    endloop
  endfacet
  facet normal 0 0 -1
    outer loop
      vertex 53.1962 31 -2
      vertex 53.1962 37 -2
      vertex 53.5433 36.2961 -2
    endloop
  endfacet
  facet normal 0 0 -1
    outer loop
      vertex 52.7601 30.3474 -2
      vertex 53.1962 37 -2
      vertex 53.1962 31 -2
    endloop
  endfacet
  facet normal 0 0 -1
    outer loop
      vertex 52.7601 30.3474 -2
      vertex 52.7601 37.6526 -2
      vertex 53.1962 37 -2
    endloop
  endfacet
  facet normal 0 0 -1
    outer loop
      vertex 52.2426 29.7574 -2
      vertex 52.7601 37.6526 -2
      vertex 52.7601 30.3474 -2
    endloop
  endfacet
  facet normal 0 0 -1
    outer loop
      vertex 52.2426 29.7574 -2
      vertex 52.2426 38.2426 -2
      vertex 52.7601 37.6526 -2
    endloop
  endfacet
  facet normal 0 0 -1
    outer loop
      vertex 51.6526 29.2399 -2
      vertex 52.2426 38.2426 -2
      vertex 52.2426 29.7574 -2
    endloop
  endfacet
  facet normal 0 0 -1
    outer loop
      vertex 51.6526 29.2399 -2
      vertex 51.6526 38.7601 -2
      vertex 52.2426 38.2426 -2
    endloop
  endfacet
  facet normal 0 0 -1
    outer loop
      vertex 51 28.8038 -2
      vertex 51.6526 38.7601 -2
      vertex 51.6526 29.2399 -2
    endloop
  endfacet
  facet normal 0 0 -1
    outer loop
      vertex 51 28.8038 -2
      vertex 51 39.1962 -2
      vertex 51.6526 38.7601 -2
    endloop
  endfacet
  facet normal 0 0 -1
    outer loop
      vertex 50.2961 28.4567 -2
      vertex 51 39.1962 -2
      vertex 51 28.8038 -2
    endloop
  endfacet
  facet normal 0 0 -1
    outer loop
      vertex 50.2961 28.4567 -2
      vertex 50.2961 39.5433 -2
      vertex 51 39.1962 -2
    endloop
  endfacet
  facet normal 0 0 -1
    outer loop
      vertex 49.5529 28.2044 -2
      vertex 50.2961 39.5433 -2
      vertex 50.2961 28.4567 -2
    endloop
  endfacet
  facet normal 0 0 -1
    outer loop
      vertex 49.5529 28.2044 -2
      vertex 49.5529 39.7956 -2
      vertex 50.2961 39.5433 -2
    endloop
  endfacet
  facet normal 0 0 -1
    outer loop
      vertex 48.7832 28.0513 -2
      vertex 49.5529 39.7956 -2
      vertex 49.5529 28.2044 -2
    endloop
  endfacet
  facet normal 0 0 -1
    outer loop
      vertex 48.7832 28.0513 -2
      vertex 48.7832 39.9487 -2
      vertex 49.5529 39.7956 -2
    endloop
  endfacet
  facet normal 0 0 -1
    outer loop
      vertex 48 28 -2
      vertex 48.7832 39.9487 -2
      vertex 48.7832 28.0513 -2
    endloop
  endfacet
  facet normal 0 0 -1
    outer loop
      vertex 48 28 -2
      vertex 48 40 -2
      vertex 48.7832 39.9487 -2
    endloop
  endfacet
  facet normal 0 0 -1
    outer loop
      vertex 47.2168 28.0513 -2
      vertex 48 40 -2
      vertex 48 28 -2
    endloop
  endfacet
  facet normal 0 0 -1
    outer loop
      vertex 47.2168 28.0513 -2
      vertex 47.2168 39.9487 -2
      vertex 48 40 -2
    endloop
  endfacet
  facet normal 0 0 -1
    outer loop
      vertex 46.4471 28.2044 -2
      vertex 47.2168 39.9487 -2
      vertex 47.2168 28.0513 -2
    endloop
  endfacet
  facet normal 0 0 -1
    outer loop
      vertex 46.4471 28.2044 -2
      vertex 46.4471 39.7956 -2
      vertex 47.2168 39.9487 -2
    endloop
  endfacet
  facet normal 0 0 -1
    outer loop
      vertex 45.7039 28.4567 -2
      vertex 46.4471 39.7956 -2
      vertex 46.4471 28.2044 -2
    endloop
  endfacet
  facet normal 0 0 -1
    outer loop
      vertex 45.7039 28.4567 -2
      vertex 45.7039 39.5433 -2
      vertex 46.4471 39.7956 -2
    endloop
  endfacet
  facet normal 0 0 -1
    outer loop
      vertex 45 28.8038 -2
      vertex 45.7039 39.5433 -2
      vertex 45.7039 28.4567 -2
    endloop
  endfacet
  facet normal 0 0 -1
    outer loop
      vertex 45 28.8038 -2
      vertex 45 39.1962 -2
      vertex 45.7039 39.5433 -2
    endloop
  endfacet
  facet normal 0 0 -1
    outer loop
      vertex 44.3474 29.2399 -2
      vertex 45 39.1962 -2
      vertex 45 28.8038 -2
    endloop
  endfacet
  facet normal 0 0 -1
    outer loop
      vertex 44.3474 29.2399 -2
      vertex 44.3474 38.7601 -2
      vertex 45 39.1962 -2
    endloop
  endfacet
  facet normal 0 0 -1
    outer loop
      vertex 43.7574 29.7574 -2
      vertex 44.3474 38.7601 -2
      vertex 44.3474 29.2399 -2
    endloop
  endfacet
  facet normal 0 0 -1
    outer loop
      vertex 43.7574 29.7574 -2
      vertex 43.7574 38.2426 -2
      vertex 44.3474 38.7601 -2
    endloop
  endfacet
  facet normal 0 0 -1
    outer loop
      vertex 43.2399 30.3474 -2
      vertex 43.7574 38.2426 -2
      vertex 43.7574 29.7574 -2
    endloop
  endfacet
  facet normal 0 0 -1
    outer loop
      vertex 43.2399 30.3474 -2
      vertex 43.2399 37.6526 -2
      vertex 43.7574 38.2426 -2
    endloop
  endfacet
  facet normal 0 0 -1
    outer loop
      vertex 42.8038 31 -2
      vertex 43.2399 37.6526 -2
      vertex 43.2399 30.3474 -2
    endloop
  endfacet
  facet normal 0 0 -1
    outer loop
      vertex 42.8038 31 -2
      vertex 42.8038 37 -2
      vertex 43.2399 37.6526 -2
    endloop
  endfacet
  facet normal 0 0 -1
    outer loop
      vertex 42.4567 31.7039 -2
      vertex 42.8038 37 -2
      vertex 42.8038 31 -2
    endloop
  endfacet
  facet normal 0 0 -1
    outer loop
      vertex 42.4567 31.7039 -2
      vertex 42.4567 36.2961 -2
      vertex 42.8038 37 -2
    endloop
  endfacet
  facet normal 0 0 -1
    outer loop
      vertex 42.2044 32.4471 -2
      vertex 42.4567 36.2961 -2
      vertex 42.4567 31.7039 -2
    endloop
  endfacet
  facet normal 0 0 -1
    outer loop
      vertex 42.2044 32.4471 -2
      vertex 42.2044 35.5529 -2
      vertex 42.4567 36.2961 -2
    endloop
  endfacet
  facet normal 0 0 -1
    outer loop
      vertex 42.0513 33.2168 -2
      vertex 42.2044 35.5529 -2
      vertex 42.2044 32.4471 -2
    endloop
  endfacet
  facet normal 0 0 -1
    outer loop
      vertex 42.0513 33.2168 -2
      vertex 42.0513 34.7832 -2
      vertex 42.2044 35.5529 -2
    endloop
  endfacet
  facet normal 0 -0 -1
    outer loop
      vertex 42.0513 34.7832 -2
      vertex 42.0513 33.2168 -2
      vertex 42 34 -2
    endloop
  endfacet
  facet normal 0.980786 -0.195087 1.56031e-18
    outer loop
      vertex 53.7956 32.4471 0
      vertex 53.9487 33.2168 -2
      vertex 53.9487 33.2168 0
    endloop
  endfacet
  facet normal 0.980786 -0.195087 1.56031e-18
    outer loop
      vertex 53.9487 33.2168 -2
      vertex 53.7956 32.4471 0
      vertex 53.7956 32.4471 -2
    endloop
  endfacet
  facet normal -0.0653605 0.997862 0
    outer loop
      vertex 48 40 -2
      vertex 47.2168 39.9487 0
      vertex 48 40 0
    endloop
  endfacet
  facet normal -0.0653605 0.997862 0
    outer loop
      vertex 47.2168 39.9487 0
      vertex 48 40 -2
      vertex 47.2168 39.9487 -2
    endloop
  endfacet
  facet normal -0.946923 -0.32146 5.52278e-18
    outer loop
      vertex 42.4567 31.7039 -2
      vertex 42.2044 32.4471 0
      vertex 42.2044 32.4471 -2
    endloop
  endfacet
  facet normal -0.946923 -0.32146 5.52278e-18
    outer loop
      vertex 42.2044 32.4471 0
      vertex 42.4567 31.7039 -2
      vertex 42.4567 31.7039 0
    endloop
  endfacet
  facet normal -0.659406 -0.751787 0
    outer loop
      vertex 43.7574 29.7574 -2
      vertex 44.3474 29.2399 0
      vertex 43.7574 29.7574 0
    endloop
  endfacet
  facet normal -0.659406 -0.751787 -0
    outer loop
      vertex 44.3474 29.2399 0
      vertex 43.7574 29.7574 -2
      vertex 44.3474 29.2399 -2
    endloop
  endfacet
  facet normal 0.555611 0.831442 -0
    outer loop
      vertex 51.6526 38.7601 -2
      vertex 51 39.1962 0
      vertex 51.6526 38.7601 0
    endloop
  endfacet
  facet normal 0.555611 0.831442 0
    outer loop
      vertex 51 39.1962 0
      vertex 51.6526 38.7601 -2
      vertex 51 39.1962 -2
    endloop
  endfacet
  facet normal 0.946923 -0.32146 -5.52278e-18
    outer loop
      vertex 53.5433 31.7039 0
      vertex 53.7956 32.4471 -2
      vertex 53.7956 32.4471 0
    endloop
  endfacet
  facet normal 0.946923 -0.32146 -5.52278e-18
    outer loop
      vertex 53.7956 32.4471 -2
      vertex 53.5433 31.7039 0
      vertex 53.5433 31.7039 -2
    endloop
  endfacet
  facet normal 0.442263 -0.896885 0
    outer loop
      vertex 50.2961 28.4567 -2
      vertex 51 28.8038 0
      vertex 50.2961 28.4567 0
    endloop
  endfacet
  facet normal 0.442263 -0.896885 0
    outer loop
      vertex 51 28.8038 0
      vertex 50.2961 28.4567 -2
      vertex 51 28.8038 -2
    endloop
  endfacet
  facet normal -0.980786 0.195087 1.56031e-18
    outer loop
      vertex 42.0513 34.7832 -2
      vertex 42.2044 35.5529 0
      vertex 42.2044 35.5529 -2
    endloop
  endfacet
  facet normal -0.980786 0.195087 1.56031e-18
    outer loop
      vertex 42.2044 35.5529 0
      vertex 42.0513 34.7832 -2
      vertex 42.0513 34.7832 0
    endloop
  endfacet
  facet normal 0.195087 -0.980786 0
    outer loop
      vertex 48.7832 28.0513 -2
      vertex 49.5529 28.2044 0
      vertex 48.7832 28.0513 0
    endloop
  endfacet
  facet normal 0.195087 -0.980786 0
    outer loop
      vertex 49.5529 28.2044 0
      vertex 48.7832 28.0513 -2
      vertex 49.5529 28.2044 -2
    endloop
  endfacet
  facet normal -0.831442 -0.555611 1.00759e-17
    outer loop
      vertex 43.2399 30.3474 -2
      vertex 42.8038 31 0
      vertex 42.8038 31 -2
    endloop
  endfacet
  facet normal -0.831442 -0.555611 1.00759e-17
    outer loop
      vertex 42.8038 31 0
      vertex 43.2399 30.3474 -2
      vertex 43.2399 30.3474 0
    endloop
  endfacet
  facet normal -0.946923 0.32146 -3.17222e-19
    outer loop
      vertex 42.2044 35.5529 -2
      vertex 42.4567 36.2961 0
      vertex 42.4567 36.2961 -2
    endloop
  endfacet
  facet normal -0.946923 0.32146 -3.17222e-19
    outer loop
      vertex 42.4567 36.2961 0
      vertex 42.2044 35.5529 -2
      vertex 42.2044 35.5529 0
    endloop
  endfacet
  facet normal -0.0653605 -0.997862 0
    outer loop
      vertex 47.2168 28.0513 -2
      vertex 48 28 0
      vertex 47.2168 28.0513 0
    endloop
  endfacet
  facet normal -0.0653605 -0.997862 -0
    outer loop
      vertex 48 28 0
      vertex 47.2168 28.0513 -2
      vertex 48 28 -2
    endloop
  endfacet
  facet normal 0.831442 0.555611 1.00759e-17
    outer loop
      vertex 53.1962 37 0
      vertex 52.7601 37.6526 -2
      vertex 52.7601 37.6526 0
    endloop
  endfacet
  facet normal 0.831442 0.555611 1.00759e-17
    outer loop
      vertex 52.7601 37.6526 -2
      vertex 53.1962 37 0
      vertex 53.1962 37 -2
    endloop
  endfacet
  facet normal 0.32146 0.946923 -0
    outer loop
      vertex 50.2961 39.5433 -2
      vertex 49.5529 39.7956 0
      vertex 50.2961 39.5433 0
    endloop
  endfacet
  facet normal 0.32146 0.946923 0
    outer loop
      vertex 49.5529 39.7956 0
      vertex 50.2961 39.5433 -2
      vertex 49.5529 39.7956 -2
    endloop
  endfacet
  facet normal -0.195087 0.980786 0
    outer loop
      vertex 47.2168 39.9487 -2
      vertex 46.4471 39.7956 0
      vertex 47.2168 39.9487 0
    endloop
  endfacet
  facet normal -0.195087 0.980786 0
    outer loop
      vertex 46.4471 39.7956 0
      vertex 47.2168 39.9487 -2
      vertex 46.4471 39.7956 -2
    endloop
  endfacet
  facet normal 0.751787 0.659406 -1.53915e-17
    outer loop
      vertex 52.7601 37.6526 0
      vertex 52.2426 38.2426 -2
      vertex 52.2426 38.2426 0
    endloop
  endfacet
  facet normal 0.751787 0.659406 -1.53915e-17
    outer loop
      vertex 52.2426 38.2426 -2
      vertex 52.7601 37.6526 0
      vertex 52.7601 37.6526 -2
    endloop
  endfacet
  facet normal 0.997862 -0.0653605 1.72325e-18
    outer loop
      vertex 53.9487 33.2168 0
      vertex 54 34 -2
      vertex 54 34 0
    endloop
  endfacet
  facet normal 0.997862 -0.0653605 1.72325e-18
    outer loop
      vertex 54 34 -2
      vertex 53.9487 33.2168 0
      vertex 53.9487 33.2168 -2
    endloop
  endfacet
  facet normal 0.659406 0.751787 -0
    outer loop
      vertex 52.2426 38.2426 -2
      vertex 51.6526 38.7601 0
      vertex 52.2426 38.2426 0
    endloop
  endfacet
  facet normal 0.659406 0.751787 0
    outer loop
      vertex 51.6526 38.7601 0
      vertex 52.2426 38.2426 -2
      vertex 51.6526 38.7601 -2
    endloop
  endfacet
  facet normal -0.195087 -0.980786 0
    outer loop
      vertex 46.4471 28.2044 -2
      vertex 47.2168 28.0513 0
      vertex 46.4471 28.2044 0
    endloop
  endfacet
  facet normal -0.195087 -0.980786 -0
    outer loop
      vertex 47.2168 28.0513 0
      vertex 46.4471 28.2044 -2
      vertex 47.2168 28.0513 -2
    endloop
  endfacet
  facet normal 0.896885 -0.442263 -4.98653e-18
    outer loop
      vertex 53.1962 31 0
      vertex 53.5433 31.7039 -2
      vertex 53.5433 31.7039 0
    endloop
  endfacet
  facet normal 0.896885 -0.442263 -4.98653e-18
    outer loop
      vertex 53.5433 31.7039 -2
      vertex 53.1962 31 0
      vertex 53.1962 31 -2
    endloop
  endfacet
  facet normal 0.555611 -0.831442 0
    outer loop
      vertex 51 28.8038 -2
      vertex 51.6526 29.2399 0
      vertex 51 28.8038 0
    endloop
  endfacet
  facet normal 0.555611 -0.831442 0
    outer loop
      vertex 51.6526 29.2399 0
      vertex 51 28.8038 -2
      vertex 51.6526 29.2399 -2
    endloop
  endfacet
  facet normal -0.555611 -0.831442 0
    outer loop
      vertex 44.3474 29.2399 -2
      vertex 45 28.8038 0
      vertex 44.3474 29.2399 0
    endloop
  endfacet
  facet normal -0.555611 -0.831442 -0
    outer loop
      vertex 45 28.8038 0
      vertex 44.3474 29.2399 -2
      vertex 45 28.8038 -2
    endloop
  endfacet
  facet normal -0.442263 0.896885 0
    outer loop
      vertex 45.7039 39.5433 -2
      vertex 45 39.1962 0
      vertex 45.7039 39.5433 0
    endloop
  endfacet
  facet normal -0.442263 0.896885 0
    outer loop
      vertex 45 39.1962 0
      vertex 45.7039 39.5433 -2
      vertex 45 39.1962 -2
    endloop
  endfacet
  facet normal -0.831442 0.555611 -1.00759e-17
    outer loop
      vertex 42.8038 37 -2
      vertex 43.2399 37.6526 0
      vertex 43.2399 37.6526 -2
    endloop
  endfacet
  facet normal -0.831442 0.555611 -1.00759e-17
    outer loop
      vertex 43.2399 37.6526 0
      vertex 42.8038 37 -2
      vertex 42.8038 37 0
    endloop
  endfacet
  facet normal -0.896885 0.442263 5.11378e-18
    outer loop
      vertex 42.4567 36.2961 -2
      vertex 42.8038 37 0
      vertex 42.8038 37 -2
    endloop
  endfacet
  facet normal -0.896885 0.442263 5.11378e-18
    outer loop
      vertex 42.8038 37 0
      vertex 42.4567 36.2961 -2
      vertex 42.4567 36.2961 0
    endloop
  endfacet
  facet normal -0.896885 -0.442263 4.98653e-18
    outer loop
      vertex 42.8038 31 -2
      vertex 42.4567 31.7039 0
      vertex 42.4567 31.7039 -2
    endloop
  endfacet
  facet normal -0.896885 -0.442263 4.98653e-18
    outer loop
      vertex 42.4567 31.7039 0
      vertex 42.8038 31 -2
      vertex 42.8038 31 0
    endloop
  endfacet
  facet normal 0.751787 -0.659406 1.11475e-17
    outer loop
      vertex 52.2426 29.7574 0
      vertex 52.7601 30.3474 -2
      vertex 52.7601 30.3474 0
    endloop
  endfacet
  facet normal 0.751787 -0.659406 1.11475e-17
    outer loop
      vertex 52.7601 30.3474 -2
      vertex 52.2426 29.7574 0
      vertex 52.2426 29.7574 -2
    endloop
  endfacet
  facet normal 0.0653605 -0.997862 0
    outer loop
      vertex 48 28 -2
      vertex 48.7832 28.0513 0
      vertex 48 28 0
    endloop
  endfacet
  facet normal 0.0653605 -0.997862 0
    outer loop
      vertex 48.7832 28.0513 0
      vertex 48 28 -2
      vertex 48.7832 28.0513 -2
    endloop
  endfacet
  facet normal -0.659406 0.751787 0
    outer loop
      vertex 44.3474 38.7601 -2
      vertex 43.7574 38.2426 0
      vertex 44.3474 38.7601 0
    endloop
  endfacet
  facet normal -0.659406 0.751787 0
    outer loop
      vertex 43.7574 38.2426 0
      vertex 44.3474 38.7601 -2
      vertex 43.7574 38.2426 -2
    endloop
  endfacet
  facet normal 0.831442 -0.555611 -1.00759e-17
    outer loop
      vertex 52.7601 30.3474 0
      vertex 53.1962 31 -2
      vertex 53.1962 31 0
    endloop
  endfacet
  facet normal 0.831442 -0.555611 -1.00759e-17
    outer loop
      vertex 53.1962 31 -2
      vertex 52.7601 30.3474 0
      vertex 52.7601 30.3474 -2
    endloop
  endfacet
  facet normal 0.0653605 0.997862 -0
    outer loop
      vertex 48.7832 39.9487 -2
      vertex 48 40 0
      vertex 48.7832 39.9487 0
    endloop
  endfacet
  facet normal 0.0653605 0.997862 0
    outer loop
      vertex 48 40 0
      vertex 48.7832 39.9487 -2
      vertex 48 40 -2
    endloop
  endfacet
  facet normal -0.997862 -0.0653605 -1.72325e-18
    outer loop
      vertex 42.0513 33.2168 -2
      vertex 42 34 0
      vertex 42 34 -2
    endloop
  endfacet
  facet normal -0.997862 -0.0653605 -1.72325e-18
    outer loop
      vertex 42 34 0
      vertex 42.0513 33.2168 -2
      vertex 42.0513 33.2168 0
    endloop
  endfacet
  facet normal -0.997862 0.0653605 1.72325e-18
    outer loop
      vertex 42 34 -2
      vertex 42.0513 34.7832 0
      vertex 42.0513 34.7832 -2
    endloop
  endfacet
  facet normal -0.997862 0.0653605 1.72325e-18
    outer loop
      vertex 42.0513 34.7832 0
      vertex 42 34 -2
      vertex 42 34 0
    endloop
  endfacet
  facet normal 0.195087 0.980786 -0
    outer loop
      vertex 49.5529 39.7956 -2
      vertex 48.7832 39.9487 0
      vertex 49.5529 39.7956 0
    endloop
  endfacet
  facet normal 0.195087 0.980786 0
    outer loop
      vertex 48.7832 39.9487 0
      vertex 49.5529 39.7956 -2
      vertex 48.7832 39.9487 -2
    endloop
  endfacet
  facet normal -0.946941 0.321407 3.40175e-18
    outer loop
      vertex -64.8296 41.2941 0
      vertex -64.6194 41.9134 4
      vertex -64.6194 41.9134 0
    endloop
  endfacet
  facet normal -0.946941 0.321407 3.40175e-18
    outer loop
      vertex -64.6194 41.9134 4
      vertex -64.8296 41.2941 0
      vertex -64.8296 41.2941 4
    endloop
  endfacet
  facet normal -0.980786 -0.195087 -2.48854e-18
    outer loop
      vertex -64.8296 -41.2941 0
      vertex -64.9572 -40.6526 4
      vertex -64.9572 -40.6526 0
    endloop
  endfacet
  facet normal -0.980786 -0.195087 -2.48854e-18
    outer loop
      vertex -64.9572 -40.6526 4
      vertex -64.8296 -41.2941 0
      vertex -64.8296 -41.2941 4
    endloop
  endfacet
  facet normal -0.997856 -0.0654432 -3.31888e-19
    outer loop
      vertex -64.9572 -40.6526 0
      vertex -65 -40 4
      vertex -65 -40 0
    endloop
  endfacet
  facet normal -0.997856 -0.0654432 -3.31888e-19
    outer loop
      vertex -65 -40 4
      vertex -64.9572 -40.6526 0
      vertex -64.9572 -40.6526 4
    endloop
  endfacet
  facet normal 0.997856 -0.0654432 3.31888e-19
    outer loop
      vertex 64.9572 -40.6526 4
      vertex 65 -40 0
      vertex 65 -40 4
    endloop
  endfacet
  facet normal 0.997856 -0.0654432 3.31888e-19
    outer loop
      vertex 65 -40 0
      vertex 64.9572 -40.6526 4
      vertex 64.9572 -40.6526 0
    endloop
  endfacet
  facet normal 0.980786 0.195087 -2.48854e-18
    outer loop
      vertex 64.9572 40.6526 4
      vertex 64.8296 41.2941 0
      vertex 64.8296 41.2941 4
    endloop
  endfacet
  facet normal 0.980786 0.195087 -2.48854e-18
    outer loop
      vertex 64.8296 41.2941 0
      vertex 64.9572 40.6526 4
      vertex 64.9572 40.6526 0
    endloop
  endfacet
  facet normal 0.997856 0.0654432 -3.31888e-19
    outer loop
      vertex 65 40 4
      vertex 64.9572 40.6526 0
      vertex 64.9572 40.6526 4
    endloop
  endfacet
  facet normal 0.997856 0.0654432 -3.31888e-19
    outer loop
      vertex 64.9572 40.6526 0
      vertex 65 40 4
      vertex 65 40 0
    endloop
  endfacet
  facet normal 0.751771 -0.659424 4.89508e-18
    outer loop
      vertex 63.5355 -43.5355 4
      vertex 63.9668 -43.0438 0
      vertex 63.9668 -43.0438 4
    endloop
  endfacet
  facet normal 0.751771 -0.659424 4.89508e-18
    outer loop
      vertex 63.9668 -43.0438 0
      vertex 63.5355 -43.5355 4
      vertex 63.5355 -43.5355 0
    endloop
  endfacet
  facet normal -0.980786 0.195087 2.48854e-18
    outer loop
      vertex -64.9572 40.6526 0
      vertex -64.8296 41.2941 4
      vertex -64.8296 41.2941 0
    endloop
  endfacet
  facet normal -0.980786 0.195087 2.48854e-18
    outer loop
      vertex -64.8296 41.2941 4
      vertex -64.9572 40.6526 0
      vertex -64.9572 40.6526 4
    endloop
  endfacet
  facet normal 0.946941 -0.321407 3.40175e-18
    outer loop
      vertex 64.6194 -41.9134 4
      vertex 64.8296 -41.2941 0
      vertex 64.8296 -41.2941 4
    endloop
  endfacet
  facet normal 0.946941 -0.321407 3.40175e-18
    outer loop
      vertex 64.8296 -41.2941 0
      vertex 64.6194 -41.9134 4
      vertex 64.6194 -41.9134 0
    endloop
  endfacet
  facet normal -0.0654432 -0.997856 0
    outer loop
      vertex -60.6526 -44.9572 0
      vertex -60 -45 4
      vertex -60.6526 -44.9572 4
    endloop
  endfacet
  facet normal -0.0654432 -0.997856 -0
    outer loop
      vertex -60 -45 4
      vertex -60.6526 -44.9572 0
      vertex -60 -45 0
    endloop
  endfacet
  facet normal -1 0 0
    outer loop
      vertex -65 -40 0
      vertex -65 40 4
      vertex -65 40 0
    endloop
  endfacet
  facet normal -1 -0 0
    outer loop
      vertex -65 40 4
      vertex -65 -40 0
      vertex -65 -40 4
    endloop
  endfacet
  facet normal -0.659424 -0.751771 0
    outer loop
      vertex -63.5355 -43.5355 0
      vertex -63.0438 -43.9668 4
      vertex -63.5355 -43.5355 4
    endloop
  endfacet
  facet normal -0.659424 -0.751771 -0
    outer loop
      vertex -63.0438 -43.9668 4
      vertex -63.5355 -43.5355 0
      vertex -63.0438 -43.9668 0
    endloop
  endfacet
  facet normal -0.659424 0.751771 0
    outer loop
      vertex -63.0438 43.9668 0
      vertex -63.5355 43.5355 4
      vertex -63.0438 43.9668 4
    endloop
  endfacet
  facet normal -0.659424 0.751771 0
    outer loop
      vertex -63.5355 43.5355 4
      vertex -63.0438 43.9668 0
      vertex -63.5355 43.5355 0
    endloop
  endfacet
  facet normal 0.659424 -0.751771 0
    outer loop
      vertex 63.0438 -43.9668 0
      vertex 63.5355 -43.5355 4
      vertex 63.0438 -43.9668 4
    endloop
  endfacet
  facet normal 0.659424 -0.751771 0
    outer loop
      vertex 63.5355 -43.5355 4
      vertex 63.0438 -43.9668 0
      vertex 63.5355 -43.5355 0
    endloop
  endfacet
  facet normal 0 -1 0
    outer loop
      vertex -60 -45 0
      vertex 60 -45 4
      vertex -60 -45 4
    endloop
  endfacet
  facet normal 0 -1 -0
    outer loop
      vertex 60 -45 4
      vertex -60 -45 0
      vertex 60 -45 0
    endloop
  endfacet
  facet normal -0.997856 0.0654432 3.31888e-19
    outer loop
      vertex -65 40 0
      vertex -64.9572 40.6526 4
      vertex -64.9572 40.6526 0
    endloop
  endfacet
  facet normal -0.997856 0.0654432 3.31888e-19
    outer loop
      vertex -64.9572 40.6526 4
      vertex -65 40 0
      vertex -65 40 4
    endloop
  endfacet
  facet normal 0.442314 -0.89686 0
    outer loop
      vertex 61.9134 -44.6194 0
      vertex 62.5 -44.3301 4
      vertex 61.9134 -44.6194 4
    endloop
  endfacet
  facet normal 0.442314 -0.89686 0
    outer loop
      vertex 62.5 -44.3301 4
      vertex 61.9134 -44.6194 0
      vertex 62.5 -44.3301 0
    endloop
  endfacet
  facet normal -0.442314 0.89686 0
    outer loop
      vertex -61.9134 44.6194 0
      vertex -62.5 44.3301 4
      vertex -61.9134 44.6194 4
    endloop
  endfacet
  facet normal -0.442314 0.89686 0
    outer loop
      vertex -62.5 44.3301 4
      vertex -61.9134 44.6194 0
      vertex -62.5 44.3301 0
    endloop
  endfacet
  facet normal 1 -0 0
    outer loop
      vertex 65 -40 4
      vertex 65 40 0
      vertex 65 40 4
    endloop
  endfacet
  facet normal 1 0 0
    outer loop
      vertex 65 40 0
      vertex 65 -40 4
      vertex 65 -40 0
    endloop
  endfacet
  facet normal 0.321407 -0.946941 0
    outer loop
      vertex 61.2941 -44.8296 0
      vertex 61.9134 -44.6194 4
      vertex 61.2941 -44.8296 4
    endloop
  endfacet
  facet normal 0.321407 -0.946941 0
    outer loop
      vertex 61.9134 -44.6194 4
      vertex 61.2941 -44.8296 0
      vertex 61.9134 -44.6194 0
    endloop
  endfacet
  facet normal 0 1 -0
    outer loop
      vertex 60 45 0
      vertex -60 45 4
      vertex 60 45 4
    endloop
  endfacet
  facet normal 0 1 0
    outer loop
      vertex -60 45 4
      vertex 60 45 0
      vertex -60 45 0
    endloop
  endfacet
  facet normal -0.946941 -0.321407 -3.40175e-18
    outer loop
      vertex -64.6194 -41.9134 0
      vertex -64.8296 -41.2941 4
      vertex -64.8296 -41.2941 0
    endloop
  endfacet
  facet normal -0.946941 -0.321407 -3.40175e-18
    outer loop
      vertex -64.8296 -41.2941 4
      vertex -64.6194 -41.9134 0
      vertex -64.6194 -41.9134 4
    endloop
  endfacet
  facet normal 0.831509 0.555512 4.16083e-18
    outer loop
      vertex 64.3301 42.5 4
      vertex 63.9668 43.0438 0
      vertex 63.9668 43.0438 4
    endloop
  endfacet
  facet normal 0.831509 0.555512 4.16083e-18
    outer loop
      vertex 63.9668 43.0438 0
      vertex 64.3301 42.5 4
      vertex 64.3301 42.5 0
    endloop
  endfacet
  facet normal -0.555512 -0.831509 0
    outer loop
      vertex -63.0438 -43.9668 0
      vertex -62.5 -44.3301 4
      vertex -63.0438 -43.9668 4
    endloop
  endfacet
  facet normal -0.555512 -0.831509 -0
    outer loop
      vertex -62.5 -44.3301 4
      vertex -63.0438 -43.9668 0
      vertex -62.5 -44.3301 0
    endloop
  endfacet
  facet normal -0.89686 0.442314 -1.46628e-18
    outer loop
      vertex -64.6194 41.9134 0
      vertex -64.3301 42.5 4
      vertex -64.3301 42.5 0
    endloop
  endfacet
  facet normal -0.89686 0.442314 -1.46628e-18
    outer loop
      vertex -64.3301 42.5 4
      vertex -64.6194 41.9134 0
      vertex -64.6194 41.9134 4
    endloop
  endfacet
  facet normal 0.89686 -0.442314 -1.46628e-18
    outer loop
      vertex 64.3301 -42.5 4
      vertex 64.6194 -41.9134 0
      vertex 64.6194 -41.9134 4
    endloop
  endfacet
  facet normal 0.89686 -0.442314 -1.46628e-18
    outer loop
      vertex 64.6194 -41.9134 0
      vertex 64.3301 -42.5 4
      vertex 64.3301 -42.5 0
    endloop
  endfacet
  facet normal -0.89686 -0.442314 1.46628e-18
    outer loop
      vertex -64.3301 -42.5 0
      vertex -64.6194 -41.9134 4
      vertex -64.6194 -41.9134 0
    endloop
  endfacet
  facet normal -0.89686 -0.442314 1.46628e-18
    outer loop
      vertex -64.6194 -41.9134 4
      vertex -64.3301 -42.5 0
      vertex -64.3301 -42.5 4
    endloop
  endfacet
  facet normal 0.831509 -0.555512 -4.16083e-18
    outer loop
      vertex 63.9668 -43.0438 4
      vertex 64.3301 -42.5 0
      vertex 64.3301 -42.5 4
    endloop
  endfacet
  facet normal 0.831509 -0.555512 -4.16083e-18
    outer loop
      vertex 64.3301 -42.5 0
      vertex 63.9668 -43.0438 4
      vertex 63.9668 -43.0438 0
    endloop
  endfacet
  facet normal 0.555512 0.831509 -0
    outer loop
      vertex 63.0438 43.9668 0
      vertex 62.5 44.3301 4
      vertex 63.0438 43.9668 4
    endloop
  endfacet
  facet normal 0.555512 0.831509 0
    outer loop
      vertex 62.5 44.3301 4
      vertex 63.0438 43.9668 0
      vertex 62.5 44.3301 0
    endloop
  endfacet
  facet normal 0.0654432 0.997856 -0
    outer loop
      vertex 60.6526 44.9572 0
      vertex 60 45 4
      vertex 60.6526 44.9572 4
    endloop
  endfacet
  facet normal 0.0654432 0.997856 0
    outer loop
      vertex 60 45 4
      vertex 60.6526 44.9572 0
      vertex 60 45 0
    endloop
  endfacet
  facet normal 0.980786 -0.195087 2.48854e-18
    outer loop
      vertex 64.8296 -41.2941 4
      vertex 64.9572 -40.6526 0
      vertex 64.9572 -40.6526 4
    endloop
  endfacet
  facet normal 0.980786 -0.195087 2.48854e-18
    outer loop
      vertex 64.9572 -40.6526 0
      vertex 64.8296 -41.2941 4
      vertex 64.8296 -41.2941 0
    endloop
  endfacet
  facet normal 0.751771 0.659424 -4.89508e-18
    outer loop
      vertex 63.9668 43.0438 4
      vertex 63.5355 43.5355 0
      vertex 63.5355 43.5355 4
    endloop
  endfacet
  facet normal 0.751771 0.659424 -4.89508e-18
    outer loop
      vertex 63.5355 43.5355 0
      vertex 63.9668 43.0438 4
      vertex 63.9668 43.0438 0
    endloop
  endfacet
  facet normal -0.195087 -0.980786 0
    outer loop
      vertex -61.2941 -44.8296 0
      vertex -60.6526 -44.9572 4
      vertex -61.2941 -44.8296 4
    endloop
  endfacet
  facet normal -0.195087 -0.980786 -0
    outer loop
      vertex -60.6526 -44.9572 4
      vertex -61.2941 -44.8296 0
      vertex -60.6526 -44.9572 0
    endloop
  endfacet
  facet normal 0.195087 -0.980786 0
    outer loop
      vertex 60.6526 -44.9572 0
      vertex 61.2941 -44.8296 4
      vertex 60.6526 -44.9572 4
    endloop
  endfacet
  facet normal 0.195087 -0.980786 0
    outer loop
      vertex 61.2941 -44.8296 4
      vertex 60.6526 -44.9572 0
      vertex 61.2941 -44.8296 0
    endloop
  endfacet
  facet normal 0.659424 0.751771 -0
    outer loop
      vertex 63.5355 43.5355 0
      vertex 63.0438 43.9668 4
      vertex 63.5355 43.5355 4
    endloop
  endfacet
  facet normal 0.659424 0.751771 0
    outer loop
      vertex 63.0438 43.9668 4
      vertex 63.5355 43.5355 0
      vertex 63.0438 43.9668 0
    endloop
  endfacet
  facet normal -0.195087 0.980786 0
    outer loop
      vertex -60.6526 44.9572 0
      vertex -61.2941 44.8296 4
      vertex -60.6526 44.9572 4
    endloop
  endfacet
  facet normal -0.195087 0.980786 0
    outer loop
      vertex -61.2941 44.8296 4
      vertex -60.6526 44.9572 0
      vertex -61.2941 44.8296 0
    endloop
  endfacet
  facet normal -0.0654432 0.997856 0
    outer loop
      vertex -60 45 0
      vertex -60.6526 44.9572 4
      vertex -60 45 4
    endloop
  endfacet
  facet normal -0.0654432 0.997856 0
    outer loop
      vertex -60.6526 44.9572 4
      vertex -60 45 0
      vertex -60.6526 44.9572 0
    endloop
  endfacet
  facet normal -0.831509 0.555512 -4.16083e-18
    outer loop
      vertex -64.3301 42.5 0
      vertex -63.9668 43.0438 4
      vertex -63.9668 43.0438 0
    endloop
  endfacet
  facet normal -0.831509 0.555512 -4.16083e-18
    outer loop
      vertex -63.9668 43.0438 4
      vertex -64.3301 42.5 0
      vertex -64.3301 42.5 4
    endloop
  endfacet
  facet normal 0.946941 0.321407 -3.40175e-18
    outer loop
      vertex 64.8296 41.2941 4
      vertex 64.6194 41.9134 0
      vertex 64.6194 41.9134 4
    endloop
  endfacet
  facet normal 0.946941 0.321407 -3.40175e-18
    outer loop
      vertex 64.6194 41.9134 0
      vertex 64.8296 41.2941 4
      vertex 64.8296 41.2941 0
    endloop
  endfacet
  facet normal -0.321407 0.946941 0
    outer loop
      vertex -61.2941 44.8296 0
      vertex -61.9134 44.6194 4
      vertex -61.2941 44.8296 4
    endloop
  endfacet
  facet normal -0.321407 0.946941 0
    outer loop
      vertex -61.9134 44.6194 4
      vertex -61.2941 44.8296 0
      vertex -61.9134 44.6194 0
    endloop
  endfacet
  facet normal 0.89686 0.442314 1.46628e-18
    outer loop
      vertex 64.6194 41.9134 4
      vertex 64.3301 42.5 0
      vertex 64.3301 42.5 4
    endloop
  endfacet
  facet normal 0.89686 0.442314 1.46628e-18
    outer loop
      vertex 64.3301 42.5 0
      vertex 64.6194 41.9134 4
      vertex 64.6194 41.9134 0
    endloop
  endfacet
  facet normal 0 0 -1
    outer loop
      vertex -42.4567 -31.7039 0
      vertex 11 -12 0
      vertex -42.2044 -32.4471 0
    endloop
  endfacet
  facet normal 0 0 -1
    outer loop
      vertex 11 12 0
      vertex -42.0513 33.2168 0
      vertex -42 34 0
    endloop
  endfacet
  facet normal 0 0 -1
    outer loop
      vertex -42.8038 -31 0
      vertex 11 -12 0
      vertex -42.4567 -31.7039 0
    endloop
  endfacet
  facet normal 0 0 -1
    outer loop
      vertex 11 12 0
      vertex -42.2044 32.4471 0
      vertex -42.0513 33.2168 0
    endloop
  endfacet
  facet normal 0 0 -1
    outer loop
      vertex -43.2399 -30.3474 0
      vertex 11 -12 0
      vertex -42.8038 -31 0
    endloop
  endfacet
  facet normal 0 0 -1
    outer loop
      vertex 11 12 0
      vertex -42.4567 31.7039 0
      vertex -42.2044 32.4471 0
    endloop
  endfacet
  facet normal 0 0 -1
    outer loop
      vertex -43.7574 -29.7574 0
      vertex 11 -12 0
      vertex -43.2399 -30.3474 0
    endloop
  endfacet
  facet normal 0 0 -1
    outer loop
      vertex 11 12 0
      vertex -42.8038 31 0
      vertex -42.4567 31.7039 0
    endloop
  endfacet
  facet normal 0 0 -1
    outer loop
      vertex -44.3474 -29.2399 0
      vertex 11 -12 0
      vertex -43.7574 -29.7574 0
    endloop
  endfacet
  facet normal 0 0 -1
    outer loop
      vertex 11 12 0
      vertex -43.2399 30.3474 0
      vertex -42.8038 31 0
    endloop
  endfacet
  facet normal -0 0 -1
    outer loop
      vertex 11 -12 0
      vertex -44.3474 -29.2399 0
      vertex 11 12 0
    endloop
  endfacet
  facet normal 0 0 -1
    outer loop
      vertex 11 12 0
      vertex -43.7574 29.7574 0
      vertex -43.2399 30.3474 0
    endloop
  endfacet
  facet normal 0 0 -1
    outer loop
      vertex -44.3474 29.2399 0
      vertex 11 12 0
      vertex -44.3474 -29.2399 0
    endloop
  endfacet
  facet normal 0 0 -1
    outer loop
      vertex 11 12 0
      vertex -44.3474 29.2399 0
      vertex -43.7574 29.7574 0
    endloop
  endfacet
  facet normal 0 0 -1
    outer loop
      vertex -45 -28.8038 0
      vertex -44.3474 29.2399 0
      vertex -44.3474 -29.2399 0
    endloop
  endfacet
  facet normal 0 0 -1
    outer loop
      vertex -45 -28.8038 0
      vertex -45 28.8038 0
      vertex -44.3474 29.2399 0
    endloop
  endfacet
  facet normal 0 0 -1
    outer loop
      vertex -45.7039 -28.4567 0
      vertex -45 28.8038 0
      vertex -45 -28.8038 0
    endloop
  endfacet
  facet normal 0 0 -1
    outer loop
      vertex -45.7039 -28.4567 0
      vertex -45.7039 28.4567 0
      vertex -45 28.8038 0
    endloop
  endfacet
  facet normal 0 0 -1
    outer loop
      vertex -46.4471 -28.2044 0
      vertex -45.7039 28.4567 0
      vertex -45.7039 -28.4567 0
    endloop
  endfacet
  facet normal 0 0 -1
    outer loop
      vertex -46.4471 -28.2044 0
      vertex -46.4471 28.2044 0
      vertex -45.7039 28.4567 0
    endloop
  endfacet
  facet normal 0 0 -1
    outer loop
      vertex -47.2168 -28.0513 0
      vertex -46.4471 28.2044 0
      vertex -46.4471 -28.2044 0
    endloop
  endfacet
  facet normal 0 0 -1
    outer loop
      vertex -47.2168 -28.0513 0
      vertex -47.2168 28.0513 0
      vertex -46.4471 28.2044 0
    endloop
  endfacet
  facet normal 0 0 -1
    outer loop
      vertex -48 -28 0
      vertex -47.2168 28.0513 0
      vertex -47.2168 -28.0513 0
    endloop
  endfacet
  facet normal 0 0 -1
    outer loop
      vertex -48 -28 0
      vertex -48 28 0
      vertex -47.2168 28.0513 0
    endloop
  endfacet
  facet normal 0 0 -1
    outer loop
      vertex -48.7832 -28.0513 0
      vertex -48 28 0
      vertex -48 -28 0
    endloop
  endfacet
  facet normal 0 0 -1
    outer loop
      vertex -48.7832 -28.0513 0
      vertex -48.7832 28.0513 0
      vertex -48 28 0
    endloop
  endfacet
  facet normal 0 0 -1
    outer loop
      vertex -49.5529 -28.2044 0
      vertex -48.7832 28.0513 0
      vertex -48.7832 -28.0513 0
    endloop
  endfacet
  facet normal 0 0 -1
    outer loop
      vertex -49.5529 -28.2044 0
      vertex -49.5529 28.2044 0
      vertex -48.7832 28.0513 0
    endloop
  endfacet
  facet normal 0 0 -1
    outer loop
      vertex -50.2961 -28.4567 0
      vertex -49.5529 28.2044 0
      vertex -49.5529 -28.2044 0
    endloop
  endfacet
  facet normal 0 0 -1
    outer loop
      vertex -50.2961 -28.4567 0
      vertex -50.2961 28.4567 0
      vertex -49.5529 28.2044 0
    endloop
  endfacet
  facet normal 0 0 -1
    outer loop
      vertex -51 -28.8038 0
      vertex -50.2961 28.4567 0
      vertex -50.2961 -28.4567 0
    endloop
  endfacet
  facet normal 0 0 -1
    outer loop
      vertex -51 -28.8038 0
      vertex -51 28.8038 0
      vertex -50.2961 28.4567 0
    endloop
  endfacet
  facet normal 0 0 -1
    outer loop
      vertex -51.6526 -29.2399 0
      vertex -51 28.8038 0
      vertex -51 -28.8038 0
    endloop
  endfacet
  facet normal 0 0 -1
    outer loop
      vertex -51.6526 -29.2399 0
      vertex -51.6526 29.2399 0
      vertex -51 28.8038 0
    endloop
  endfacet
  facet normal 0 0 -1
    outer loop
      vertex -52.2426 -29.7574 0
      vertex -51.6526 29.2399 0
      vertex -51.6526 -29.2399 0
    endloop
  endfacet
  facet normal 0 0 -1
    outer loop
      vertex -52.2426 -29.7574 0
      vertex -52.2426 29.7574 0
      vertex -51.6526 29.2399 0
    endloop
  endfacet
  facet normal 0 0 -1
    outer loop
      vertex -52.7601 -30.3474 0
      vertex -52.2426 29.7574 0
      vertex -52.2426 -29.7574 0
    endloop
  endfacet
  facet normal 0 0 -1
    outer loop
      vertex -52.7601 -30.3474 0
      vertex -52.7601 30.3474 0
      vertex -52.2426 29.7574 0
    endloop
  endfacet
  facet normal 0 0 -1
    outer loop
      vertex -65 -40 0
      vertex -52.7601 -30.3474 0
      vertex -53.1962 -31 0
    endloop
  endfacet
  facet normal -0 0 -1
    outer loop
      vertex -52.7601 -30.3474 0
      vertex -65 -40 0
      vertex -52.7601 30.3474 0
    endloop
  endfacet
  facet normal 0 0 -1
    outer loop
      vertex -65 -40 0
      vertex -53.1962 -31 0
      vertex -53.5433 -31.7039 0
    endloop
  endfacet
  facet normal 0 0 -1
    outer loop
      vertex -65 40 0
      vertex -52.7601 30.3474 0
      vertex -65 -40 0
    endloop
  endfacet
  facet normal 0 0 -1
    outer loop
      vertex -65 -40 0
      vertex -53.5433 -31.7039 0
      vertex -53.7956 -32.4471 0
    endloop
  endfacet
  facet normal 0 0 -1
    outer loop
      vertex -52.7601 30.3474 0
      vertex -65 40 0
      vertex -53.1962 31 0
    endloop
  endfacet
  facet normal 0 0 -1
    outer loop
      vertex -65 -40 0
      vertex -53.7956 -32.4471 0
      vertex -53.9487 -33.2168 0
    endloop
  endfacet
  facet normal 0 0 -1
    outer loop
      vertex -53.1962 31 0
      vertex -65 40 0
      vertex -53.5433 31.7039 0
    endloop
  endfacet
  facet normal 0 0 -1
    outer loop
      vertex -65 -40 0
      vertex -53.9487 -33.2168 0
      vertex -54 -34 0
    endloop
  endfacet
  facet normal 0 0 -1
    outer loop
      vertex -53.5433 31.7039 0
      vertex -65 40 0
      vertex -53.7956 32.4471 0
    endloop
  endfacet
  facet normal 0 0 -1
    outer loop
      vertex 53.5433 -31.7039 0
      vertex 65 -40 0
      vertex 53.7956 -32.4471 0
    endloop
  endfacet
  facet normal 0 0 -1
    outer loop
      vertex 65 40 0
      vertex 53.9487 33.2168 0
      vertex 54 34 0
    endloop
  endfacet
  facet normal 0 0 -1
    outer loop
      vertex 53.1962 -31 0
      vertex 65 -40 0
      vertex 53.5433 -31.7039 0
    endloop
  endfacet
  facet normal 0 0 -1
    outer loop
      vertex 65 40 0
      vertex 53.7956 32.4471 0
      vertex 53.9487 33.2168 0
    endloop
  endfacet
  facet normal 0 0 -1
    outer loop
      vertex 52.7601 -30.3474 0
      vertex 65 -40 0
      vertex 53.1962 -31 0
    endloop
  endfacet
  facet normal 0 0 -1
    outer loop
      vertex 65 40 0
      vertex 53.5433 31.7039 0
      vertex 53.7956 32.4471 0
    endloop
  endfacet
  facet normal 0 0 -1
    outer loop
      vertex 65 -40 0
      vertex 52.7601 -30.3474 0
      vertex 65 40 0
    endloop
  endfacet
  facet normal 0 0 -1
    outer loop
      vertex 65 40 0
      vertex 53.1962 31 0
      vertex 53.5433 31.7039 0
    endloop
  endfacet
  facet normal 0 0 -1
    outer loop
      vertex 52.7601 30.3474 0
      vertex 65 40 0
      vertex 52.7601 -30.3474 0
    endloop
  endfacet
  facet normal 0 0 -1
    outer loop
      vertex 65 40 0
      vertex 52.7601 30.3474 0
      vertex 53.1962 31 0
    endloop
  endfacet
  facet normal 0 0 -1
    outer loop
      vertex 52.2426 -29.7574 0
      vertex 52.7601 30.3474 0
      vertex 52.7601 -30.3474 0
    endloop
  endfacet
  facet normal 0 0 -1
    outer loop
      vertex 52.2426 -29.7574 0
      vertex 52.2426 29.7574 0
      vertex 52.7601 30.3474 0
    endloop
  endfacet
  facet normal 0 0 -1
    outer loop
      vertex 51.6526 -29.2399 0
      vertex 52.2426 29.7574 0
      vertex 52.2426 -29.7574 0
    endloop
  endfacet
  facet normal 0 0 -1
    outer loop
      vertex 51.6526 -29.2399 0
      vertex 51.6526 29.2399 0
      vertex 52.2426 29.7574 0
    endloop
  endfacet
  facet normal 0 0 -1
    outer loop
      vertex 51 -28.8038 0
      vertex 51.6526 29.2399 0
      vertex 51.6526 -29.2399 0
    endloop
  endfacet
  facet normal 0 0 -1
    outer loop
      vertex 51 -28.8038 0
      vertex 51 28.8038 0
      vertex 51.6526 29.2399 0
    endloop
  endfacet
  facet normal 0 0 -1
    outer loop
      vertex 50.2961 -28.4567 0
      vertex 51 28.8038 0
      vertex 51 -28.8038 0
    endloop
  endfacet
  facet normal 0 0 -1
    outer loop
      vertex 50.2961 -28.4567 0
      vertex 50.2961 28.4567 0
      vertex 51 28.8038 0
    endloop
  endfacet
  facet normal 0 0 -1
    outer loop
      vertex 49.5529 -28.2044 0
      vertex 50.2961 28.4567 0
      vertex 50.2961 -28.4567 0
    endloop
  endfacet
  facet normal 0 0 -1
    outer loop
      vertex 49.5529 -28.2044 0
      vertex 49.5529 28.2044 0
      vertex 50.2961 28.4567 0
    endloop
  endfacet
  facet normal 0 0 -1
    outer loop
      vertex 29 -12 0
      vertex 49.5529 -28.2044 0
      vertex 48.7832 -28.0513 0
    endloop
  endfacet
  facet normal 0 0 -1
    outer loop
      vertex 49.5529 -28.2044 0
      vertex 29 -12 0
      vertex 49.5529 28.2044 0
    endloop
  endfacet
  facet normal 0 0 -1
    outer loop
      vertex 29 -12 0
      vertex 48.7832 -28.0513 0
      vertex 48 -28 0
    endloop
  endfacet
  facet normal 0 0 -1
    outer loop
      vertex 29 12 0
      vertex 49.5529 28.2044 0
      vertex 29 -12 0
    endloop
  endfacet
  facet normal 0 0 -1
    outer loop
      vertex 29 -12 0
      vertex 48 -28 0
      vertex 47.2168 -28.0513 0
    endloop
  endfacet
  facet normal 0 0 -1
    outer loop
      vertex 49.5529 28.2044 0
      vertex 29 12 0
      vertex 48.7832 28.0513 0
    endloop
  endfacet
  facet normal 0 0 -1
    outer loop
      vertex 29 -12 0
      vertex 47.2168 -28.0513 0
      vertex 46.4471 -28.2044 0
    endloop
  endfacet
  facet normal 0 0 -1
    outer loop
      vertex 48.7832 28.0513 0
      vertex 29 12 0
      vertex 48 28 0
    endloop
  endfacet
  facet normal 0 0 -1
    outer loop
      vertex 29 -12 0
      vertex 46.4471 -28.2044 0
      vertex 45.7039 -28.4567 0
    endloop
  endfacet
  facet normal -0 0 -1
    outer loop
      vertex 48 28 0
      vertex 29 12 0
      vertex 47.2168 28.0513 0
    endloop
  endfacet
  facet normal 0 0 -1
    outer loop
      vertex 29 -12 0
      vertex 45.7039 -28.4567 0
      vertex 45 -28.8038 0
    endloop
  endfacet
  facet normal -0 0 -1
    outer loop
      vertex 47.2168 28.0513 0
      vertex 29 12 0
      vertex 46.4471 28.2044 0
    endloop
  endfacet
  facet normal 0 0 -1
    outer loop
      vertex 29 -12 0
      vertex 45 -28.8038 0
      vertex 44.3474 -29.2399 0
    endloop
  endfacet
  facet normal -0 0 -1
    outer loop
      vertex 46.4471 28.2044 0
      vertex 29 12 0
      vertex 45.7039 28.4567 0
    endloop
  endfacet
  facet normal 0 0 -1
    outer loop
      vertex 29 -12 0
      vertex 44.3474 -29.2399 0
      vertex 43.7574 -29.7574 0
    endloop
  endfacet
  facet normal -0 0 -1
    outer loop
      vertex 45.7039 28.4567 0
      vertex 29 12 0
      vertex 45 28.8038 0
    endloop
  endfacet
  facet normal 0 0 -1
    outer loop
      vertex 29 -12 0
      vertex 43.7574 -29.7574 0
      vertex 43.2399 -30.3474 0
    endloop
  endfacet
  facet normal -0 0 -1
    outer loop
      vertex 45 28.8038 0
      vertex 29 12 0
      vertex 44.3474 29.2399 0
    endloop
  endfacet
  facet normal 0 0 -1
    outer loop
      vertex 29 -12 0
      vertex 43.2399 -30.3474 0
      vertex 42.8038 -31 0
    endloop
  endfacet
  facet normal -0 0 -1
    outer loop
      vertex 44.3474 29.2399 0
      vertex 29 12 0
      vertex 43.7574 29.7574 0
    endloop
  endfacet
  facet normal 0 0 -1
    outer loop
      vertex 29 -12 0
      vertex 42.8038 -31 0
      vertex 42.4567 -31.7039 0
    endloop
  endfacet
  facet normal -0 0 -1
    outer loop
      vertex 43.7574 29.7574 0
      vertex 29 12 0
      vertex 43.2399 30.3474 0
    endloop
  endfacet
  facet normal 0 0 -1
    outer loop
      vertex 29 -12 0
      vertex 42.4567 -31.7039 0
      vertex 42.2044 -32.4471 0
    endloop
  endfacet
  facet normal -0 0 -1
    outer loop
      vertex 43.2399 30.3474 0
      vertex 29 12 0
      vertex 42.8038 31 0
    endloop
  endfacet
  facet normal 0 0 -1
    outer loop
      vertex 29 -12 0
      vertex 42.2044 -32.4471 0
      vertex 42.0513 -33.2168 0
    endloop
  endfacet
  facet normal -0 0 -1
    outer loop
      vertex 42.8038 31 0
      vertex 29 12 0
      vertex 42.4567 31.7039 0
    endloop
  endfacet
  facet normal 0 0 -1
    outer loop
      vertex 29 -12 0
      vertex 42.0513 -33.2168 0
      vertex 42 -34 0
    endloop
  endfacet
  facet normal -0 0 -1
    outer loop
      vertex 42.4567 31.7039 0
      vertex 29 12 0
      vertex 42.2044 32.4471 0
    endloop
  endfacet
  facet normal 0 0 -1
    outer loop
      vertex 60 -45 0
      vertex 65 -40 0
      vertex 64.9572 -40.6526 0
    endloop
  endfacet
  facet normal 0 0 -1
    outer loop
      vertex 53.9487 -33.2168 0
      vertex 65 -40 0
      vertex 54 -34 0
    endloop
  endfacet
  facet normal 0 0 -1
    outer loop
      vertex 60 -45 0
      vertex 64.9572 -40.6526 0
      vertex 64.8296 -41.2941 0
    endloop
  endfacet
  facet normal 0 0 -1
    outer loop
      vertex 53.7956 -32.4471 0
      vertex 65 -40 0
      vertex 53.9487 -33.2168 0
    endloop
  endfacet
  facet normal 0 0 -1
    outer loop
      vertex 60 -45 0
      vertex 64.8296 -41.2941 0
      vertex 64.6194 -41.9134 0
    endloop
  endfacet
  facet normal 0 0 -1
    outer loop
      vertex 53.9487 34.7832 0
      vertex 65 40 0
      vertex 54 34 0
    endloop
  endfacet
  facet normal 0 0 -1
    outer loop
      vertex 60 -45 0
      vertex 64.6194 -41.9134 0
      vertex 64.3301 -42.5 0
    endloop
  endfacet
  facet normal 0 0 -1
    outer loop
      vertex 53.7956 35.5529 0
      vertex 65 40 0
      vertex 53.9487 34.7832 0
    endloop
  endfacet
  facet normal 0 0 -1
    outer loop
      vertex 60 -45 0
      vertex 64.3301 -42.5 0
      vertex 63.9668 -43.0438 0
    endloop
  endfacet
  facet normal 0 0 -1
    outer loop
      vertex 53.5433 36.2961 0
      vertex 65 40 0
      vertex 53.7956 35.5529 0
    endloop
  endfacet
  facet normal 0 0 -1
    outer loop
      vertex 60 -45 0
      vertex 63.9668 -43.0438 0
      vertex 63.5355 -43.5355 0
    endloop
  endfacet
  facet normal 0 -0 -1
    outer loop
      vertex 60 45 0
      vertex 65 40 0
      vertex 53.5433 36.2961 0
    endloop
  endfacet
  facet normal 0 0 -1
    outer loop
      vertex 60 -45 0
      vertex 63.5355 -43.5355 0
      vertex 63.0438 -43.9668 0
    endloop
  endfacet
  facet normal 0 0 -1
    outer loop
      vertex 65 40 0
      vertex 60 45 0
      vertex 64.9572 40.6526 0
    endloop
  endfacet
  facet normal 0 0 -1
    outer loop
      vertex 60 -45 0
      vertex 63.0438 -43.9668 0
      vertex 62.5 -44.3301 0
    endloop
  endfacet
  facet normal 0 0 -1
    outer loop
      vertex 64.9572 40.6526 0
      vertex 60 45 0
      vertex 64.8296 41.2941 0
    endloop
  endfacet
  facet normal 0 0 -1
    outer loop
      vertex 60 -45 0
      vertex 62.5 -44.3301 0
      vertex 61.9134 -44.6194 0
    endloop
  endfacet
  facet normal 0 0 -1
    outer loop
      vertex 64.8296 41.2941 0
      vertex 60 45 0
      vertex 64.6194 41.9134 0
    endloop
  endfacet
  facet normal 0 0 -1
    outer loop
      vertex 60 -45 0
      vertex 61.9134 -44.6194 0
      vertex 61.2941 -44.8296 0
    endloop
  endfacet
  facet normal 0 0 -1
    outer loop
      vertex 64.6194 41.9134 0
      vertex 60 45 0
      vertex 64.3301 42.5 0
    endloop
  endfacet
  facet normal 0 0 -1
    outer loop
      vertex 60 -45 0
      vertex 61.2941 -44.8296 0
      vertex 60.6526 -44.9572 0
    endloop
  endfacet
  facet normal 0 0 -1
    outer loop
      vertex 64.3301 42.5 0
      vertex 60 45 0
      vertex 63.9668 43.0438 0
    endloop
  endfacet
  facet normal -0 0 -1
    outer loop
      vertex 65 -40 0
      vertex 60 -45 0
      vertex 53.5433 -36.2961 0
    endloop
  endfacet
  facet normal 0 0 -1
    outer loop
      vertex 63.9668 43.0438 0
      vertex 60 45 0
      vertex 63.5355 43.5355 0
    endloop
  endfacet
  facet normal 0 0 -1
    outer loop
      vertex 63.5355 43.5355 0
      vertex 60 45 0
      vertex 63.0438 43.9668 0
    endloop
  endfacet
  facet normal 0 0 -1
    outer loop
      vertex 65 -40 0
      vertex 53.9487 -34.7832 0
      vertex 54 -34 0
    endloop
  endfacet
  facet normal 0 0 -1
    outer loop
      vertex 65 -40 0
      vertex 53.7956 -35.5529 0
      vertex 53.9487 -34.7832 0
    endloop
  endfacet
  facet normal 0 0 -1
    outer loop
      vertex 65 -40 0
      vertex 53.5433 -36.2961 0
      vertex 53.7956 -35.5529 0
    endloop
  endfacet
  facet normal 0 0 -1
    outer loop
      vertex 60 -45 0
      vertex 53.1962 -37 0
      vertex 53.5433 -36.2961 0
    endloop
  endfacet
  facet normal 0 0 -1
    outer loop
      vertex 60 -45 0
      vertex 52.7601 -37.6526 0
      vertex 53.1962 -37 0
    endloop
  endfacet
  facet normal 0 0 -1
    outer loop
      vertex 60 -45 0
      vertex 52.2426 -38.2426 0
      vertex 52.7601 -37.6526 0
    endloop
  endfacet
  facet normal 0 0 -1
    outer loop
      vertex 60 -45 0
      vertex 51.6526 -38.7601 0
      vertex 52.2426 -38.2426 0
    endloop
  endfacet
  facet normal 0 0 -1
    outer loop
      vertex 60 -45 0
      vertex 51 -39.1962 0
      vertex 51.6526 -38.7601 0
    endloop
  endfacet
  facet normal 0 0 -1
    outer loop
      vertex 60 -45 0
      vertex 50.2961 -39.5433 0
      vertex 51 -39.1962 0
    endloop
  endfacet
  facet normal 0 0 -1
    outer loop
      vertex 60 -45 0
      vertex 49.5529 -39.7956 0
      vertex 50.2961 -39.5433 0
    endloop
  endfacet
  facet normal 0 0 -1
    outer loop
      vertex 60 -45 0
      vertex 48.7832 -39.9487 0
      vertex 49.5529 -39.7956 0
    endloop
  endfacet
  facet normal 0 0 -1
    outer loop
      vertex 60 -45 0
      vertex 48 -40 0
      vertex 48.7832 -39.9487 0
    endloop
  endfacet
  facet normal 0 0 -1
    outer loop
      vertex 60 -45 0
      vertex 47.2168 -39.9487 0
      vertex 48 -40 0
    endloop
  endfacet
  facet normal 0 0 -1
    outer loop
      vertex 60 -45 0
      vertex 46.4471 -39.7956 0
      vertex 47.2168 -39.9487 0
    endloop
  endfacet
  facet normal 0 0 -1
    outer loop
      vertex -46.4471 -39.7956 0
      vertex 46.4471 -39.7956 0
      vertex 60 -45 0
    endloop
  endfacet
  facet normal -0 0 -1
    outer loop
      vertex 42.2044 32.4471 0
      vertex 29 12 0
      vertex 42.0513 33.2168 0
    endloop
  endfacet
  facet normal 0 0 -1
    outer loop
      vertex 11 -12 0
      vertex 42 -34 0
      vertex 42.0513 -34.7832 0
    endloop
  endfacet
  facet normal 0 0 -1
    outer loop
      vertex 11 -12 0
      vertex 42.0513 -34.7832 0
      vertex 42.2044 -35.5529 0
    endloop
  endfacet
  facet normal 0 0 -1
    outer loop
      vertex 11 -12 0
      vertex 42.2044 -35.5529 0
      vertex 42.4567 -36.2961 0
    endloop
  endfacet
  facet normal 0 0 -1
    outer loop
      vertex 11 -12 0
      vertex 42.4567 -36.2961 0
      vertex 42.8038 -37 0
    endloop
  endfacet
  facet normal 0 0 -1
    outer loop
      vertex 42 -34 0
      vertex 11 -12 0
      vertex 29 -12 0
    endloop
  endfacet
  facet normal 0 0 -1
    outer loop
      vertex -42.8038 -37 0
      vertex 42.8038 -37 0
      vertex 43.2399 -37.6526 0
    endloop
  endfacet
  facet normal 0 0 -1
    outer loop
      vertex -43.2399 -37.6526 0
      vertex 43.2399 -37.6526 0
      vertex 43.7574 -38.2426 0
    endloop
  endfacet
  facet normal 0 0 -1
    outer loop
      vertex -43.7574 -38.2426 0
      vertex 43.7574 -38.2426 0
      vertex 44.3474 -38.7601 0
    endloop
  endfacet
  facet normal 0 0 -1
    outer loop
      vertex -42.0513 -33.2168 0
      vertex 11 -12 0
      vertex -42 -34 0
    endloop
  endfacet
  facet normal 0 0 -1
    outer loop
      vertex 42.8038 -37 0
      vertex -42.8038 -37 0
      vertex 11 -12 0
    endloop
  endfacet
  facet normal 0 0 -1
    outer loop
      vertex -44.3474 -38.7601 0
      vertex 44.3474 -38.7601 0
      vertex 45 -39.1962 0
    endloop
  endfacet
  facet normal 0 0 -1
    outer loop
      vertex -45 -39.1962 0
      vertex 45 -39.1962 0
      vertex 45.7039 -39.5433 0
    endloop
  endfacet
  facet normal 0 0 -1
    outer loop
      vertex 46.4471 -39.7956 0
      vertex -46.4471 -39.7956 0
      vertex 45.7039 -39.5433 0
    endloop
  endfacet
  facet normal 0 0 -1
    outer loop
      vertex 11 -12 0
      vertex -42.0513 -34.7832 0
      vertex -42 -34 0
    endloop
  endfacet
  facet normal 0 0 -1
    outer loop
      vertex 11 -12 0
      vertex -42.2044 -35.5529 0
      vertex -42.0513 -34.7832 0
    endloop
  endfacet
  facet normal 0 0 -1
    outer loop
      vertex 11 -12 0
      vertex -42.4567 -36.2961 0
      vertex -42.2044 -35.5529 0
    endloop
  endfacet
  facet normal 0 0 -1
    outer loop
      vertex 11 -12 0
      vertex -42.8038 -37 0
      vertex -42.4567 -36.2961 0
    endloop
  endfacet
  facet normal 0 0 -1
    outer loop
      vertex 43.2399 -37.6526 0
      vertex -43.2399 -37.6526 0
      vertex -42.8038 -37 0
    endloop
  endfacet
  facet normal 0 0 -1
    outer loop
      vertex 43.7574 -38.2426 0
      vertex -43.7574 -38.2426 0
      vertex -43.2399 -37.6526 0
    endloop
  endfacet
  facet normal 0 0 -1
    outer loop
      vertex 44.3474 -38.7601 0
      vertex -44.3474 -38.7601 0
      vertex -43.7574 -38.2426 0
    endloop
  endfacet
  facet normal 0 0 -1
    outer loop
      vertex 45 -39.1962 0
      vertex -45 -39.1962 0
      vertex -44.3474 -38.7601 0
    endloop
  endfacet
  facet normal 0 0 -1
    outer loop
      vertex 45.7039 -39.5433 0
      vertex -45.7039 -39.5433 0
      vertex -45 -39.1962 0
    endloop
  endfacet
  facet normal -0 0 -1
    outer loop
      vertex 45.7039 -39.5433 0
      vertex -46.4471 -39.7956 0
      vertex -45.7039 -39.5433 0
    endloop
  endfacet
  facet normal 0 0 -1
    outer loop
      vertex -60 -45 0
      vertex -46.4471 -39.7956 0
      vertex 60 -45 0
    endloop
  endfacet
  facet normal 0 0 -1
    outer loop
      vertex -46.4471 -39.7956 0
      vertex -60 -45 0
      vertex -47.2168 -39.9487 0
    endloop
  endfacet
  facet normal -0 0 -1
    outer loop
      vertex -53.9487 -34.7832 0
      vertex -65 -40 0
      vertex -54 -34 0
    endloop
  endfacet
  facet normal -0 0 -1
    outer loop
      vertex -53.7956 -35.5529 0
      vertex -65 -40 0
      vertex -53.9487 -34.7832 0
    endloop
  endfacet
  facet normal -0 0 -1
    outer loop
      vertex -53.5433 -36.2961 0
      vertex -65 -40 0
      vertex -53.7956 -35.5529 0
    endloop
  endfacet
  facet normal 0 0 -1
    outer loop
      vertex -65 -40 0
      vertex -53.5433 -36.2961 0
      vertex -60 -45 0
    endloop
  endfacet
  facet normal -0 0 -1
    outer loop
      vertex -53.1962 -37 0
      vertex -60 -45 0
      vertex -53.5433 -36.2961 0
    endloop
  endfacet
  facet normal -0 0 -1
    outer loop
      vertex -52.7601 -37.6526 0
      vertex -60 -45 0
      vertex -53.1962 -37 0
    endloop
  endfacet
  facet normal -0 0 -1
    outer loop
      vertex -52.2426 -38.2426 0
      vertex -60 -45 0
      vertex -52.7601 -37.6526 0
    endloop
  endfacet
  facet normal -0 0 -1
    outer loop
      vertex -51.6526 -38.7601 0
      vertex -60 -45 0
      vertex -52.2426 -38.2426 0
    endloop
  endfacet
  facet normal -0 0 -1
    outer loop
      vertex -51 -39.1962 0
      vertex -60 -45 0
      vertex -51.6526 -38.7601 0
    endloop
  endfacet
  facet normal -0 0 -1
    outer loop
      vertex -50.2961 -39.5433 0
      vertex -60 -45 0
      vertex -51 -39.1962 0
    endloop
  endfacet
  facet normal -0 0 -1
    outer loop
      vertex -49.5529 -39.7956 0
      vertex -60 -45 0
      vertex -50.2961 -39.5433 0
    endloop
  endfacet
  facet normal -0 0 -1
    outer loop
      vertex -48.7832 -39.9487 0
      vertex -60 -45 0
      vertex -49.5529 -39.7956 0
    endloop
  endfacet
  facet normal -0 0 -1
    outer loop
      vertex -48 -40 0
      vertex -60 -45 0
      vertex -48.7832 -39.9487 0
    endloop
  endfacet
  facet normal 0 0 -1
    outer loop
      vertex -47.2168 -39.9487 0
      vertex -60 -45 0
      vertex -48 -40 0
    endloop
  endfacet
  facet normal 0 0 -1
    outer loop
      vertex 63.0438 43.9668 0
      vertex 60 45 0
      vertex 62.5 44.3301 0
    endloop
  endfacet
  facet normal 0 0 -1
    outer loop
      vertex 62.5 44.3301 0
      vertex 60 45 0
      vertex 61.9134 44.6194 0
    endloop
  endfacet
  facet normal 0 0 -1
    outer loop
      vertex 61.9134 44.6194 0
      vertex 60 45 0
      vertex 61.2941 44.8296 0
    endloop
  endfacet
  facet normal 0 0 -1
    outer loop
      vertex 61.2941 44.8296 0
      vertex 60 45 0
      vertex 60.6526 44.9572 0
    endloop
  endfacet
  facet normal 0 0 -1
    outer loop
      vertex 53.1962 37 0
      vertex 60 45 0
      vertex 53.5433 36.2961 0
    endloop
  endfacet
  facet normal 0 0 -1
    outer loop
      vertex 52.7601 37.6526 0
      vertex 60 45 0
      vertex 53.1962 37 0
    endloop
  endfacet
  facet normal 0 0 -1
    outer loop
      vertex 52.2426 38.2426 0
      vertex 60 45 0
      vertex 52.7601 37.6526 0
    endloop
  endfacet
  facet normal 0 0 -1
    outer loop
      vertex 51.6526 38.7601 0
      vertex 60 45 0
      vertex 52.2426 38.2426 0
    endloop
  endfacet
  facet normal 0 0 -1
    outer loop
      vertex 51 39.1962 0
      vertex 60 45 0
      vertex 51.6526 38.7601 0
    endloop
  endfacet
  facet normal 0 0 -1
    outer loop
      vertex 50.2961 39.5433 0
      vertex 60 45 0
      vertex 51 39.1962 0
    endloop
  endfacet
  facet normal 0 0 -1
    outer loop
      vertex 49.5529 39.7956 0
      vertex 60 45 0
      vertex 50.2961 39.5433 0
    endloop
  endfacet
  facet normal 0 0 -1
    outer loop
      vertex 48.7832 39.9487 0
      vertex 60 45 0
      vertex 49.5529 39.7956 0
    endloop
  endfacet
  facet normal 0 0 -1
    outer loop
      vertex 48 40 0
      vertex 60 45 0
      vertex 48.7832 39.9487 0
    endloop
  endfacet
  facet normal 0 0 -1
    outer loop
      vertex 47.2168 39.9487 0
      vertex 60 45 0
      vertex 48 40 0
    endloop
  endfacet
  facet normal 0 0 -1
    outer loop
      vertex 46.4471 39.7956 0
      vertex 60 45 0
      vertex 47.2168 39.9487 0
    endloop
  endfacet
  facet normal 0 0 -1
    outer loop
      vertex -46.4471 39.7956 0
      vertex 46.4471 39.7956 0
      vertex 45.7039 39.5433 0
    endloop
  endfacet
  facet normal -0 0 -1
    outer loop
      vertex 42.0513 33.2168 0
      vertex 29 12 0
      vertex 42 34 0
    endloop
  endfacet
  facet normal 0 0 -1
    outer loop
      vertex 11 12 0
      vertex 42 34 0
      vertex 29 12 0
    endloop
  endfacet
  facet normal -0 0 -1
    outer loop
      vertex 42 34 0
      vertex 11 12 0
      vertex 42.0513 34.7832 0
    endloop
  endfacet
  facet normal -0 0 -1
    outer loop
      vertex 42.0513 34.7832 0
      vertex 11 12 0
      vertex 42.2044 35.5529 0
    endloop
  endfacet
  facet normal -0 0 -1
    outer loop
      vertex 42.2044 35.5529 0
      vertex 11 12 0
      vertex 42.4567 36.2961 0
    endloop
  endfacet
  facet normal -0 0 -1
    outer loop
      vertex 42.4567 36.2961 0
      vertex 11 12 0
      vertex 42.8038 37 0
    endloop
  endfacet
  facet normal 0 0 -1
    outer loop
      vertex -42.8038 37 0
      vertex 42.8038 37 0
      vertex 11 12 0
    endloop
  endfacet
  facet normal 0 0 -1
    outer loop
      vertex 42.8038 37 0
      vertex -42.8038 37 0
      vertex 43.2399 37.6526 0
    endloop
  endfacet
  facet normal 0 0 -1
    outer loop
      vertex -43.2399 37.6526 0
      vertex 43.2399 37.6526 0
      vertex -42.8038 37 0
    endloop
  endfacet
  facet normal 0 0 -1
    outer loop
      vertex -42.2044 -32.4471 0
      vertex 11 -12 0
      vertex -42.0513 -33.2168 0
    endloop
  endfacet
  facet normal 0 0 -1
    outer loop
      vertex -42.0513 34.7832 0
      vertex 11 12 0
      vertex -42 34 0
    endloop
  endfacet
  facet normal 0 0 -1
    outer loop
      vertex -42.2044 35.5529 0
      vertex 11 12 0
      vertex -42.0513 34.7832 0
    endloop
  endfacet
  facet normal 0 0 -1
    outer loop
      vertex -42.4567 36.2961 0
      vertex 11 12 0
      vertex -42.2044 35.5529 0
    endloop
  endfacet
  facet normal 0 0 -1
    outer loop
      vertex -42.8038 37 0
      vertex 11 12 0
      vertex -42.4567 36.2961 0
    endloop
  endfacet
  facet normal 0 0 -1
    outer loop
      vertex 43.2399 37.6526 0
      vertex -43.2399 37.6526 0
      vertex 43.7574 38.2426 0
    endloop
  endfacet
  facet normal 0 0 -1
    outer loop
      vertex -43.7574 38.2426 0
      vertex 43.7574 38.2426 0
      vertex -43.2399 37.6526 0
    endloop
  endfacet
  facet normal 0 0 -1
    outer loop
      vertex 43.7574 38.2426 0
      vertex -43.7574 38.2426 0
      vertex 44.3474 38.7601 0
    endloop
  endfacet
  facet normal 0 0 -1
    outer loop
      vertex -44.3474 38.7601 0
      vertex 44.3474 38.7601 0
      vertex -43.7574 38.2426 0
    endloop
  endfacet
  facet normal 0 0 -1
    outer loop
      vertex 44.3474 38.7601 0
      vertex -44.3474 38.7601 0
      vertex 45 39.1962 0
    endloop
  endfacet
  facet normal 0 0 -1
    outer loop
      vertex -45 39.1962 0
      vertex 45 39.1962 0
      vertex -44.3474 38.7601 0
    endloop
  endfacet
  facet normal 0 0 -1
    outer loop
      vertex 45 39.1962 0
      vertex -45 39.1962 0
      vertex 45.7039 39.5433 0
    endloop
  endfacet
  facet normal 0 0 -1
    outer loop
      vertex -45.7039 39.5433 0
      vertex 45.7039 39.5433 0
      vertex -45 39.1962 0
    endloop
  endfacet
  facet normal 0 0 -1
    outer loop
      vertex -46.4471 39.7956 0
      vertex 45.7039 39.5433 0
      vertex -45.7039 39.5433 0
    endloop
  endfacet
  facet normal 0 0 -1
    outer loop
      vertex 46.4471 39.7956 0
      vertex -46.4471 39.7956 0
      vertex 60 45 0
    endloop
  endfacet
  facet normal 0 0 -1
    outer loop
      vertex -60 45 0
      vertex -46.4471 39.7956 0
      vertex -47.2168 39.9487 0
    endloop
  endfacet
  facet normal 0 0 -1
    outer loop
      vertex -60 45 0
      vertex -47.2168 39.9487 0
      vertex -48 40 0
    endloop
  endfacet
  facet normal 0 0 -1
    outer loop
      vertex -53.7956 32.4471 0
      vertex -65 40 0
      vertex -53.9487 33.2168 0
    endloop
  endfacet
  facet normal 0 0 -1
    outer loop
      vertex -46.4471 39.7956 0
      vertex -60 45 0
      vertex 60 45 0
    endloop
  endfacet
  facet normal 0 0 -1
    outer loop
      vertex -48.7832 39.9487 0
      vertex -60 45 0
      vertex -48 40 0
    endloop
  endfacet
  facet normal 0 0 -1
    outer loop
      vertex -49.5529 39.7956 0
      vertex -60 45 0
      vertex -48.7832 39.9487 0
    endloop
  endfacet
  facet normal 0 0 -1
    outer loop
      vertex -50.2961 39.5433 0
      vertex -60 45 0
      vertex -49.5529 39.7956 0
    endloop
  endfacet
  facet normal 0 0 -1
    outer loop
      vertex -51 39.1962 0
      vertex -60 45 0
      vertex -50.2961 39.5433 0
    endloop
  endfacet
  facet normal 0 0 -1
    outer loop
      vertex -51.6526 38.7601 0
      vertex -60 45 0
      vertex -51 39.1962 0
    endloop
  endfacet
  facet normal 0 0 -1
    outer loop
      vertex -52.2426 38.2426 0
      vertex -60 45 0
      vertex -51.6526 38.7601 0
    endloop
  endfacet
  facet normal 0 0 -1
    outer loop
      vertex -52.7601 37.6526 0
      vertex -60 45 0
      vertex -52.2426 38.2426 0
    endloop
  endfacet
  facet normal 0 0 -1
    outer loop
      vertex -53.1962 37 0
      vertex -60 45 0
      vertex -52.7601 37.6526 0
    endloop
  endfacet
  facet normal 0 0 -1
    outer loop
      vertex -53.5433 36.2961 0
      vertex -60 45 0
      vertex -53.1962 37 0
    endloop
  endfacet
  facet normal 0 0 -1
    outer loop
      vertex -65 40 0
      vertex -53.5433 36.2961 0
      vertex -53.7956 35.5529 0
    endloop
  endfacet
  facet normal 0 0 -1
    outer loop
      vertex -65 40 0
      vertex -53.7956 35.5529 0
      vertex -53.9487 34.7832 0
    endloop
  endfacet
  facet normal 0 0 -1
    outer loop
      vertex -53.9487 33.2168 0
      vertex -65 40 0
      vertex -54 34 0
    endloop
  endfacet
  facet normal 0 0 -1
    outer loop
      vertex -65 -40 0
      vertex -60 -45 0
      vertex -60.6526 -44.9572 0
    endloop
  endfacet
  facet normal 0 0 -1
    outer loop
      vertex -54 34 0
      vertex -65 40 0
      vertex -53.9487 34.7832 0
    endloop
  endfacet
  facet normal 0 0 -1
    outer loop
      vertex -65 -40 0
      vertex -60.6526 -44.9572 0
      vertex -61.2941 -44.8296 0
    endloop
  endfacet
  facet normal 0 0 -1
    outer loop
      vertex -53.5433 36.2961 0
      vertex -65 40 0
      vertex -60 45 0
    endloop
  endfacet
  facet normal 0 0 -1
    outer loop
      vertex -65 -40 0
      vertex -61.2941 -44.8296 0
      vertex -61.9134 -44.6194 0
    endloop
  endfacet
  facet normal 0 0 -1
    outer loop
      vertex -60 45 0
      vertex -65 40 0
      vertex -60.6526 44.9572 0
    endloop
  endfacet
  facet normal 0 0 -1
    outer loop
      vertex -65 -40 0
      vertex -61.9134 -44.6194 0
      vertex -62.5 -44.3301 0
    endloop
  endfacet
  facet normal 0 0 -1
    outer loop
      vertex -60.6526 44.9572 0
      vertex -65 40 0
      vertex -61.2941 44.8296 0
    endloop
  endfacet
  facet normal 0 0 -1
    outer loop
      vertex -65 -40 0
      vertex -62.5 -44.3301 0
      vertex -63.0438 -43.9668 0
    endloop
  endfacet
  facet normal 0 0 -1
    outer loop
      vertex -61.2941 44.8296 0
      vertex -65 40 0
      vertex -61.9134 44.6194 0
    endloop
  endfacet
  facet normal 0 0 -1
    outer loop
      vertex -65 -40 0
      vertex -63.0438 -43.9668 0
      vertex -63.5355 -43.5355 0
    endloop
  endfacet
  facet normal 0 0 -1
    outer loop
      vertex -61.9134 44.6194 0
      vertex -65 40 0
      vertex -62.5 44.3301 0
    endloop
  endfacet
  facet normal 0 0 -1
    outer loop
      vertex -65 -40 0
      vertex -63.5355 -43.5355 0
      vertex -63.9668 -43.0438 0
    endloop
  endfacet
  facet normal 0 0 -1
    outer loop
      vertex -62.5 44.3301 0
      vertex -65 40 0
      vertex -63.0438 43.9668 0
    endloop
  endfacet
  facet normal 0 0 -1
    outer loop
      vertex -65 -40 0
      vertex -63.9668 -43.0438 0
      vertex -64.3301 -42.5 0
    endloop
  endfacet
  facet normal 0 0 -1
    outer loop
      vertex -63.0438 43.9668 0
      vertex -65 40 0
      vertex -63.5355 43.5355 0
    endloop
  endfacet
  facet normal 0 0 -1
    outer loop
      vertex -65 -40 0
      vertex -64.3301 -42.5 0
      vertex -64.6194 -41.9134 0
    endloop
  endfacet
  facet normal 0 0 -1
    outer loop
      vertex -63.5355 43.5355 0
      vertex -65 40 0
      vertex -63.9668 43.0438 0
    endloop
  endfacet
  facet normal 0 0 -1
    outer loop
      vertex -65 -40 0
      vertex -64.6194 -41.9134 0
      vertex -64.8296 -41.2941 0
    endloop
  endfacet
  facet normal 0 0 -1
    outer loop
      vertex -63.9668 43.0438 0
      vertex -65 40 0
      vertex -64.3301 42.5 0
    endloop
  endfacet
  facet normal 0 0 -1
    outer loop
      vertex -65 -40 0
      vertex -64.8296 -41.2941 0
      vertex -64.9572 -40.6526 0
    endloop
  endfacet
  facet normal 0 0 -1
    outer loop
      vertex -64.3301 42.5 0
      vertex -65 40 0
      vertex -64.6194 41.9134 0
    endloop
  endfacet
  facet normal 0 0 -1
    outer loop
      vertex -64.6194 41.9134 0
      vertex -65 40 0
      vertex -64.8296 41.2941 0
    endloop
  endfacet
  facet normal 0 0 -1
    outer loop
      vertex -64.8296 41.2941 0
      vertex -65 40 0
      vertex -64.9572 40.6526 0
    endloop
  endfacet
  facet normal 0 0 -1
    outer loop
      vertex 22.5778 -0.339369 0
      vertex 22.5778 0.339368 0
      vertex 22.6 0 0
    endloop
  endfacet
  facet normal 0 0 -1
    outer loop
      vertex 22.5114 -0.67293 0
      vertex 22.5778 0.339368 0
      vertex 22.5778 -0.339369 0
    endloop
  endfacet
  facet normal 0 0 -1
    outer loop
      vertex 22.5114 -0.67293 0
      vertex 22.5114 0.672929 0
      vertex 22.5778 0.339368 0
    endloop
  endfacet
  facet normal 0 0 -1
    outer loop
      vertex 22.4021 -0.994977 0
      vertex 22.5114 0.672929 0
      vertex 22.5114 -0.67293 0
    endloop
  endfacet
  facet normal 0 0 -1
    outer loop
      vertex 22.4021 -0.994977 0
      vertex 22.4021 0.994976 0
      vertex 22.5114 0.672929 0
    endloop
  endfacet
  facet normal 0 0 -1
    outer loop
      vertex 22.2517 -1.3 0
      vertex 22.4021 0.994976 0
      vertex 22.4021 -0.994977 0
    endloop
  endfacet
  facet normal 0 0 -1
    outer loop
      vertex 22.2517 -1.3 0
      vertex 22.2517 1.3 0
      vertex 22.4021 0.994976 0
    endloop
  endfacet
  facet normal 0 0 -1
    outer loop
      vertex 22.0627 -1.58278 0
      vertex 22.2517 1.3 0
      vertex 22.2517 -1.3 0
    endloop
  endfacet
  facet normal 0 0 -1
    outer loop
      vertex 22.0627 -1.58278 0
      vertex 22.0627 1.58278 0
      vertex 22.2517 1.3 0
    endloop
  endfacet
  facet normal 0 0 -1
    outer loop
      vertex 21.8385 -1.83848 0
      vertex 22.0627 1.58278 0
      vertex 22.0627 -1.58278 0
    endloop
  endfacet
  facet normal 0 0 -1
    outer loop
      vertex 21.8385 -1.83848 0
      vertex 21.8385 1.83848 0
      vertex 22.0627 1.58278 0
    endloop
  endfacet
  facet normal 0 0 -1
    outer loop
      vertex 21.5828 -2.06272 0
      vertex 21.8385 1.83848 0
      vertex 21.8385 -1.83848 0
    endloop
  endfacet
  facet normal 0 0 -1
    outer loop
      vertex 21.5828 -2.06272 0
      vertex 21.5828 2.06272 0
      vertex 21.8385 1.83848 0
    endloop
  endfacet
  facet normal 0 0 -1
    outer loop
      vertex 21.3 -2.25167 0
      vertex 21.5828 2.06272 0
      vertex 21.5828 -2.06272 0
    endloop
  endfacet
  facet normal 0 0 -1
    outer loop
      vertex 21.3 -2.25167 0
      vertex 21.3 2.25167 0
      vertex 21.5828 2.06272 0
    endloop
  endfacet
  facet normal 0 0 -1
    outer loop
      vertex 20.995 -2.40209 0
      vertex 21.3 2.25167 0
      vertex 21.3 -2.25167 0
    endloop
  endfacet
  facet normal 0 0 -1
    outer loop
      vertex 20.995 -2.40209 0
      vertex 20.995 2.40209 0
      vertex 21.3 2.25167 0
    endloop
  endfacet
  facet normal 0 0 -1
    outer loop
      vertex 20.6729 -2.51141 0
      vertex 20.995 2.40209 0
      vertex 20.995 -2.40209 0
    endloop
  endfacet
  facet normal 0 0 -1
    outer loop
      vertex 20.6729 -2.51141 0
      vertex 20.6729 2.51141 0
      vertex 20.995 2.40209 0
    endloop
  endfacet
  facet normal 0 0 -1
    outer loop
      vertex 20.3394 -2.57776 0
      vertex 20.6729 2.51141 0
      vertex 20.6729 -2.51141 0
    endloop
  endfacet
  facet normal 0 0 -1
    outer loop
      vertex 20.3394 -2.57776 0
      vertex 20.3394 2.57776 0
      vertex 20.6729 2.51141 0
    endloop
  endfacet
  facet normal 0 0 -1
    outer loop
      vertex 20 -2.6 0
      vertex 20.3394 2.57776 0
      vertex 20.3394 -2.57776 0
    endloop
  endfacet
  facet normal 0 0 -1
    outer loop
      vertex 20 -2.6 0
      vertex 20 2.6 0
      vertex 20.3394 2.57776 0
    endloop
  endfacet
  facet normal 0 0 -1
    outer loop
      vertex 19.6606 -2.57776 0
      vertex 20 2.6 0
      vertex 20 -2.6 0
    endloop
  endfacet
  facet normal 0 0 -1
    outer loop
      vertex 19.6606 -2.57776 0
      vertex 19.6606 2.57776 0
      vertex 20 2.6 0
    endloop
  endfacet
  facet normal 0 0 -1
    outer loop
      vertex 19.3271 -2.51141 0
      vertex 19.6606 2.57776 0
      vertex 19.6606 -2.57776 0
    endloop
  endfacet
  facet normal 0 0 -1
    outer loop
      vertex 19.3271 -2.51141 0
      vertex 19.3271 2.51141 0
      vertex 19.6606 2.57776 0
    endloop
  endfacet
  facet normal 0 0 -1
    outer loop
      vertex 19.005 -2.40209 0
      vertex 19.3271 2.51141 0
      vertex 19.3271 -2.51141 0
    endloop
  endfacet
  facet normal 0 0 -1
    outer loop
      vertex 19.005 -2.40209 0
      vertex 19.005 2.40209 0
      vertex 19.3271 2.51141 0
    endloop
  endfacet
  facet normal 0 0 -1
    outer loop
      vertex 18.7 -2.25167 0
      vertex 19.005 2.40209 0
      vertex 19.005 -2.40209 0
    endloop
  endfacet
  facet normal 0 0 -1
    outer loop
      vertex 18.7 -2.25167 0
      vertex 18.7 2.25167 0
      vertex 19.005 2.40209 0
    endloop
  endfacet
  facet normal 0 0 -1
    outer loop
      vertex 18.4172 -2.06272 0
      vertex 18.7 2.25167 0
      vertex 18.7 -2.25167 0
    endloop
  endfacet
  facet normal 0 0 -1
    outer loop
      vertex 18.4172 -2.06272 0
      vertex 18.4172 2.06272 0
      vertex 18.7 2.25167 0
    endloop
  endfacet
  facet normal 0 0 -1
    outer loop
      vertex 18.1615 -1.83848 0
      vertex 18.4172 2.06272 0
      vertex 18.4172 -2.06272 0
    endloop
  endfacet
  facet normal 0 0 -1
    outer loop
      vertex 18.1615 -1.83848 0
      vertex 18.1615 1.83848 0
      vertex 18.4172 2.06272 0
    endloop
  endfacet
  facet normal 0 0 -1
    outer loop
      vertex 17.9373 -1.58278 0
      vertex 18.1615 1.83848 0
      vertex 18.1615 -1.83848 0
    endloop
  endfacet
  facet normal 0 0 -1
    outer loop
      vertex 17.9373 -1.58278 0
      vertex 17.9373 1.58278 0
      vertex 18.1615 1.83848 0
    endloop
  endfacet
  facet normal 0 0 -1
    outer loop
      vertex 17.7483 -1.3 0
      vertex 17.9373 1.58278 0
      vertex 17.9373 -1.58278 0
    endloop
  endfacet
  facet normal 0 0 -1
    outer loop
      vertex 17.7483 -1.3 0
      vertex 17.7483 1.3 0
      vertex 17.9373 1.58278 0
    endloop
  endfacet
  facet normal 0 0 -1
    outer loop
      vertex 17.5979 -0.994977 0
      vertex 17.7483 1.3 0
      vertex 17.7483 -1.3 0
    endloop
  endfacet
  facet normal 0 0 -1
    outer loop
      vertex 17.5979 -0.994977 0
      vertex 17.5979 0.994976 0
      vertex 17.7483 1.3 0
    endloop
  endfacet
  facet normal 0 0 -1
    outer loop
      vertex 17.4886 -0.67293 0
      vertex 17.5979 0.994976 0
      vertex 17.5979 -0.994977 0
    endloop
  endfacet
  facet normal 0 0 -1
    outer loop
      vertex 17.4886 -0.67293 0
      vertex 17.4886 0.672929 0
      vertex 17.5979 0.994976 0
    endloop
  endfacet
  facet normal 0 0 -1
    outer loop
      vertex 17.4222 -0.339369 0
      vertex 17.4886 0.672929 0
      vertex 17.4886 -0.67293 0
    endloop
  endfacet
  facet normal 0 0 -1
    outer loop
      vertex 17.4222 -0.339369 0
      vertex 17.4222 0.339368 0
      vertex 17.4886 0.672929 0
    endloop
  endfacet
  facet normal 0 -0 -1
    outer loop
      vertex 17.4222 0.339368 0
      vertex 17.4222 -0.339369 0
      vertex 17.4 0 0
    endloop
  endfacet
  facet normal 0.0654432 -0.997856 0
    outer loop
      vertex 60 -45 0
      vertex 60.6526 -44.9572 4
      vertex 60 -45 4
    endloop
  endfacet
  facet normal 0.0654432 -0.997856 0
    outer loop
      vertex 60.6526 -44.9572 4
      vertex 60 -45 0
      vertex 60.6526 -44.9572 0
    endloop
  endfacet
  facet normal -0.442314 -0.89686 0
    outer loop
      vertex -62.5 -44.3301 0
      vertex -61.9134 -44.6194 4
      vertex -62.5 -44.3301 4
    endloop
  endfacet
  facet normal -0.442314 -0.89686 -0
    outer loop
      vertex -61.9134 -44.6194 4
      vertex -62.5 -44.3301 0
      vertex -61.9134 -44.6194 0
    endloop
  endfacet
  facet normal -0.555512 0.831509 0
    outer loop
      vertex -62.5 44.3301 0
      vertex -63.0438 43.9668 4
      vertex -62.5 44.3301 4
    endloop
  endfacet
  facet normal -0.555512 0.831509 0
    outer loop
      vertex -63.0438 43.9668 4
      vertex -62.5 44.3301 0
      vertex -63.0438 43.9668 0
    endloop
  endfacet
  facet normal -0.751771 -0.659424 -4.89508e-18
    outer loop
      vertex -63.5355 -43.5355 0
      vertex -63.9668 -43.0438 4
      vertex -63.9668 -43.0438 0
    endloop
  endfacet
  facet normal -0.751771 -0.659424 -4.89508e-18
    outer loop
      vertex -63.9668 -43.0438 4
      vertex -63.5355 -43.5355 0
      vertex -63.5355 -43.5355 4
    endloop
  endfacet
  facet normal 0.195087 0.980786 -0
    outer loop
      vertex 61.2941 44.8296 0
      vertex 60.6526 44.9572 4
      vertex 61.2941 44.8296 4
    endloop
  endfacet
  facet normal 0.195087 0.980786 0
    outer loop
      vertex 60.6526 44.9572 4
      vertex 61.2941 44.8296 0
      vertex 60.6526 44.9572 0
    endloop
  endfacet
  facet normal 0.555512 -0.831509 0
    outer loop
      vertex 62.5 -44.3301 0
      vertex 63.0438 -43.9668 4
      vertex 62.5 -44.3301 4
    endloop
  endfacet
  facet normal 0.555512 -0.831509 0
    outer loop
      vertex 63.0438 -43.9668 4
      vertex 62.5 -44.3301 0
      vertex 63.0438 -43.9668 0
    endloop
  endfacet
  facet normal -0.831509 -0.555512 4.16083e-18
    outer loop
      vertex -63.9668 -43.0438 0
      vertex -64.3301 -42.5 4
      vertex -64.3301 -42.5 0
    endloop
  endfacet
  facet normal -0.831509 -0.555512 4.16083e-18
    outer loop
      vertex -64.3301 -42.5 4
      vertex -63.9668 -43.0438 0
      vertex -63.9668 -43.0438 4
    endloop
  endfacet
  facet normal -0.751771 0.659424 4.89508e-18
    outer loop
      vertex -63.9668 43.0438 0
      vertex -63.5355 43.5355 4
      vertex -63.5355 43.5355 0
    endloop
  endfacet
  facet normal -0.751771 0.659424 4.89508e-18
    outer loop
      vertex -63.5355 43.5355 4
      vertex -63.9668 43.0438 0
      vertex -63.9668 43.0438 4
    endloop
  endfacet
  facet normal -0.321407 -0.946941 0
    outer loop
      vertex -61.9134 -44.6194 0
      vertex -61.2941 -44.8296 4
      vertex -61.9134 -44.6194 4
    endloop
  endfacet
  facet normal -0.321407 -0.946941 -0
    outer loop
      vertex -61.2941 -44.8296 4
      vertex -61.9134 -44.6194 0
      vertex -61.2941 -44.8296 0
    endloop
  endfacet
  facet normal 0.442314 0.89686 -0
    outer loop
      vertex 62.5 44.3301 0
      vertex 61.9134 44.6194 4
      vertex 62.5 44.3301 4
    endloop
  endfacet
  facet normal 0.442314 0.89686 0
    outer loop
      vertex 61.9134 44.6194 4
      vertex 62.5 44.3301 0
      vertex 61.9134 44.6194 0
    endloop
  endfacet
  facet normal 0.321407 0.946941 -0
    outer loop
      vertex 61.9134 44.6194 0
      vertex 61.2941 44.8296 4
      vertex 61.9134 44.6194 4
    endloop
  endfacet
  facet normal 0.321407 0.946941 0
    outer loop
      vertex 61.2941 44.8296 4
      vertex 61.9134 44.6194 0
      vertex 61.2941 44.8296 0
    endloop
  endfacet
  facet normal -0 0 1
    outer loop
      vertex -57 38 4
      vertex 57 -38 4
      vertex 57 38 4
    endloop
  endfacet
  facet normal 0 0 1
    outer loop
      vertex 57 -38 4
      vertex -57 38 4
      vertex -57 -38 4
    endloop
  endfacet
  facet normal 0 0 1
    outer loop
      vertex 57 42 4
      vertex 65 40 4
      vertex 64.9572 40.6526 4
    endloop
  endfacet
  facet normal 0 0 1
    outer loop
      vertex 65 40 4
      vertex 57 38 4
      vertex 65 -40 4
    endloop
  endfacet
  facet normal 0 0 1
    outer loop
      vertex 57 42 4
      vertex 64.9572 40.6526 4
      vertex 64.8296 41.2941 4
    endloop
  endfacet
  facet normal -0 0 1
    outer loop
      vertex 57 -38 4
      vertex 65 -40 4
      vertex 57 38 4
    endloop
  endfacet
  facet normal 0 0 1
    outer loop
      vertex 57 42 4
      vertex 64.8296 41.2941 4
      vertex 64.6194 41.9134 4
    endloop
  endfacet
  facet normal 0 0 1
    outer loop
      vertex 57 -42 4
      vertex 65 -40 4
      vertex 57 -38 4
    endloop
  endfacet
  facet normal -0 0 1
    outer loop
      vertex 57 42 4
      vertex 64.6194 41.9134 4
      vertex 64.3301 42.5 4
    endloop
  endfacet
  facet normal 0 0 1
    outer loop
      vertex 65 -40 4
      vertex 57 -42 4
      vertex 64.9572 -40.6526 4
    endloop
  endfacet
  facet normal 0 0 1
    outer loop
      vertex 57 42 4
      vertex 64.3301 42.5 4
      vertex 63.9668 43.0438 4
    endloop
  endfacet
  facet normal 0 0 1
    outer loop
      vertex 64.9572 -40.6526 4
      vertex 57 -42 4
      vertex 64.8296 -41.2941 4
    endloop
  endfacet
  facet normal 0 0 1
    outer loop
      vertex 57 42 4
      vertex 63.9668 43.0438 4
      vertex 63.5355 43.5355 4
    endloop
  endfacet
  facet normal 0 0 1
    outer loop
      vertex 64.8296 -41.2941 4
      vertex 57 -42 4
      vertex 64.6194 -41.9134 4
    endloop
  endfacet
  facet normal 0 0 1
    outer loop
      vertex 57 42 4
      vertex 63.5355 43.5355 4
      vertex 63.0438 43.9668 4
    endloop
  endfacet
  facet normal 0 0 1
    outer loop
      vertex 64.6194 -41.9134 4
      vertex 57 -42 4
      vertex 64.3301 -42.5 4
    endloop
  endfacet
  facet normal 0 0 1
    outer loop
      vertex 57 42 4
      vertex 63.0438 43.9668 4
      vertex 62.5 44.3301 4
    endloop
  endfacet
  facet normal 0 0 1
    outer loop
      vertex 64.3301 -42.5 4
      vertex 57 -42 4
      vertex 63.9668 -43.0438 4
    endloop
  endfacet
  facet normal 0 0 1
    outer loop
      vertex 57 42 4
      vertex 62.5 44.3301 4
      vertex 61.9134 44.6194 4
    endloop
  endfacet
  facet normal 0 0 1
    outer loop
      vertex 63.9668 -43.0438 4
      vertex 57 -42 4
      vertex 63.5355 -43.5355 4
    endloop
  endfacet
  facet normal 0 0 1
    outer loop
      vertex 57 42 4
      vertex 61.9134 44.6194 4
      vertex 61.2941 44.8296 4
    endloop
  endfacet
  facet normal 0 0 1
    outer loop
      vertex 63.5355 -43.5355 4
      vertex 57 -42 4
      vertex 63.0438 -43.9668 4
    endloop
  endfacet
  facet normal 0 0 1
    outer loop
      vertex 57 42 4
      vertex 61.2941 44.8296 4
      vertex 60.6526 44.9572 4
    endloop
  endfacet
  facet normal 0 0 1
    outer loop
      vertex 63.0438 -43.9668 4
      vertex 57 -42 4
      vertex 62.5 -44.3301 4
    endloop
  endfacet
  facet normal 0 0 1
    outer loop
      vertex 57 42 4
      vertex 60.6526 44.9572 4
      vertex 60 45 4
    endloop
  endfacet
  facet normal 0 0 1
    outer loop
      vertex 62.5 -44.3301 4
      vertex 57 -42 4
      vertex 61.9134 -44.6194 4
    endloop
  endfacet
  facet normal 0 0 1
    outer loop
      vertex 65 40 4
      vertex 57 42 4
      vertex 57 38 4
    endloop
  endfacet
  facet normal 0 0 1
    outer loop
      vertex 60 45 4
      vertex -57 42 4
      vertex 57 42 4
    endloop
  endfacet
  facet normal -0 0 1
    outer loop
      vertex -65 40 4
      vertex -57 38 4
      vertex -57 42 4
    endloop
  endfacet
  facet normal 0 0 1
    outer loop
      vertex -57 38 4
      vertex -65 40 4
      vertex -57 -38 4
    endloop
  endfacet
  facet normal -0 0 1
    outer loop
      vertex -60.6526 44.9572 4
      vertex -57 42 4
      vertex -60 45 4
    endloop
  endfacet
  facet normal -0 0 1
    outer loop
      vertex -60 45 4
      vertex -57 42 4
      vertex 60 45 4
    endloop
  endfacet
  facet normal 0 0 1
    outer loop
      vertex 61.9134 -44.6194 4
      vertex 57 -42 4
      vertex 61.2941 -44.8296 4
    endloop
  endfacet
  facet normal 0 0 1
    outer loop
      vertex 61.2941 -44.8296 4
      vertex 57 -42 4
      vertex 60.6526 -44.9572 4
    endloop
  endfacet
  facet normal 0 0 1
    outer loop
      vertex 60.6526 -44.9572 4
      vertex 57 -42 4
      vertex 60 -45 4
    endloop
  endfacet
  facet normal -0 0 1
    outer loop
      vertex -57 -42 4
      vertex 60 -45 4
      vertex 57 -42 4
    endloop
  endfacet
  facet normal 0 0 1
    outer loop
      vertex -57 -42 4
      vertex -60 -45 4
      vertex 60 -45 4
    endloop
  endfacet
  facet normal 0 0 1
    outer loop
      vertex -65 -40 4
      vertex -57 -38 4
      vertex -65 40 4
    endloop
  endfacet
  facet normal -0 0 1
    outer loop
      vertex -61.2941 44.8296 4
      vertex -57 42 4
      vertex -60.6526 44.9572 4
    endloop
  endfacet
  facet normal 0 0 1
    outer loop
      vertex -57 -38 4
      vertex -65 -40 4
      vertex -57 -42 4
    endloop
  endfacet
  facet normal -0 0 1
    outer loop
      vertex -61.9134 44.6194 4
      vertex -57 42 4
      vertex -61.2941 44.8296 4
    endloop
  endfacet
  facet normal -0 -0 1
    outer loop
      vertex -64.9572 -40.6526 4
      vertex -57 -42 4
      vertex -65 -40 4
    endloop
  endfacet
  facet normal -0 0 1
    outer loop
      vertex -62.5 44.3301 4
      vertex -57 42 4
      vertex -61.9134 44.6194 4
    endloop
  endfacet
  facet normal 0 0 1
    outer loop
      vertex -57 -42 4
      vertex -60.6526 -44.9572 4
      vertex -60 -45 4
    endloop
  endfacet
  facet normal -0 0 1
    outer loop
      vertex -63.0438 43.9668 4
      vertex -57 42 4
      vertex -62.5 44.3301 4
    endloop
  endfacet
  facet normal 0 0 1
    outer loop
      vertex -57 -42 4
      vertex -61.2941 -44.8296 4
      vertex -60.6526 -44.9572 4
    endloop
  endfacet
  facet normal -0 0 1
    outer loop
      vertex -63.5355 43.5355 4
      vertex -57 42 4
      vertex -63.0438 43.9668 4
    endloop
  endfacet
  facet normal 0 0 1
    outer loop
      vertex -57 -42 4
      vertex -61.9134 -44.6194 4
      vertex -61.2941 -44.8296 4
    endloop
  endfacet
  facet normal -0 0 1
    outer loop
      vertex -63.9668 43.0438 4
      vertex -57 42 4
      vertex -63.5355 43.5355 4
    endloop
  endfacet
  facet normal 0 0 1
    outer loop
      vertex -57 -42 4
      vertex -62.5 -44.3301 4
      vertex -61.9134 -44.6194 4
    endloop
  endfacet
  facet normal -0 0 1
    outer loop
      vertex -64.3301 42.5 4
      vertex -57 42 4
      vertex -63.9668 43.0438 4
    endloop
  endfacet
  facet normal 0 0 1
    outer loop
      vertex -57 -42 4
      vertex -63.0438 -43.9668 4
      vertex -62.5 -44.3301 4
    endloop
  endfacet
  facet normal 0 0 1
    outer loop
      vertex -64.6194 41.9134 4
      vertex -57 42 4
      vertex -64.3301 42.5 4
    endloop
  endfacet
  facet normal 0 0 1
    outer loop
      vertex -57 -42 4
      vertex -63.5355 -43.5355 4
      vertex -63.0438 -43.9668 4
    endloop
  endfacet
  facet normal 0 0 1
    outer loop
      vertex -64.8296 41.2941 4
      vertex -57 42 4
      vertex -64.6194 41.9134 4
    endloop
  endfacet
  facet normal 0 0 1
    outer loop
      vertex -57 -42 4
      vertex -63.9668 -43.0438 4
      vertex -63.5355 -43.5355 4
    endloop
  endfacet
  facet normal 0 0 1
    outer loop
      vertex -64.9572 40.6526 4
      vertex -57 42 4
      vertex -64.8296 41.2941 4
    endloop
  endfacet
  facet normal 0 0 1
    outer loop
      vertex -57 -42 4
      vertex -64.3301 -42.5 4
      vertex -63.9668 -43.0438 4
    endloop
  endfacet
  facet normal 0 0 1
    outer loop
      vertex -57 42 4
      vertex -64.9572 40.6526 4
      vertex -65 40 4
    endloop
  endfacet
  facet normal 0 0 1
    outer loop
      vertex -57 -42 4
      vertex -64.6194 -41.9134 4
      vertex -64.3301 -42.5 4
    endloop
  endfacet
  facet normal 0 0 1
    outer loop
      vertex -57 -42 4
      vertex -64.8296 -41.2941 4
      vertex -64.6194 -41.9134 4
    endloop
  endfacet
  facet normal 0 0 1
    outer loop
      vertex -57 -42 4
      vertex -64.9572 -40.6526 4
      vertex -64.8296 -41.2941 4
    endloop
  endfacet
endsolid OpenSCAD_Model
