solid OpenSCAD_Model
  facet normal 0.980757 0.195234 1.09975e-18
    outer loop
      vertex -42.5299 -25.5432 10
      vertex -42.6193 -25.0941 6
      vertex -42.6193 -25.0941 10
    endloop
  endfacet
  facet normal 0.980757 0.195234 1.09975e-18
    outer loop
      vertex -42.6193 -25.0941 6
      vertex -42.5299 -25.5432 10
      vertex -42.5299 -25.5432 6
    endloop
  endfacet
  facet normal 0.997865 0.0653156 -7.40646e-20
    outer loop
      vertex -42.5 -26 10
      vertex -42.5299 -25.5432 6
      vertex -42.5299 -25.5432 10
    endloop
  endfacet
  facet normal 0.997865 0.0653156 -7.40646e-20
    outer loop
      vertex -42.5299 -25.5432 6
      vertex -42.5 -26 10
      vertex -42.5 -26 6
    endloop
  endfacet
  facet normal 0.321335 -0.946966 0
    outer loop
      vertex -45.0941 -29.3807 6
      vertex -44.6606 -29.2336 10
      vertex -45.0941 -29.3807 10
    endloop
  endfacet
  facet normal 0.321335 -0.946966 0
    outer loop
      vertex -44.6606 -29.2336 10
      vertex -45.0941 -29.3807 6
      vertex -44.6606 -29.2336 6
    endloop
  endfacet
  facet normal 0.831445 0.555607 -1.14693e-18
    outer loop
      vertex -42.9689 -24.25 10
      vertex -43.2233 -23.8693 6
      vertex -43.2233 -23.8693 10
    endloop
  endfacet
  facet normal 0.831445 0.555607 -1.14693e-18
    outer loop
      vertex -43.2233 -23.8693 6
      vertex -42.9689 -24.25 10
      vertex -42.9689 -24.25 6
    endloop
  endfacet
  facet normal -0.89686 0.442314 -2.89354e-18
    outer loop
      vertex -49.2336 -24.6606 6
      vertex -49.0311 -24.25 10
      vertex -49.0311 -24.25 6
    endloop
  endfacet
  facet normal -0.89686 0.442314 -2.89354e-18
    outer loop
      vertex -49.0311 -24.25 10
      vertex -49.2336 -24.6606 6
      vertex -49.2336 -24.6606 10
    endloop
  endfacet
  facet normal -0.555607 0.831445 0
    outer loop
      vertex -47.75 -22.9689 6
      vertex -48.1307 -23.2233 10
      vertex -47.75 -22.9689 10
    endloop
  endfacet
  facet normal -0.555607 0.831445 0
    outer loop
      vertex -48.1307 -23.2233 10
      vertex -47.75 -22.9689 6
      vertex -48.1307 -23.2233 6
    endloop
  endfacet
  facet normal -0.659278 0.7519 0
    outer loop
      vertex -48.1307 -23.2233 6
      vertex -48.4749 -23.5251 10
      vertex -48.1307 -23.2233 10
    endloop
  endfacet
  facet normal -0.659278 0.7519 0
    outer loop
      vertex -48.4749 -23.5251 10
      vertex -48.1307 -23.2233 6
      vertex -48.4749 -23.5251 6
    endloop
  endfacet
  facet normal -0.7519 0.659278 -1.37776e-18
    outer loop
      vertex -48.7767 -23.8693 6
      vertex -48.4749 -23.5251 10
      vertex -48.4749 -23.5251 6
    endloop
  endfacet
  facet normal -0.7519 0.659278 -1.37776e-18
    outer loop
      vertex -48.4749 -23.5251 10
      vertex -48.7767 -23.8693 6
      vertex -48.7767 -23.8693 10
    endloop
  endfacet
  facet normal 0.946966 -0.321335 1.77605e-18
    outer loop
      vertex -42.7664 -27.3394 10
      vertex -42.6193 -26.9059 6
      vertex -42.6193 -26.9059 10
    endloop
  endfacet
  facet normal 0.946966 -0.321335 1.77605e-18
    outer loop
      vertex -42.6193 -26.9059 6
      vertex -42.7664 -27.3394 10
      vertex -42.7664 -27.3394 6
    endloop
  endfacet
  facet normal -0.997865 0.0653156 7.40646e-20
    outer loop
      vertex -49.5 -26 6
      vertex -49.4701 -25.5432 10
      vertex -49.4701 -25.5432 6
    endloop
  endfacet
  facet normal -0.997865 0.0653156 7.40646e-20
    outer loop
      vertex -49.4701 -25.5432 10
      vertex -49.5 -26 6
      vertex -49.5 -26 10
    endloop
  endfacet
  facet normal 0.555607 0.831445 -0
    outer loop
      vertex -43.8693 -23.2233 6
      vertex -44.25 -22.9689 10
      vertex -43.8693 -23.2233 10
    endloop
  endfacet
  facet normal 0.555607 0.831445 0
    outer loop
      vertex -44.25 -22.9689 10
      vertex -43.8693 -23.2233 6
      vertex -44.25 -22.9689 6
    endloop
  endfacet
  facet normal 0.195234 -0.980757 0
    outer loop
      vertex -45.5432 -29.4701 6
      vertex -45.0941 -29.3807 10
      vertex -45.5432 -29.4701 10
    endloop
  endfacet
  facet normal 0.195234 -0.980757 0
    outer loop
      vertex -45.0941 -29.3807 10
      vertex -45.5432 -29.4701 6
      vertex -45.0941 -29.3807 6
    endloop
  endfacet
  facet normal -0.321335 0.946966 0
    outer loop
      vertex -46.9059 -22.6193 6
      vertex -47.3394 -22.7664 10
      vertex -46.9059 -22.6193 10
    endloop
  endfacet
  facet normal -0.321335 0.946966 0
    outer loop
      vertex -47.3394 -22.7664 10
      vertex -46.9059 -22.6193 6
      vertex -47.3394 -22.7664 6
    endloop
  endfacet
  facet normal -0.831445 -0.555607 -1.14693e-18
    outer loop
      vertex -48.7767 -28.1307 6
      vertex -49.0311 -27.75 10
      vertex -49.0311 -27.75 6
    endloop
  endfacet
  facet normal -0.831445 -0.555607 -1.14693e-18
    outer loop
      vertex -49.0311 -27.75 10
      vertex -48.7767 -28.1307 6
      vertex -48.7767 -28.1307 10
    endloop
  endfacet
  facet normal 0.555607 -0.831445 0
    outer loop
      vertex -44.25 -29.0311 6
      vertex -43.8693 -28.7767 10
      vertex -44.25 -29.0311 10
    endloop
  endfacet
  facet normal 0.555607 -0.831445 0
    outer loop
      vertex -43.8693 -28.7767 10
      vertex -44.25 -29.0311 6
      vertex -43.8693 -28.7767 6
    endloop
  endfacet
  facet normal -0.946966 0.321335 1.77605e-18
    outer loop
      vertex -49.3807 -25.0941 6
      vertex -49.2336 -24.6606 10
      vertex -49.2336 -24.6606 6
    endloop
  endfacet
  facet normal -0.946966 0.321335 1.77605e-18
    outer loop
      vertex -49.2336 -24.6606 10
      vertex -49.3807 -25.0941 6
      vertex -49.3807 -25.0941 10
    endloop
  endfacet
  facet normal 0.321335 0.946966 -0
    outer loop
      vertex -44.6606 -22.7664 6
      vertex -45.0941 -22.6193 10
      vertex -44.6606 -22.7664 10
    endloop
  endfacet
  facet normal 0.321335 0.946966 0
    outer loop
      vertex -45.0941 -22.6193 10
      vertex -44.6606 -22.7664 6
      vertex -45.0941 -22.6193 6
    endloop
  endfacet
  facet normal 0.0653156 0.997865 -0
    outer loop
      vertex -45.5432 -22.5299 6
      vertex -46 -22.5 10
      vertex -45.5432 -22.5299 10
    endloop
  endfacet
  facet normal 0.0653156 0.997865 0
    outer loop
      vertex -46 -22.5 10
      vertex -45.5432 -22.5299 6
      vertex -46 -22.5 6
    endloop
  endfacet
  facet normal -0.442314 0.89686 0
    outer loop
      vertex -47.3394 -22.7664 6
      vertex -47.75 -22.9689 10
      vertex -47.3394 -22.7664 10
    endloop
  endfacet
  facet normal -0.442314 0.89686 0
    outer loop
      vertex -47.75 -22.9689 10
      vertex -47.3394 -22.7664 6
      vertex -47.75 -22.9689 6
    endloop
  endfacet
  facet normal 0.831445 -0.555607 1.14693e-18
    outer loop
      vertex -43.2233 -28.1307 10
      vertex -42.9689 -27.75 6
      vertex -42.9689 -27.75 10
    endloop
  endfacet
  facet normal 0.831445 -0.555607 1.14693e-18
    outer loop
      vertex -42.9689 -27.75 6
      vertex -43.2233 -28.1307 10
      vertex -43.2233 -28.1307 6
    endloop
  endfacet
  facet normal -0.997865 -0.0653156 -7.40646e-20
    outer loop
      vertex -49.4701 -26.4568 6
      vertex -49.5 -26 10
      vertex -49.5 -26 6
    endloop
  endfacet
  facet normal -0.997865 -0.0653156 -7.40646e-20
    outer loop
      vertex -49.5 -26 10
      vertex -49.4701 -26.4568 6
      vertex -49.4701 -26.4568 10
    endloop
  endfacet
  facet normal -0.946966 -0.321335 -1.77605e-18
    outer loop
      vertex -49.2336 -27.3394 6
      vertex -49.3807 -26.9059 10
      vertex -49.3807 -26.9059 6
    endloop
  endfacet
  facet normal -0.946966 -0.321335 -1.77605e-18
    outer loop
      vertex -49.3807 -26.9059 10
      vertex -49.2336 -27.3394 6
      vertex -49.2336 -27.3394 10
    endloop
  endfacet
  facet normal -0.659278 -0.7519 0
    outer loop
      vertex -48.4749 -28.4749 6
      vertex -48.1307 -28.7767 10
      vertex -48.4749 -28.4749 10
    endloop
  endfacet
  facet normal -0.659278 -0.7519 -0
    outer loop
      vertex -48.1307 -28.7767 10
      vertex -48.4749 -28.4749 6
      vertex -48.1307 -28.7767 6
    endloop
  endfacet
  facet normal 0.442314 0.89686 -0
    outer loop
      vertex -44.25 -22.9689 6
      vertex -44.6606 -22.7664 10
      vertex -44.25 -22.9689 10
    endloop
  endfacet
  facet normal 0.442314 0.89686 0
    outer loop
      vertex -44.6606 -22.7664 10
      vertex -44.25 -22.9689 6
      vertex -44.6606 -22.7664 6
    endloop
  endfacet
  facet normal -0.195234 0.980757 0
    outer loop
      vertex -46.4568 -22.5299 6
      vertex -46.9059 -22.6193 10
      vertex -46.4568 -22.5299 10
    endloop
  endfacet
  facet normal -0.195234 0.980757 0
    outer loop
      vertex -46.9059 -22.6193 10
      vertex -46.4568 -22.5299 6
      vertex -46.9059 -22.6193 6
    endloop
  endfacet
  facet normal 0.7519 0.659278 1.37776e-18
    outer loop
      vertex -43.2233 -23.8693 10
      vertex -43.5251 -23.5251 6
      vertex -43.5251 -23.5251 10
    endloop
  endfacet
  facet normal 0.7519 0.659278 1.37776e-18
    outer loop
      vertex -43.5251 -23.5251 6
      vertex -43.2233 -23.8693 10
      vertex -43.2233 -23.8693 6
    endloop
  endfacet
  facet normal 0.195234 0.980757 -0
    outer loop
      vertex -45.0941 -22.6193 6
      vertex -45.5432 -22.5299 10
      vertex -45.0941 -22.6193 10
    endloop
  endfacet
  facet normal 0.195234 0.980757 0
    outer loop
      vertex -45.5432 -22.5299 10
      vertex -45.0941 -22.6193 6
      vertex -45.5432 -22.5299 6
    endloop
  endfacet
  facet normal 0.7519 -0.659278 -1.37776e-18
    outer loop
      vertex -43.5251 -28.4749 10
      vertex -43.2233 -28.1307 6
      vertex -43.2233 -28.1307 10
    endloop
  endfacet
  facet normal 0.7519 -0.659278 -1.37776e-18
    outer loop
      vertex -43.2233 -28.1307 6
      vertex -43.5251 -28.4749 10
      vertex -43.5251 -28.4749 6
    endloop
  endfacet
  facet normal -0.0653156 0.997865 0
    outer loop
      vertex -46 -22.5 6
      vertex -46.4568 -22.5299 10
      vertex -46 -22.5 10
    endloop
  endfacet
  facet normal -0.0653156 0.997865 0
    outer loop
      vertex -46.4568 -22.5299 10
      vertex -46 -22.5 6
      vertex -46.4568 -22.5299 6
    endloop
  endfacet
  facet normal -0.980757 0.195234 -1.09975e-18
    outer loop
      vertex -49.4701 -25.5432 6
      vertex -49.3807 -25.0941 10
      vertex -49.3807 -25.0941 6
    endloop
  endfacet
  facet normal -0.980757 0.195234 -1.09975e-18
    outer loop
      vertex -49.3807 -25.0941 10
      vertex -49.4701 -25.5432 6
      vertex -49.4701 -25.5432 10
    endloop
  endfacet
  facet normal 0.0652752 -0.997867 0
    outer loop
      vertex -45.8627 -29.491 6
      vertex -45.5432 -29.4701 10
      vertex -45.8627 -29.491 10
    endloop
  endfacet
  facet normal 0.0652752 -0.997867 0
    outer loop
      vertex -45.5432 -29.4701 10
      vertex -45.8627 -29.491 6
      vertex -45.5432 -29.4701 6
    endloop
  endfacet
  facet normal 0.442314 -0.89686 0
    outer loop
      vertex -44.6606 -29.2336 6
      vertex -44.25 -29.0311 10
      vertex -44.6606 -29.2336 10
    endloop
  endfacet
  facet normal 0.442314 -0.89686 0
    outer loop
      vertex -44.25 -29.0311 10
      vertex -44.6606 -29.2336 6
      vertex -44.25 -29.0311 6
    endloop
  endfacet
  facet normal 0.659278 -0.7519 0
    outer loop
      vertex -43.8693 -28.7767 6
      vertex -43.5251 -28.4749 10
      vertex -43.8693 -28.7767 10
    endloop
  endfacet
  facet normal 0.659278 -0.7519 0
    outer loop
      vertex -43.5251 -28.4749 10
      vertex -43.8693 -28.7767 6
      vertex -43.5251 -28.4749 6
    endloop
  endfacet
  facet normal -0.89686 -0.442314 2.89354e-18
    outer loop
      vertex -49.0311 -27.75 6
      vertex -49.2336 -27.3394 10
      vertex -49.2336 -27.3394 6
    endloop
  endfacet
  facet normal -0.89686 -0.442314 2.89354e-18
    outer loop
      vertex -49.2336 -27.3394 10
      vertex -49.0311 -27.75 6
      vertex -49.0311 -27.75 10
    endloop
  endfacet
  facet normal 0.89686 -0.442314 -2.89354e-18
    outer loop
      vertex -42.9689 -27.75 10
      vertex -42.7664 -27.3394 6
      vertex -42.7664 -27.3394 10
    endloop
  endfacet
  facet normal 0.89686 -0.442314 -2.89354e-18
    outer loop
      vertex -42.7664 -27.3394 6
      vertex -42.9689 -27.75 10
      vertex -42.9689 -27.75 6
    endloop
  endfacet
  facet normal 0.659278 0.7519 -0
    outer loop
      vertex -43.5251 -23.5251 6
      vertex -43.8693 -23.2233 10
      vertex -43.5251 -23.5251 10
    endloop
  endfacet
  facet normal 0.659278 0.7519 0
    outer loop
      vertex -43.8693 -23.2233 10
      vertex -43.5251 -23.5251 6
      vertex -43.8693 -23.2233 6
    endloop
  endfacet
  facet normal 0.997865 -0.0653156 7.40646e-20
    outer loop
      vertex -42.5299 -26.4568 10
      vertex -42.5 -26 6
      vertex -42.5 -26 10
    endloop
  endfacet
  facet normal 0.997865 -0.0653156 7.40646e-20
    outer loop
      vertex -42.5 -26 6
      vertex -42.5299 -26.4568 10
      vertex -42.5299 -26.4568 6
    endloop
  endfacet
  facet normal -0.555615 -0.831439 0
    outer loop
      vertex -48.1307 -28.7767 6
      vertex -47.7744 -29.0148 10
      vertex -48.1307 -28.7767 10
    endloop
  endfacet
  facet normal -0.555615 -0.831439 -0
    outer loop
      vertex -47.7744 -29.0148 10
      vertex -48.1307 -28.7767 6
      vertex -47.7744 -29.0148 6
    endloop
  endfacet
  facet normal 0.89686 0.442314 2.89354e-18
    outer loop
      vertex -42.7664 -24.6606 10
      vertex -42.9689 -24.25 6
      vertex -42.9689 -24.25 10
    endloop
  endfacet
  facet normal 0.89686 0.442314 2.89354e-18
    outer loop
      vertex -42.9689 -24.25 6
      vertex -42.7664 -24.6606 10
      vertex -42.7664 -24.6606 6
    endloop
  endfacet
  facet normal 0.980757 -0.195234 -1.09975e-18
    outer loop
      vertex -42.6193 -26.9059 10
      vertex -42.5299 -26.4568 6
      vertex -42.5299 -26.4568 10
    endloop
  endfacet
  facet normal 0.980757 -0.195234 -1.09975e-18
    outer loop
      vertex -42.5299 -26.4568 6
      vertex -42.6193 -26.9059 10
      vertex -42.6193 -26.9059 6
    endloop
  endfacet
  facet normal 0.946966 0.321335 -1.77605e-18
    outer loop
      vertex -42.6193 -25.0941 10
      vertex -42.7664 -24.6606 6
      vertex -42.7664 -24.6606 10
    endloop
  endfacet
  facet normal 0.946966 0.321335 -1.77605e-18
    outer loop
      vertex -42.7664 -24.6606 6
      vertex -42.6193 -25.0941 10
      vertex -42.6193 -25.0941 6
    endloop
  endfacet
  facet normal -0.980757 -0.195234 1.09975e-18
    outer loop
      vertex -49.3807 -26.9059 6
      vertex -49.4701 -26.4568 10
      vertex -49.4701 -26.4568 6
    endloop
  endfacet
  facet normal -0.980757 -0.195234 1.09975e-18
    outer loop
      vertex -49.4701 -26.4568 10
      vertex -49.3807 -26.9059 6
      vertex -49.3807 -26.9059 10
    endloop
  endfacet
  facet normal -0.7519 -0.659278 1.37776e-18
    outer loop
      vertex -48.4749 -28.4749 6
      vertex -48.7767 -28.1307 10
      vertex -48.7767 -28.1307 6
    endloop
  endfacet
  facet normal -0.7519 -0.659278 1.37776e-18
    outer loop
      vertex -48.7767 -28.1307 10
      vertex -48.4749 -28.4749 6
      vertex -48.4749 -28.4749 10
    endloop
  endfacet
  facet normal 0 0 1
    outer loop
      vertex -44.4 -26 10
      vertex -42.5 -26 10
      vertex -42.5299 -25.5432 10
    endloop
  endfacet
  facet normal 0 0 1
    outer loop
      vertex -44.4137 -25.7912 10
      vertex -42.5299 -25.5432 10
      vertex -42.6193 -25.0941 10
    endloop
  endfacet
  facet normal 0 0 1
    outer loop
      vertex -42.5 -26 10
      vertex -44.4 -26 10
      vertex -42.5299 -26.4568 10
    endloop
  endfacet
  facet normal 0 0 1
    outer loop
      vertex -44.4545 -25.5859 10
      vertex -42.6193 -25.0941 10
      vertex -42.7664 -24.6606 10
    endloop
  endfacet
  facet normal -0 0 1
    outer loop
      vertex -44.4137 -26.2088 10
      vertex -42.5299 -26.4568 10
      vertex -44.4 -26 10
    endloop
  endfacet
  facet normal 0 0 1
    outer loop
      vertex -44.5218 -25.3877 10
      vertex -42.7664 -24.6606 10
      vertex -42.9689 -24.25 10
    endloop
  endfacet
  facet normal 0 0 1
    outer loop
      vertex -42.5299 -26.4568 10
      vertex -44.4137 -26.2088 10
      vertex -42.6193 -26.9059 10
    endloop
  endfacet
  facet normal 0 0 1
    outer loop
      vertex -44.6144 -25.2 10
      vertex -42.9689 -24.25 10
      vertex -43.2233 -23.8693 10
    endloop
  endfacet
  facet normal -0 0 1
    outer loop
      vertex -44.4545 -26.4141 10
      vertex -42.6193 -26.9059 10
      vertex -44.4137 -26.2088 10
    endloop
  endfacet
  facet normal 0 0 1
    outer loop
      vertex -44.7306 -25.026 10
      vertex -43.2233 -23.8693 10
      vertex -43.5251 -23.5251 10
    endloop
  endfacet
  facet normal 0 0 1
    outer loop
      vertex -42.6193 -26.9059 10
      vertex -44.4545 -26.4141 10
      vertex -42.7664 -27.3394 10
    endloop
  endfacet
  facet normal 0 0 1
    outer loop
      vertex -44.8686 -24.8686 10
      vertex -43.5251 -23.5251 10
      vertex -43.8693 -23.2233 10
    endloop
  endfacet
  facet normal -0 0 1
    outer loop
      vertex -44.5218 -26.6123 10
      vertex -42.7664 -27.3394 10
      vertex -44.4545 -26.4141 10
    endloop
  endfacet
  facet normal 0 0 1
    outer loop
      vertex -45.026 -24.7306 10
      vertex -43.8693 -23.2233 10
      vertex -44.25 -22.9689 10
    endloop
  endfacet
  facet normal 0 0 1
    outer loop
      vertex -42.7664 -27.3394 10
      vertex -44.5218 -26.6123 10
      vertex -42.9689 -27.75 10
    endloop
  endfacet
  facet normal -0 0 1
    outer loop
      vertex -44.6144 -26.8 10
      vertex -42.9689 -27.75 10
      vertex -44.5218 -26.6123 10
    endloop
  endfacet
  facet normal 0 0 1
    outer loop
      vertex -42.5299 -25.5432 10
      vertex -44.4137 -25.7912 10
      vertex -44.4 -26 10
    endloop
  endfacet
  facet normal 0 0 1
    outer loop
      vertex -42.6193 -25.0941 10
      vertex -44.4545 -25.5859 10
      vertex -44.4137 -25.7912 10
    endloop
  endfacet
  facet normal 0 0 1
    outer loop
      vertex -42.7664 -24.6606 10
      vertex -44.5218 -25.3877 10
      vertex -44.4545 -25.5859 10
    endloop
  endfacet
  facet normal 0 0 1
    outer loop
      vertex -42.9689 -24.25 10
      vertex -44.6144 -25.2 10
      vertex -44.5218 -25.3877 10
    endloop
  endfacet
  facet normal 0 0 1
    outer loop
      vertex -45.2 -24.6144 10
      vertex -44.25 -22.9689 10
      vertex -44.6606 -22.7664 10
    endloop
  endfacet
  facet normal 0 0 1
    outer loop
      vertex -43.2233 -23.8693 10
      vertex -44.7306 -25.026 10
      vertex -44.6144 -25.2 10
    endloop
  endfacet
  facet normal 0 0 1
    outer loop
      vertex -43.5251 -23.5251 10
      vertex -44.8686 -24.8686 10
      vertex -44.7306 -25.026 10
    endloop
  endfacet
  facet normal 0 0 1
    outer loop
      vertex -43.8693 -23.2233 10
      vertex -45.026 -24.7306 10
      vertex -44.8686 -24.8686 10
    endloop
  endfacet
  facet normal 0 0 1
    outer loop
      vertex -45.3877 -24.5218 10
      vertex -44.6606 -22.7664 10
      vertex -45.0941 -22.6193 10
    endloop
  endfacet
  facet normal 0 0 1
    outer loop
      vertex -44.25 -22.9689 10
      vertex -45.2 -24.6144 10
      vertex -45.026 -24.7306 10
    endloop
  endfacet
  facet normal 0 0 1
    outer loop
      vertex -44.6606 -22.7664 10
      vertex -45.3877 -24.5218 10
      vertex -45.2 -24.6144 10
    endloop
  endfacet
  facet normal 0 0 1
    outer loop
      vertex -45.5859 -24.4545 10
      vertex -45.0941 -22.6193 10
      vertex -45.5432 -22.5299 10
    endloop
  endfacet
  facet normal 0 0 1
    outer loop
      vertex -45.0941 -22.6193 10
      vertex -45.5859 -24.4545 10
      vertex -45.3877 -24.5218 10
    endloop
  endfacet
  facet normal 0 0 1
    outer loop
      vertex -45.5432 -22.5299 10
      vertex -45.7912 -24.4137 10
      vertex -45.5859 -24.4545 10
    endloop
  endfacet
  facet normal 0 0 1
    outer loop
      vertex -46 -22.5 10
      vertex -45.7912 -24.4137 10
      vertex -45.5432 -22.5299 10
    endloop
  endfacet
  facet normal 0 0 1
    outer loop
      vertex -46 -22.5 10
      vertex -46 -24.4 10
      vertex -45.7912 -24.4137 10
    endloop
  endfacet
  facet normal 0 0 1
    outer loop
      vertex -46 -22.5 10
      vertex -46.2088 -24.4137 10
      vertex -46 -24.4 10
    endloop
  endfacet
  facet normal -0 0 1
    outer loop
      vertex -46.4568 -22.5299 10
      vertex -46.2088 -24.4137 10
      vertex -46 -22.5 10
    endloop
  endfacet
  facet normal 0 0 1
    outer loop
      vertex -46.2088 -24.4137 10
      vertex -46.4568 -22.5299 10
      vertex -46.4141 -24.4545 10
    endloop
  endfacet
  facet normal -0 0 1
    outer loop
      vertex -46.9059 -22.6193 10
      vertex -46.4141 -24.4545 10
      vertex -46.4568 -22.5299 10
    endloop
  endfacet
  facet normal 0 0 1
    outer loop
      vertex -46.4141 -24.4545 10
      vertex -46.9059 -22.6193 10
      vertex -46.6123 -24.5218 10
    endloop
  endfacet
  facet normal -0 0 1
    outer loop
      vertex -47.3394 -22.7664 10
      vertex -46.6123 -24.5218 10
      vertex -46.9059 -22.6193 10
    endloop
  endfacet
  facet normal 0 0 1
    outer loop
      vertex -46.6123 -24.5218 10
      vertex -47.3394 -22.7664 10
      vertex -46.8 -24.6144 10
    endloop
  endfacet
  facet normal -0 0 1
    outer loop
      vertex -47.75 -22.9689 10
      vertex -46.8 -24.6144 10
      vertex -47.3394 -22.7664 10
    endloop
  endfacet
  facet normal 0 0 1
    outer loop
      vertex -46.8 -24.6144 10
      vertex -47.75 -22.9689 10
      vertex -46.974 -24.7306 10
    endloop
  endfacet
  facet normal -0 0 1
    outer loop
      vertex -48.1307 -23.2233 10
      vertex -46.974 -24.7306 10
      vertex -47.75 -22.9689 10
    endloop
  endfacet
  facet normal 0 0 1
    outer loop
      vertex -46.974 -24.7306 10
      vertex -48.1307 -23.2233 10
      vertex -47.1314 -24.8686 10
    endloop
  endfacet
  facet normal -0 0 1
    outer loop
      vertex -48.4749 -23.5251 10
      vertex -47.1314 -24.8686 10
      vertex -48.1307 -23.2233 10
    endloop
  endfacet
  facet normal 0 0 1
    outer loop
      vertex -47.1314 -24.8686 10
      vertex -48.4749 -23.5251 10
      vertex -47.2694 -25.026 10
    endloop
  endfacet
  facet normal -0 0 1
    outer loop
      vertex -48.7767 -23.8693 10
      vertex -47.2694 -25.026 10
      vertex -48.4749 -23.5251 10
    endloop
  endfacet
  facet normal -0 0 1
    outer loop
      vertex -49.0311 -24.25 10
      vertex -47.3856 -25.2 10
      vertex -48.7767 -23.8693 10
    endloop
  endfacet
  facet normal 0 0 1
    outer loop
      vertex -47.2694 -25.026 10
      vertex -48.7767 -23.8693 10
      vertex -47.3856 -25.2 10
    endloop
  endfacet
  facet normal 0 0 1
    outer loop
      vertex -42.9689 -27.75 10
      vertex -44.6144 -26.8 10
      vertex -43.2233 -28.1307 10
    endloop
  endfacet
  facet normal -0 0 1
    outer loop
      vertex -44.7306 -26.974 10
      vertex -43.2233 -28.1307 10
      vertex -44.6144 -26.8 10
    endloop
  endfacet
  facet normal 0 0 1
    outer loop
      vertex -43.2233 -28.1307 10
      vertex -44.7306 -26.974 10
      vertex -43.5251 -28.4749 10
    endloop
  endfacet
  facet normal -0 0 1
    outer loop
      vertex -44.8686 -27.1314 10
      vertex -43.5251 -28.4749 10
      vertex -44.7306 -26.974 10
    endloop
  endfacet
  facet normal 0 0 1
    outer loop
      vertex -43.5251 -28.4749 10
      vertex -44.8686 -27.1314 10
      vertex -43.8693 -28.7767 10
    endloop
  endfacet
  facet normal -0 0 1
    outer loop
      vertex -45.026 -27.2694 10
      vertex -43.8693 -28.7767 10
      vertex -44.8686 -27.1314 10
    endloop
  endfacet
  facet normal 0 0 1
    outer loop
      vertex -43.8693 -28.7767 10
      vertex -45.026 -27.2694 10
      vertex -44.25 -29.0311 10
    endloop
  endfacet
  facet normal -0 0 1
    outer loop
      vertex -45.2 -27.3856 10
      vertex -44.25 -29.0311 10
      vertex -45.026 -27.2694 10
    endloop
  endfacet
  facet normal 0 0 1
    outer loop
      vertex -44.25 -29.0311 10
      vertex -45.2 -27.3856 10
      vertex -44.6606 -29.2336 10
    endloop
  endfacet
  facet normal -0 0 1
    outer loop
      vertex -45.3877 -27.4782 10
      vertex -44.6606 -29.2336 10
      vertex -45.2 -27.3856 10
    endloop
  endfacet
  facet normal 0 0 1
    outer loop
      vertex -44.6606 -29.2336 10
      vertex -45.3877 -27.4782 10
      vertex -45.0941 -29.3807 10
    endloop
  endfacet
  facet normal -0 0 1
    outer loop
      vertex -45.5859 -27.5455 10
      vertex -45.0941 -29.3807 10
      vertex -45.3877 -27.4782 10
    endloop
  endfacet
  facet normal 0 0 1
    outer loop
      vertex -45.0941 -29.3807 10
      vertex -45.5859 -27.5455 10
      vertex -45.5432 -29.4701 10
    endloop
  endfacet
  facet normal -0 0 1
    outer loop
      vertex -45.7912 -27.5863 10
      vertex -45.5432 -29.4701 10
      vertex -45.5859 -27.5455 10
    endloop
  endfacet
  facet normal -0 0 1
    outer loop
      vertex -46.0866 -29.3806 10
      vertex -45.5432 -29.4701 10
      vertex -45.7912 -27.5863 10
    endloop
  endfacet
  facet normal 0 0 1
    outer loop
      vertex -46.0866 -29.3806 10
      vertex -45.7912 -27.5863 10
      vertex -46 -27.6 10
    endloop
  endfacet
  facet normal 0 0 1
    outer loop
      vertex -45.5432 -29.4701 10
      vertex -46.0866 -29.3806 10
      vertex -45.8627 -29.491 10
    endloop
  endfacet
  facet normal 0 0 1
    outer loop
      vertex -46.7059 -29.1704 10
      vertex -46 -27.6 10
      vertex -46.2088 -27.5863 10
    endloop
  endfacet
  facet normal 0 0 1
    outer loop
      vertex -46.7059 -29.1704 10
      vertex -46.2088 -27.5863 10
      vertex -46.4141 -27.5455 10
    endloop
  endfacet
  facet normal 0 0 1
    outer loop
      vertex -46.7059 -29.1704 10
      vertex -46.4141 -27.5455 10
      vertex -46.6123 -27.4782 10
    endloop
  endfacet
  facet normal 0 0 1
    outer loop
      vertex -46 -27.6 10
      vertex -46.7059 -29.1704 10
      vertex -46.0866 -29.3806 10
    endloop
  endfacet
  facet normal 0 0 1
    outer loop
      vertex -47.3474 -29.0428 10
      vertex -46.6123 -27.4782 10
      vertex -46.8 -27.3856 10
    endloop
  endfacet
  facet normal 0 0 1
    outer loop
      vertex -47.3474 -29.0428 10
      vertex -46.8 -27.3856 10
      vertex -46.974 -27.2694 10
    endloop
  endfacet
  facet normal 0 0 1
    outer loop
      vertex -48.1307 -28.7767 10
      vertex -46.974 -27.2694 10
      vertex -47.1314 -27.1314 10
    endloop
  endfacet
  facet normal 0 0 1
    outer loop
      vertex -48.4749 -28.4749 10
      vertex -47.1314 -27.1314 10
      vertex -47.2694 -26.974 10
    endloop
  endfacet
  facet normal 0 0 1
    outer loop
      vertex -46.6123 -27.4782 10
      vertex -47.3474 -29.0428 10
      vertex -46.7059 -29.1704 10
    endloop
  endfacet
  facet normal 0 0 1
    outer loop
      vertex -48.7767 -28.1307 10
      vertex -47.2694 -26.974 10
      vertex -47.3856 -26.8 10
    endloop
  endfacet
  facet normal 0 0 1
    outer loop
      vertex -49.0311 -27.75 10
      vertex -47.3856 -26.8 10
      vertex -47.4782 -26.6123 10
    endloop
  endfacet
  facet normal 0 0 1
    outer loop
      vertex -49.2336 -27.3394 10
      vertex -47.4782 -26.6123 10
      vertex -47.5455 -26.4141 10
    endloop
  endfacet
  facet normal 0 0 1
    outer loop
      vertex -49.3807 -26.9059 10
      vertex -47.5455 -26.4141 10
      vertex -47.5863 -26.2088 10
    endloop
  endfacet
  facet normal 0 0 1
    outer loop
      vertex -46.974 -27.2694 10
      vertex -48.1307 -28.7767 10
      vertex -47.3474 -29.0428 10
    endloop
  endfacet
  facet normal 0 0 1
    outer loop
      vertex -49.4701 -26.4568 10
      vertex -47.5863 -26.2088 10
      vertex -47.6 -26 10
    endloop
  endfacet
  facet normal 0 0 1
    outer loop
      vertex -47.3856 -25.2 10
      vertex -49.0311 -24.25 10
      vertex -47.4782 -25.3877 10
    endloop
  endfacet
  facet normal -0 0 1
    outer loop
      vertex -49.2336 -24.6606 10
      vertex -47.4782 -25.3877 10
      vertex -49.0311 -24.25 10
    endloop
  endfacet
  facet normal 0 0 1
    outer loop
      vertex -47.3474 -29.0428 10
      vertex -48.1307 -28.7767 10
      vertex -47.7744 -29.0148 10
    endloop
  endfacet
  facet normal 0 0 1
    outer loop
      vertex -47.4782 -25.3877 10
      vertex -49.2336 -24.6606 10
      vertex -47.5455 -25.5859 10
    endloop
  endfacet
  facet normal 0 0 1
    outer loop
      vertex -47.1314 -27.1314 10
      vertex -48.4749 -28.4749 10
      vertex -48.1307 -28.7767 10
    endloop
  endfacet
  facet normal -0 0 1
    outer loop
      vertex -49.3807 -25.0941 10
      vertex -47.5455 -25.5859 10
      vertex -49.2336 -24.6606 10
    endloop
  endfacet
  facet normal 0 0 1
    outer loop
      vertex -47.2694 -26.974 10
      vertex -48.7767 -28.1307 10
      vertex -48.4749 -28.4749 10
    endloop
  endfacet
  facet normal 0 0 1
    outer loop
      vertex -47.5455 -25.5859 10
      vertex -49.3807 -25.0941 10
      vertex -47.5863 -25.7912 10
    endloop
  endfacet
  facet normal 0 0 1
    outer loop
      vertex -47.3856 -26.8 10
      vertex -49.0311 -27.75 10
      vertex -48.7767 -28.1307 10
    endloop
  endfacet
  facet normal -0 0 1
    outer loop
      vertex -49.4701 -25.5432 10
      vertex -47.5863 -25.7912 10
      vertex -49.3807 -25.0941 10
    endloop
  endfacet
  facet normal 0 0 1
    outer loop
      vertex -47.4782 -26.6123 10
      vertex -49.2336 -27.3394 10
      vertex -49.0311 -27.75 10
    endloop
  endfacet
  facet normal 0 0 1
    outer loop
      vertex -47.5863 -25.7912 10
      vertex -49.4701 -25.5432 10
      vertex -47.6 -26 10
    endloop
  endfacet
  facet normal 0 0 1
    outer loop
      vertex -47.5455 -26.4141 10
      vertex -49.3807 -26.9059 10
      vertex -49.2336 -27.3394 10
    endloop
  endfacet
  facet normal 0 0 1
    outer loop
      vertex -49.5 -26 10
      vertex -47.6 -26 10
      vertex -49.4701 -25.5432 10
    endloop
  endfacet
  facet normal 0 0 1
    outer loop
      vertex -47.5863 -26.2088 10
      vertex -49.4701 -26.4568 10
      vertex -49.3807 -26.9059 10
    endloop
  endfacet
  facet normal 0 0 1
    outer loop
      vertex -47.6 -26 10
      vertex -49.5 -26 10
      vertex -49.4701 -26.4568 10
    endloop
  endfacet
  facet normal -0.831445 0.555607 1.14693e-18
    outer loop
      vertex -49.0311 -24.25 6
      vertex -48.7767 -23.8693 10
      vertex -48.7767 -23.8693 6
    endloop
  endfacet
  facet normal -0.831445 0.555607 1.14693e-18
    outer loop
      vertex -48.7767 -23.8693 10
      vertex -49.0311 -24.25 6
      vertex -49.0311 -24.25 10
    endloop
  endfacet
  facet normal -0.194922 -0.980819 0
    outer loop
      vertex -45.7912 -24.4137 6
      vertex -45.5859 -24.4545 10
      vertex -45.7912 -24.4137 10
    endloop
  endfacet
  facet normal -0.194922 -0.980819 -0
    outer loop
      vertex -45.5859 -24.4545 10
      vertex -45.7912 -24.4137 6
      vertex -45.5859 -24.4545 6
    endloop
  endfacet
  facet normal -0.980819 -0.194922 -6.39131e-19
    outer loop
      vertex -44.4137 -25.7912 6
      vertex -44.4545 -25.5859 10
      vertex -44.4545 -25.5859 6
    endloop
  endfacet
  facet normal -0.980819 -0.194922 -6.39131e-19
    outer loop
      vertex -44.4545 -25.5859 10
      vertex -44.4137 -25.7912 6
      vertex -44.4137 -25.7912 10
    endloop
  endfacet
  facet normal -0.997854 -0.0654722 -1.64907e-19
    outer loop
      vertex -44.4 -26 6
      vertex -44.4137 -25.7912 10
      vertex -44.4137 -25.7912 6
    endloop
  endfacet
  facet normal -0.997854 -0.0654722 -1.64907e-19
    outer loop
      vertex -44.4137 -25.7912 10
      vertex -44.4 -26 6
      vertex -44.4 -26 10
    endloop
  endfacet
  facet normal -0.946901 -0.321526 -9.68114e-19
    outer loop
      vertex -44.4545 -25.5859 6
      vertex -44.5218 -25.3877 10
      vertex -44.5218 -25.3877 6
    endloop
  endfacet
  facet normal -0.946901 -0.321526 -9.68114e-19
    outer loop
      vertex -44.5218 -25.3877 10
      vertex -44.4545 -25.5859 6
      vertex -44.4545 -25.5859 10
    endloop
  endfacet
  facet normal -0.831609 -0.555362 8.55565e-19
    outer loop
      vertex -44.6144 -25.2 6
      vertex -44.7306 -25.026 10
      vertex -44.7306 -25.026 6
    endloop
  endfacet
  facet normal -0.831609 -0.555362 8.55565e-19
    outer loop
      vertex -44.7306 -25.026 10
      vertex -44.6144 -25.2 6
      vertex -44.6144 -25.2 10
    endloop
  endfacet
  facet normal -0.321526 -0.946901 0
    outer loop
      vertex -45.5859 -24.4545 6
      vertex -45.3877 -24.5218 10
      vertex -45.5859 -24.4545 10
    endloop
  endfacet
  facet normal -0.321526 -0.946901 -0
    outer loop
      vertex -45.3877 -24.5218 10
      vertex -45.5859 -24.4545 6
      vertex -45.3877 -24.5218 6
    endloop
  endfacet
  facet normal -0.997854 0.0654722 1.64907e-19
    outer loop
      vertex -44.4137 -26.2088 6
      vertex -44.4 -26 10
      vertex -44.4 -26 6
    endloop
  endfacet
  facet normal -0.997854 0.0654722 1.64907e-19
    outer loop
      vertex -44.4 -26 10
      vertex -44.4137 -26.2088 6
      vertex -44.4137 -26.2088 10
    endloop
  endfacet
  facet normal 0.555362 0.831609 -0
    outer loop
      vertex -46.8 -27.3856 6
      vertex -46.974 -27.2694 10
      vertex -46.8 -27.3856 10
    endloop
  endfacet
  facet normal 0.555362 0.831609 0
    outer loop
      vertex -46.974 -27.2694 10
      vertex -46.8 -27.3856 6
      vertex -46.974 -27.2694 6
    endloop
  endfacet
  facet normal 0.321526 0.946901 -0
    outer loop
      vertex -46.4141 -27.5455 6
      vertex -46.6123 -27.4782 10
      vertex -46.4141 -27.5455 10
    endloop
  endfacet
  facet normal 0.321526 0.946901 0
    outer loop
      vertex -46.6123 -27.4782 10
      vertex -46.4141 -27.5455 6
      vertex -46.6123 -27.4782 6
    endloop
  endfacet
  facet normal -0.896803 -0.442429 1.99871e-18
    outer loop
      vertex -44.5218 -25.3877 6
      vertex -44.6144 -25.2 10
      vertex -44.6144 -25.2 6
    endloop
  endfacet
  facet normal -0.896803 -0.442429 1.99871e-18
    outer loop
      vertex -44.6144 -25.2 10
      vertex -44.5218 -25.3877 6
      vertex -44.5218 -25.3877 10
    endloop
  endfacet
  facet normal 0.321526 -0.946901 0
    outer loop
      vertex -46.6123 -24.5218 6
      vertex -46.4141 -24.4545 10
      vertex -46.6123 -24.5218 10
    endloop
  endfacet
  facet normal 0.321526 -0.946901 0
    outer loop
      vertex -46.4141 -24.4545 10
      vertex -46.6123 -24.5218 6
      vertex -46.4141 -24.4545 6
    endloop
  endfacet
  facet normal -0.751925 -0.659248 -3.40711e-19
    outer loop
      vertex -44.7306 -25.026 6
      vertex -44.8686 -24.8686 10
      vertex -44.8686 -24.8686 6
    endloop
  endfacet
  facet normal -0.751925 -0.659248 -3.40711e-19
    outer loop
      vertex -44.8686 -24.8686 10
      vertex -44.7306 -25.026 6
      vertex -44.7306 -25.026 10
    endloop
  endfacet
  facet normal -0.946901 0.321526 9.68114e-19
    outer loop
      vertex -44.5218 -26.6123 6
      vertex -44.4545 -26.4141 10
      vertex -44.4545 -26.4141 6
    endloop
  endfacet
  facet normal -0.946901 0.321526 9.68114e-19
    outer loop
      vertex -44.4545 -26.4141 10
      vertex -44.5218 -26.6123 6
      vertex -44.5218 -26.6123 10
    endloop
  endfacet
  facet normal 0.751925 0.659248 -3.40711e-19
    outer loop
      vertex -47.1314 -27.1314 10
      vertex -47.2694 -26.974 6
      vertex -47.2694 -26.974 10
    endloop
  endfacet
  facet normal 0.751925 0.659248 -3.40711e-19
    outer loop
      vertex -47.2694 -26.974 6
      vertex -47.1314 -27.1314 10
      vertex -47.1314 -27.1314 6
    endloop
  endfacet
  facet normal -0.980819 0.194922 6.39131e-19
    outer loop
      vertex -44.4545 -26.4141 6
      vertex -44.4137 -26.2088 10
      vertex -44.4137 -26.2088 6
    endloop
  endfacet
  facet normal -0.980819 0.194922 6.39131e-19
    outer loop
      vertex -44.4137 -26.2088 10
      vertex -44.4545 -26.4141 6
      vertex -44.4545 -26.4141 10
    endloop
  endfacet
  facet normal 0.659248 -0.751925 0
    outer loop
      vertex -47.1314 -24.8686 6
      vertex -46.974 -24.7306 10
      vertex -47.1314 -24.8686 10
    endloop
  endfacet
  facet normal 0.659248 -0.751925 0
    outer loop
      vertex -46.974 -24.7306 10
      vertex -47.1314 -24.8686 6
      vertex -46.974 -24.7306 6
    endloop
  endfacet
  facet normal 0.946901 0.321526 -9.68114e-19
    outer loop
      vertex -47.4782 -26.6123 10
      vertex -47.5455 -26.4141 6
      vertex -47.5455 -26.4141 10
    endloop
  endfacet
  facet normal 0.946901 0.321526 -9.68114e-19
    outer loop
      vertex -47.5455 -26.4141 6
      vertex -47.4782 -26.6123 10
      vertex -47.4782 -26.6123 6
    endloop
  endfacet
  facet normal -0.831609 0.555362 -8.55565e-19
    outer loop
      vertex -44.7306 -26.974 6
      vertex -44.6144 -26.8 10
      vertex -44.6144 -26.8 6
    endloop
  endfacet
  facet normal -0.831609 0.555362 -8.55565e-19
    outer loop
      vertex -44.6144 -26.8 10
      vertex -44.7306 -26.974 6
      vertex -44.7306 -26.974 10
    endloop
  endfacet
  facet normal -0.442429 -0.896803 0
    outer loop
      vertex -45.3877 -24.5218 6
      vertex -45.2 -24.6144 10
      vertex -45.3877 -24.5218 10
    endloop
  endfacet
  facet normal -0.442429 -0.896803 -0
    outer loop
      vertex -45.2 -24.6144 10
      vertex -45.3877 -24.5218 6
      vertex -45.2 -24.6144 6
    endloop
  endfacet
  facet normal 0.442429 -0.896803 0
    outer loop
      vertex -46.8 -24.6144 6
      vertex -46.6123 -24.5218 10
      vertex -46.8 -24.6144 10
    endloop
  endfacet
  facet normal 0.442429 -0.896803 0
    outer loop
      vertex -46.6123 -24.5218 10
      vertex -46.8 -24.6144 6
      vertex -46.6123 -24.5218 6
    endloop
  endfacet
  facet normal -0.442429 0.896803 0
    outer loop
      vertex -45.2 -27.3856 6
      vertex -45.3877 -27.4782 10
      vertex -45.2 -27.3856 10
    endloop
  endfacet
  facet normal -0.442429 0.896803 0
    outer loop
      vertex -45.3877 -27.4782 10
      vertex -45.2 -27.3856 6
      vertex -45.3877 -27.4782 6
    endloop
  endfacet
  facet normal -0.321526 0.946901 0
    outer loop
      vertex -45.3877 -27.4782 6
      vertex -45.5859 -27.5455 10
      vertex -45.3877 -27.4782 10
    endloop
  endfacet
  facet normal -0.321526 0.946901 0
    outer loop
      vertex -45.5859 -27.5455 10
      vertex -45.3877 -27.4782 6
      vertex -45.5859 -27.5455 6
    endloop
  endfacet
  facet normal 0.896803 0.442429 1.99871e-18
    outer loop
      vertex -47.3856 -26.8 10
      vertex -47.4782 -26.6123 6
      vertex -47.4782 -26.6123 10
    endloop
  endfacet
  facet normal 0.896803 0.442429 1.99871e-18
    outer loop
      vertex -47.4782 -26.6123 6
      vertex -47.3856 -26.8 10
      vertex -47.3856 -26.8 6
    endloop
  endfacet
  facet normal 0.980819 0.194922 -6.39131e-19
    outer loop
      vertex -47.5455 -26.4141 10
      vertex -47.5863 -26.2088 6
      vertex -47.5863 -26.2088 10
    endloop
  endfacet
  facet normal 0.980819 0.194922 -6.39131e-19
    outer loop
      vertex -47.5863 -26.2088 6
      vertex -47.5455 -26.4141 10
      vertex -47.5455 -26.4141 6
    endloop
  endfacet
  facet normal 0.555362 -0.831609 0
    outer loop
      vertex -46.974 -24.7306 6
      vertex -46.8 -24.6144 10
      vertex -46.974 -24.7306 10
    endloop
  endfacet
  facet normal 0.555362 -0.831609 0
    outer loop
      vertex -46.8 -24.6144 10
      vertex -46.974 -24.7306 6
      vertex -46.8 -24.6144 6
    endloop
  endfacet
  facet normal -0.555362 0.831609 0
    outer loop
      vertex -45.026 -27.2694 6
      vertex -45.2 -27.3856 10
      vertex -45.026 -27.2694 10
    endloop
  endfacet
  facet normal -0.555362 0.831609 0
    outer loop
      vertex -45.2 -27.3856 10
      vertex -45.026 -27.2694 6
      vertex -45.2 -27.3856 6
    endloop
  endfacet
  facet normal -0.194922 0.980819 0
    outer loop
      vertex -45.5859 -27.5455 6
      vertex -45.7912 -27.5863 10
      vertex -45.5859 -27.5455 10
    endloop
  endfacet
  facet normal -0.194922 0.980819 0
    outer loop
      vertex -45.7912 -27.5863 10
      vertex -45.5859 -27.5455 6
      vertex -45.7912 -27.5863 6
    endloop
  endfacet
  facet normal -0.659248 -0.751925 0
    outer loop
      vertex -45.026 -24.7306 6
      vertex -44.8686 -24.8686 10
      vertex -45.026 -24.7306 10
    endloop
  endfacet
  facet normal -0.659248 -0.751925 -0
    outer loop
      vertex -44.8686 -24.8686 10
      vertex -45.026 -24.7306 6
      vertex -44.8686 -24.8686 6
    endloop
  endfacet
  facet normal 0.946901 -0.321526 9.68114e-19
    outer loop
      vertex -47.5455 -25.5859 10
      vertex -47.4782 -25.3877 6
      vertex -47.4782 -25.3877 10
    endloop
  endfacet
  facet normal 0.946901 -0.321526 9.68114e-19
    outer loop
      vertex -47.4782 -25.3877 6
      vertex -47.5455 -25.5859 10
      vertex -47.5455 -25.5859 6
    endloop
  endfacet
  facet normal 0.0654722 -0.997854 0
    outer loop
      vertex -46.2088 -24.4137 6
      vertex -46 -24.4 10
      vertex -46.2088 -24.4137 10
    endloop
  endfacet
  facet normal 0.0654722 -0.997854 0
    outer loop
      vertex -46 -24.4 10
      vertex -46.2088 -24.4137 6
      vertex -46 -24.4 6
    endloop
  endfacet
  facet normal -0.0654722 0.997854 0
    outer loop
      vertex -45.7912 -27.5863 6
      vertex -46 -27.6 10
      vertex -45.7912 -27.5863 10
    endloop
  endfacet
  facet normal -0.0654722 0.997854 0
    outer loop
      vertex -46 -27.6 10
      vertex -45.7912 -27.5863 6
      vertex -46 -27.6 6
    endloop
  endfacet
  facet normal 0.194922 -0.980819 0
    outer loop
      vertex -46.4141 -24.4545 6
      vertex -46.2088 -24.4137 10
      vertex -46.4141 -24.4545 10
    endloop
  endfacet
  facet normal 0.194922 -0.980819 0
    outer loop
      vertex -46.2088 -24.4137 10
      vertex -46.4141 -24.4545 6
      vertex -46.2088 -24.4137 6
    endloop
  endfacet
  facet normal 0.659248 0.751925 -0
    outer loop
      vertex -46.974 -27.2694 6
      vertex -47.1314 -27.1314 10
      vertex -46.974 -27.2694 10
    endloop
  endfacet
  facet normal 0.659248 0.751925 0
    outer loop
      vertex -47.1314 -27.1314 10
      vertex -46.974 -27.2694 6
      vertex -47.1314 -27.1314 6
    endloop
  endfacet
  facet normal 0.896803 -0.442429 -1.99871e-18
    outer loop
      vertex -47.4782 -25.3877 10
      vertex -47.3856 -25.2 6
      vertex -47.3856 -25.2 10
    endloop
  endfacet
  facet normal 0.896803 -0.442429 -1.99871e-18
    outer loop
      vertex -47.3856 -25.2 6
      vertex -47.4782 -25.3877 10
      vertex -47.4782 -25.3877 6
    endloop
  endfacet
  facet normal -0.896803 0.442429 -1.99871e-18
    outer loop
      vertex -44.6144 -26.8 6
      vertex -44.5218 -26.6123 10
      vertex -44.5218 -26.6123 6
    endloop
  endfacet
  facet normal -0.896803 0.442429 -1.99871e-18
    outer loop
      vertex -44.5218 -26.6123 10
      vertex -44.6144 -26.8 6
      vertex -44.6144 -26.8 10
    endloop
  endfacet
  facet normal -0.751925 0.659248 3.40711e-19
    outer loop
      vertex -44.8686 -27.1314 6
      vertex -44.7306 -26.974 10
      vertex -44.7306 -26.974 6
    endloop
  endfacet
  facet normal -0.751925 0.659248 3.40711e-19
    outer loop
      vertex -44.7306 -26.974 10
      vertex -44.8686 -27.1314 6
      vertex -44.8686 -27.1314 10
    endloop
  endfacet
  facet normal 0.0654722 0.997854 -0
    outer loop
      vertex -46 -27.6 6
      vertex -46.2088 -27.5863 10
      vertex -46 -27.6 10
    endloop
  endfacet
  facet normal 0.0654722 0.997854 0
    outer loop
      vertex -46.2088 -27.5863 10
      vertex -46 -27.6 6
      vertex -46.2088 -27.5863 6
    endloop
  endfacet
  facet normal -0.0654722 -0.997854 0
    outer loop
      vertex -46 -24.4 6
      vertex -45.7912 -24.4137 10
      vertex -46 -24.4 10
    endloop
  endfacet
  facet normal -0.0654722 -0.997854 -0
    outer loop
      vertex -45.7912 -24.4137 10
      vertex -46 -24.4 6
      vertex -45.7912 -24.4137 6
    endloop
  endfacet
  facet normal -0.555362 -0.831609 0
    outer loop
      vertex -45.2 -24.6144 6
      vertex -45.026 -24.7306 10
      vertex -45.2 -24.6144 10
    endloop
  endfacet
  facet normal -0.555362 -0.831609 -0
    outer loop
      vertex -45.026 -24.7306 10
      vertex -45.2 -24.6144 6
      vertex -45.026 -24.7306 6
    endloop
  endfacet
  facet normal 0.997854 0.0654722 -1.64907e-19
    outer loop
      vertex -47.5863 -26.2088 10
      vertex -47.6 -26 6
      vertex -47.6 -26 10
    endloop
  endfacet
  facet normal 0.997854 0.0654722 -1.64907e-19
    outer loop
      vertex -47.6 -26 6
      vertex -47.5863 -26.2088 10
      vertex -47.5863 -26.2088 6
    endloop
  endfacet
  facet normal 0.751925 -0.659248 3.40711e-19
    outer loop
      vertex -47.2694 -25.026 10
      vertex -47.1314 -24.8686 6
      vertex -47.1314 -24.8686 10
    endloop
  endfacet
  facet normal 0.751925 -0.659248 3.40711e-19
    outer loop
      vertex -47.1314 -24.8686 6
      vertex -47.2694 -25.026 10
      vertex -47.2694 -25.026 6
    endloop
  endfacet
  facet normal 0.194922 0.980819 -0
    outer loop
      vertex -46.2088 -27.5863 6
      vertex -46.4141 -27.5455 10
      vertex -46.2088 -27.5863 10
    endloop
  endfacet
  facet normal 0.194922 0.980819 0
    outer loop
      vertex -46.4141 -27.5455 10
      vertex -46.2088 -27.5863 6
      vertex -46.4141 -27.5455 6
    endloop
  endfacet
  facet normal 0.980819 -0.194922 6.39131e-19
    outer loop
      vertex -47.5863 -25.7912 10
      vertex -47.5455 -25.5859 6
      vertex -47.5455 -25.5859 10
    endloop
  endfacet
  facet normal 0.980819 -0.194922 6.39131e-19
    outer loop
      vertex -47.5455 -25.5859 6
      vertex -47.5863 -25.7912 10
      vertex -47.5863 -25.7912 6
    endloop
  endfacet
  facet normal 0.997854 -0.0654722 1.64907e-19
    outer loop
      vertex -47.6 -26 10
      vertex -47.5863 -25.7912 6
      vertex -47.5863 -25.7912 10
    endloop
  endfacet
  facet normal 0.997854 -0.0654722 1.64907e-19
    outer loop
      vertex -47.5863 -25.7912 6
      vertex -47.6 -26 10
      vertex -47.6 -26 6
    endloop
  endfacet
  facet normal 0.442429 0.896803 -0
    outer loop
      vertex -46.6123 -27.4782 6
      vertex -46.8 -27.3856 10
      vertex -46.6123 -27.4782 10
    endloop
  endfacet
  facet normal 0.442429 0.896803 0
    outer loop
      vertex -46.8 -27.3856 10
      vertex -46.6123 -27.4782 6
      vertex -46.8 -27.3856 6
    endloop
  endfacet
  facet normal -0.659248 0.751925 0
    outer loop
      vertex -44.8686 -27.1314 6
      vertex -45.026 -27.2694 10
      vertex -44.8686 -27.1314 10
    endloop
  endfacet
  facet normal -0.659248 0.751925 0
    outer loop
      vertex -45.026 -27.2694 10
      vertex -44.8686 -27.1314 6
      vertex -45.026 -27.2694 6
    endloop
  endfacet
  facet normal 0.831609 -0.555362 -8.55565e-19
    outer loop
      vertex -47.3856 -25.2 10
      vertex -47.2694 -25.026 6
      vertex -47.2694 -25.026 10
    endloop
  endfacet
  facet normal 0.831609 -0.555362 -8.55565e-19
    outer loop
      vertex -47.2694 -25.026 6
      vertex -47.3856 -25.2 10
      vertex -47.3856 -25.2 6
    endloop
  endfacet
  facet normal 0.831609 0.555362 8.55565e-19
    outer loop
      vertex -47.2694 -26.974 10
      vertex -47.3856 -26.8 6
      vertex -47.3856 -26.8 10
    endloop
  endfacet
  facet normal 0.831609 0.555362 8.55565e-19
    outer loop
      vertex -47.3856 -26.8 6
      vertex -47.2694 -26.974 10
      vertex -47.2694 -26.974 6
    endloop
  endfacet
  facet normal 0.980757 0.195234 6.39088e-19
    outer loop
      vertex 17.4701 -25.5432 10
      vertex 17.3807 -25.0941 6
      vertex 17.3807 -25.0941 10
    endloop
  endfacet
  facet normal 0.980757 0.195234 6.39088e-19
    outer loop
      vertex 17.3807 -25.0941 6
      vertex 17.4701 -25.5432 10
      vertex 17.4701 -25.5432 6
    endloop
  endfacet
  facet normal 0.997865 0.0653156 3.74606e-19
    outer loop
      vertex 17.5 -26 10
      vertex 17.4701 -25.5432 6
      vertex 17.4701 -25.5432 10
    endloop
  endfacet
  facet normal 0.997865 0.0653156 3.74606e-19
    outer loop
      vertex 17.4701 -25.5432 6
      vertex 17.5 -26 10
      vertex 17.5 -26 6
    endloop
  endfacet
  facet normal 0.321335 -0.946966 0
    outer loop
      vertex 14.9059 -29.3807 6
      vertex 15.3394 -29.2336 10
      vertex 14.9059 -29.3807 10
    endloop
  endfacet
  facet normal 0.321335 -0.946966 0
    outer loop
      vertex 15.3394 -29.2336 10
      vertex 14.9059 -29.3807 6
      vertex 15.3394 -29.2336 6
    endloop
  endfacet
  facet normal 0.831445 0.555607 -1.76523e-18
    outer loop
      vertex 17.0311 -24.25 10
      vertex 16.7767 -23.8693 6
      vertex 16.7767 -23.8693 10
    endloop
  endfacet
  facet normal 0.831445 0.555607 -1.76523e-18
    outer loop
      vertex 16.7767 -23.8693 6
      vertex 17.0311 -24.25 10
      vertex 17.0311 -24.25 6
    endloop
  endfacet
  facet normal -0.89686 0.442314 4.6512e-19
    outer loop
      vertex 10.7664 -24.6606 6
      vertex 10.9689 -24.25 10
      vertex 10.9689 -24.25 6
    endloop
  endfacet
  facet normal -0.89686 0.442314 4.6512e-19
    outer loop
      vertex 10.9689 -24.25 10
      vertex 10.7664 -24.6606 6
      vertex 10.7664 -24.6606 10
    endloop
  endfacet
  facet normal -0.555607 0.831445 0
    outer loop
      vertex 12.25 -22.9689 6
      vertex 11.8693 -23.2233 10
      vertex 12.25 -22.9689 10
    endloop
  endfacet
  facet normal -0.555607 0.831445 0
    outer loop
      vertex 11.8693 -23.2233 10
      vertex 12.25 -22.9689 6
      vertex 11.8693 -23.2233 6
    endloop
  endfacet
  facet normal -0.659278 0.7519 0
    outer loop
      vertex 11.8693 -23.2233 6
      vertex 11.5251 -23.5251 10
      vertex 11.8693 -23.2233 10
    endloop
  endfacet
  facet normal -0.659278 0.7519 0
    outer loop
      vertex 11.5251 -23.5251 10
      vertex 11.8693 -23.2233 6
      vertex 11.5251 -23.5251 6
    endloop
  endfacet
  facet normal -0.7519 0.659278 -1.37776e-18
    outer loop
      vertex 11.2233 -23.8693 6
      vertex 11.5251 -23.5251 10
      vertex 11.5251 -23.5251 6
    endloop
  endfacet
  facet normal -0.7519 0.659278 -1.37776e-18
    outer loop
      vertex 11.5251 -23.5251 10
      vertex 11.2233 -23.8693 6
      vertex 11.2233 -23.8693 10
    endloop
  endfacet
  facet normal 0.946966 -0.321335 1.41227e-18
    outer loop
      vertex 17.2336 -27.3394 10
      vertex 17.3807 -26.9059 6
      vertex 17.3807 -26.9059 10
    endloop
  endfacet
  facet normal 0.946966 -0.321335 1.41227e-18
    outer loop
      vertex 17.3807 -26.9059 6
      vertex 17.2336 -27.3394 10
      vertex 17.2336 -27.3394 6
    endloop
  endfacet
  facet normal -0.997865 0.0653156 -1.50271e-19
    outer loop
      vertex 10.5 -26 6
      vertex 10.5299 -25.5432 10
      vertex 10.5299 -25.5432 6
    endloop
  endfacet
  facet normal -0.997865 0.0653156 -1.50271e-19
    outer loop
      vertex 10.5299 -25.5432 10
      vertex 10.5 -26 6
      vertex 10.5 -26 10
    endloop
  endfacet
  facet normal 0.555607 0.831445 -0
    outer loop
      vertex 16.1307 -23.2233 6
      vertex 15.75 -22.9689 10
      vertex 16.1307 -23.2233 10
    endloop
  endfacet
  facet normal 0.555607 0.831445 0
    outer loop
      vertex 15.75 -22.9689 10
      vertex 16.1307 -23.2233 6
      vertex 15.75 -22.9689 6
    endloop
  endfacet
  facet normal -0.321335 -0.946966 0
    outer loop
      vertex 12.6606 -29.2336 6
      vertex 13.0941 -29.3807 10
      vertex 12.6606 -29.2336 10
    endloop
  endfacet
  facet normal -0.321335 -0.946966 -0
    outer loop
      vertex 13.0941 -29.3807 10
      vertex 12.6606 -29.2336 6
      vertex 13.0941 -29.3807 6
    endloop
  endfacet
  facet normal 0.195234 -0.980757 0
    outer loop
      vertex 14.4568 -29.4701 6
      vertex 14.9059 -29.3807 10
      vertex 14.4568 -29.4701 10
    endloop
  endfacet
  facet normal 0.195234 -0.980757 0
    outer loop
      vertex 14.9059 -29.3807 10
      vertex 14.4568 -29.4701 6
      vertex 14.9059 -29.3807 6
    endloop
  endfacet
  facet normal -0.321335 0.946966 0
    outer loop
      vertex 13.0941 -22.6193 6
      vertex 12.6606 -22.7664 10
      vertex 13.0941 -22.6193 10
    endloop
  endfacet
  facet normal -0.321335 0.946966 0
    outer loop
      vertex 12.6606 -22.7664 10
      vertex 13.0941 -22.6193 6
      vertex 12.6606 -22.7664 6
    endloop
  endfacet
  facet normal -0.831445 -0.555607 2.33254e-18
    outer loop
      vertex 11.2233 -28.1307 6
      vertex 10.9689 -27.75 10
      vertex 10.9689 -27.75 6
    endloop
  endfacet
  facet normal -0.831445 -0.555607 2.33254e-18
    outer loop
      vertex 10.9689 -27.75 10
      vertex 11.2233 -28.1307 6
      vertex 11.2233 -28.1307 10
    endloop
  endfacet
  facet normal 0.555607 -0.831445 0
    outer loop
      vertex 15.75 -29.0311 6
      vertex 16.1307 -28.7767 10
      vertex 15.75 -29.0311 10
    endloop
  endfacet
  facet normal 0.555607 -0.831445 0
    outer loop
      vertex 16.1307 -28.7767 10
      vertex 15.75 -29.0311 6
      vertex 16.1307 -28.7767 6
    endloop
  endfacet
  facet normal -0.946966 0.321335 -2.28623e-18
    outer loop
      vertex 10.6193 -25.0941 6
      vertex 10.7664 -24.6606 10
      vertex 10.7664 -24.6606 6
    endloop
  endfacet
  facet normal -0.946966 0.321335 -2.28623e-18
    outer loop
      vertex 10.7664 -24.6606 10
      vertex 10.6193 -25.0941 6
      vertex 10.6193 -25.0941 10
    endloop
  endfacet
  facet normal 0.321335 0.946966 -0
    outer loop
      vertex 15.3394 -22.7664 6
      vertex 14.9059 -22.6193 10
      vertex 15.3394 -22.7664 10
    endloop
  endfacet
  facet normal 0.321335 0.946966 0
    outer loop
      vertex 14.9059 -22.6193 10
      vertex 15.3394 -22.7664 6
      vertex 14.9059 -22.6193 6
    endloop
  endfacet
  facet normal 0.0653156 0.997865 -0
    outer loop
      vertex 14.4568 -22.5299 6
      vertex 14 -22.5 10
      vertex 14.4568 -22.5299 10
    endloop
  endfacet
  facet normal 0.0653156 0.997865 0
    outer loop
      vertex 14 -22.5 10
      vertex 14.4568 -22.5299 6
      vertex 14 -22.5 6
    endloop
  endfacet
  facet normal -0.442314 0.89686 0
    outer loop
      vertex 12.6606 -22.7664 6
      vertex 12.25 -22.9689 10
      vertex 12.6606 -22.7664 10
    endloop
  endfacet
  facet normal -0.442314 0.89686 0
    outer loop
      vertex 12.25 -22.9689 10
      vertex 12.6606 -22.7664 6
      vertex 12.25 -22.9689 6
    endloop
  endfacet
  facet normal 0.831445 -0.555607 1.76523e-18
    outer loop
      vertex 16.7767 -28.1307 10
      vertex 17.0311 -27.75 6
      vertex 17.0311 -27.75 10
    endloop
  endfacet
  facet normal 0.831445 -0.555607 1.76523e-18
    outer loop
      vertex 17.0311 -27.75 6
      vertex 16.7767 -28.1307 10
      vertex 16.7767 -28.1307 6
    endloop
  endfacet
  facet normal -0.997865 -0.0653156 1.50271e-19
    outer loop
      vertex 10.5299 -26.4568 6
      vertex 10.5 -26 10
      vertex 10.5 -26 6
    endloop
  endfacet
  facet normal -0.997865 -0.0653156 1.50271e-19
    outer loop
      vertex 10.5 -26 10
      vertex 10.5299 -26.4568 6
      vertex 10.5299 -26.4568 10
    endloop
  endfacet
  facet normal -0.946966 -0.321335 2.28623e-18
    outer loop
      vertex 10.7664 -27.3394 6
      vertex 10.6193 -26.9059 10
      vertex 10.6193 -26.9059 6
    endloop
  endfacet
  facet normal -0.946966 -0.321335 2.28623e-18
    outer loop
      vertex 10.6193 -26.9059 10
      vertex 10.7664 -27.3394 6
      vertex 10.7664 -27.3394 10
    endloop
  endfacet
  facet normal -0.659278 -0.7519 0
    outer loop
      vertex 11.5251 -28.4749 6
      vertex 11.8693 -28.7767 10
      vertex 11.5251 -28.4749 10
    endloop
  endfacet
  facet normal -0.659278 -0.7519 -0
    outer loop
      vertex 11.8693 -28.7767 10
      vertex 11.5251 -28.4749 6
      vertex 11.8693 -28.7767 6
    endloop
  endfacet
  facet normal 0.442314 0.89686 -0
    outer loop
      vertex 15.75 -22.9689 6
      vertex 15.3394 -22.7664 10
      vertex 15.75 -22.9689 10
    endloop
  endfacet
  facet normal 0.442314 0.89686 0
    outer loop
      vertex 15.3394 -22.7664 10
      vertex 15.75 -22.9689 6
      vertex 15.3394 -22.7664 6
    endloop
  endfacet
  facet normal -0.195234 0.980757 0
    outer loop
      vertex 13.5432 -22.5299 6
      vertex 13.0941 -22.6193 10
      vertex 13.5432 -22.5299 10
    endloop
  endfacet
  facet normal -0.195234 0.980757 0
    outer loop
      vertex 13.0941 -22.6193 10
      vertex 13.5432 -22.5299 6
      vertex 13.0941 -22.6193 6
    endloop
  endfacet
  facet normal 0.7519 0.659278 1.37776e-18
    outer loop
      vertex 16.7767 -23.8693 10
      vertex 16.4749 -23.5251 6
      vertex 16.4749 -23.5251 10
    endloop
  endfacet
  facet normal 0.7519 0.659278 1.37776e-18
    outer loop
      vertex 16.4749 -23.5251 6
      vertex 16.7767 -23.8693 10
      vertex 16.7767 -23.8693 6
    endloop
  endfacet
  facet normal 0.195234 0.980757 -0
    outer loop
      vertex 14.9059 -22.6193 6
      vertex 14.4568 -22.5299 10
      vertex 14.9059 -22.6193 10
    endloop
  endfacet
  facet normal 0.195234 0.980757 0
    outer loop
      vertex 14.4568 -22.5299 10
      vertex 14.9059 -22.6193 6
      vertex 14.4568 -22.5299 6
    endloop
  endfacet
  facet normal 0.7519 -0.659278 -1.37776e-18
    outer loop
      vertex 16.4749 -28.4749 10
      vertex 16.7767 -28.1307 6
      vertex 16.7767 -28.1307 10
    endloop
  endfacet
  facet normal 0.7519 -0.659278 -1.37776e-18
    outer loop
      vertex 16.7767 -28.1307 6
      vertex 16.4749 -28.4749 10
      vertex 16.4749 -28.4749 6
    endloop
  endfacet
  facet normal -0.442314 -0.89686 0
    outer loop
      vertex 12.25 -29.0311 6
      vertex 12.6606 -29.2336 10
      vertex 12.25 -29.0311 10
    endloop
  endfacet
  facet normal -0.442314 -0.89686 -0
    outer loop
      vertex 12.6606 -29.2336 10
      vertex 12.25 -29.0311 6
      vertex 12.6606 -29.2336 6
    endloop
  endfacet
  facet normal -0.0653156 0.997865 0
    outer loop
      vertex 14 -22.5 6
      vertex 13.5432 -22.5299 10
      vertex 14 -22.5 10
    endloop
  endfacet
  facet normal -0.0653156 0.997865 0
    outer loop
      vertex 13.5432 -22.5299 10
      vertex 14 -22.5 6
      vertex 13.5432 -22.5299 6
    endloop
  endfacet
  facet normal -0.980757 0.195234 -8.69419e-19
    outer loop
      vertex 10.5299 -25.5432 6
      vertex 10.6193 -25.0941 10
      vertex 10.6193 -25.0941 6
    endloop
  endfacet
  facet normal -0.980757 0.195234 -8.69419e-19
    outer loop
      vertex 10.6193 -25.0941 10
      vertex 10.5299 -25.5432 6
      vertex 10.5299 -25.5432 10
    endloop
  endfacet
  facet normal 0.0653156 -0.997865 0
    outer loop
      vertex 14 -29.5 6
      vertex 14.4568 -29.4701 10
      vertex 14 -29.5 10
    endloop
  endfacet
  facet normal 0.0653156 -0.997865 0
    outer loop
      vertex 14.4568 -29.4701 10
      vertex 14 -29.5 6
      vertex 14.4568 -29.4701 6
    endloop
  endfacet
  facet normal 0.442314 -0.89686 0
    outer loop
      vertex 15.3394 -29.2336 6
      vertex 15.75 -29.0311 10
      vertex 15.3394 -29.2336 10
    endloop
  endfacet
  facet normal 0.442314 -0.89686 0
    outer loop
      vertex 15.75 -29.0311 10
      vertex 15.3394 -29.2336 6
      vertex 15.75 -29.0311 6
    endloop
  endfacet
  facet normal 0.659278 -0.7519 0
    outer loop
      vertex 16.1307 -28.7767 6
      vertex 16.4749 -28.4749 10
      vertex 16.1307 -28.7767 10
    endloop
  endfacet
  facet normal 0.659278 -0.7519 0
    outer loop
      vertex 16.4749 -28.4749 10
      vertex 16.1307 -28.7767 6
      vertex 16.4749 -28.4749 6
    endloop
  endfacet
  facet normal -0.89686 -0.442314 -4.6512e-19
    outer loop
      vertex 10.9689 -27.75 6
      vertex 10.7664 -27.3394 10
      vertex 10.7664 -27.3394 6
    endloop
  endfacet
  facet normal -0.89686 -0.442314 -4.6512e-19
    outer loop
      vertex 10.7664 -27.3394 10
      vertex 10.9689 -27.75 6
      vertex 10.9689 -27.75 10
    endloop
  endfacet
  facet normal 0.89686 -0.442314 -2.89354e-18
    outer loop
      vertex 17.0311 -27.75 10
      vertex 17.2336 -27.3394 6
      vertex 17.2336 -27.3394 10
    endloop
  endfacet
  facet normal 0.89686 -0.442314 -2.89354e-18
    outer loop
      vertex 17.2336 -27.3394 6
      vertex 17.0311 -27.75 10
      vertex 17.0311 -27.75 6
    endloop
  endfacet
  facet normal 0.659278 0.7519 -0
    outer loop
      vertex 16.4749 -23.5251 6
      vertex 16.1307 -23.2233 10
      vertex 16.4749 -23.5251 10
    endloop
  endfacet
  facet normal 0.659278 0.7519 0
    outer loop
      vertex 16.1307 -23.2233 10
      vertex 16.4749 -23.5251 6
      vertex 16.1307 -23.2233 6
    endloop
  endfacet
  facet normal 0.997865 -0.0653156 -3.74606e-19
    outer loop
      vertex 17.4701 -26.4568 10
      vertex 17.5 -26 6
      vertex 17.5 -26 10
    endloop
  endfacet
  facet normal 0.997865 -0.0653156 -3.74606e-19
    outer loop
      vertex 17.5 -26 6
      vertex 17.4701 -26.4568 10
      vertex 17.4701 -26.4568 6
    endloop
  endfacet
  facet normal -0.555607 -0.831445 0
    outer loop
      vertex 11.8693 -28.7767 6
      vertex 12.25 -29.0311 10
      vertex 11.8693 -28.7767 10
    endloop
  endfacet
  facet normal -0.555607 -0.831445 -0
    outer loop
      vertex 12.25 -29.0311 10
      vertex 11.8693 -28.7767 6
      vertex 12.25 -29.0311 6
    endloop
  endfacet
  facet normal 0.89686 0.442314 2.89354e-18
    outer loop
      vertex 17.2336 -24.6606 10
      vertex 17.0311 -24.25 6
      vertex 17.0311 -24.25 10
    endloop
  endfacet
  facet normal 0.89686 0.442314 2.89354e-18
    outer loop
      vertex 17.0311 -24.25 6
      vertex 17.2336 -24.6606 10
      vertex 17.2336 -24.6606 6
    endloop
  endfacet
  facet normal 0.980757 -0.195234 -6.39088e-19
    outer loop
      vertex 17.3807 -26.9059 10
      vertex 17.4701 -26.4568 6
      vertex 17.4701 -26.4568 10
    endloop
  endfacet
  facet normal 0.980757 -0.195234 -6.39088e-19
    outer loop
      vertex 17.4701 -26.4568 6
      vertex 17.3807 -26.9059 10
      vertex 17.3807 -26.9059 6
    endloop
  endfacet
  facet normal 0.946966 0.321335 -1.41227e-18
    outer loop
      vertex 17.3807 -25.0941 10
      vertex 17.2336 -24.6606 6
      vertex 17.2336 -24.6606 10
    endloop
  endfacet
  facet normal 0.946966 0.321335 -1.41227e-18
    outer loop
      vertex 17.2336 -24.6606 6
      vertex 17.3807 -25.0941 10
      vertex 17.3807 -25.0941 6
    endloop
  endfacet
  facet normal -0.980757 -0.195234 8.69419e-19
    outer loop
      vertex 10.6193 -26.9059 6
      vertex 10.5299 -26.4568 10
      vertex 10.5299 -26.4568 6
    endloop
  endfacet
  facet normal -0.980757 -0.195234 8.69419e-19
    outer loop
      vertex 10.5299 -26.4568 10
      vertex 10.6193 -26.9059 6
      vertex 10.6193 -26.9059 10
    endloop
  endfacet
  facet normal -0.7519 -0.659278 1.37776e-18
    outer loop
      vertex 11.5251 -28.4749 6
      vertex 11.2233 -28.1307 10
      vertex 11.2233 -28.1307 6
    endloop
  endfacet
  facet normal -0.7519 -0.659278 1.37776e-18
    outer loop
      vertex 11.2233 -28.1307 10
      vertex 11.5251 -28.4749 6
      vertex 11.5251 -28.4749 10
    endloop
  endfacet
  facet normal 0 0 1
    outer loop
      vertex 15.6 -26 10
      vertex 17.5 -26 10
      vertex 17.4701 -25.5432 10
    endloop
  endfacet
  facet normal 0 0 1
    outer loop
      vertex 15.5863 -25.7912 10
      vertex 17.4701 -25.5432 10
      vertex 17.3807 -25.0941 10
    endloop
  endfacet
  facet normal 0 0 1
    outer loop
      vertex 17.5 -26 10
      vertex 15.6 -26 10
      vertex 17.4701 -26.4568 10
    endloop
  endfacet
  facet normal 0 0 1
    outer loop
      vertex 15.5455 -25.5859 10
      vertex 17.3807 -25.0941 10
      vertex 17.2336 -24.6606 10
    endloop
  endfacet
  facet normal -0 0 1
    outer loop
      vertex 15.5863 -26.2088 10
      vertex 17.4701 -26.4568 10
      vertex 15.6 -26 10
    endloop
  endfacet
  facet normal 0 0 1
    outer loop
      vertex 15.4782 -25.3877 10
      vertex 17.2336 -24.6606 10
      vertex 17.0311 -24.25 10
    endloop
  endfacet
  facet normal 0 0 1
    outer loop
      vertex 17.4701 -26.4568 10
      vertex 15.5863 -26.2088 10
      vertex 17.3807 -26.9059 10
    endloop
  endfacet
  facet normal 0 0 1
    outer loop
      vertex 15.3856 -25.2 10
      vertex 17.0311 -24.25 10
      vertex 16.7767 -23.8693 10
    endloop
  endfacet
  facet normal -0 0 1
    outer loop
      vertex 15.5455 -26.4141 10
      vertex 17.3807 -26.9059 10
      vertex 15.5863 -26.2088 10
    endloop
  endfacet
  facet normal 0 0 1
    outer loop
      vertex 15.2694 -25.026 10
      vertex 16.7767 -23.8693 10
      vertex 16.4749 -23.5251 10
    endloop
  endfacet
  facet normal 0 0 1
    outer loop
      vertex 17.3807 -26.9059 10
      vertex 15.5455 -26.4141 10
      vertex 17.2336 -27.3394 10
    endloop
  endfacet
  facet normal 0 0 1
    outer loop
      vertex 15.1314 -24.8686 10
      vertex 16.4749 -23.5251 10
      vertex 16.1307 -23.2233 10
    endloop
  endfacet
  facet normal -0 0 1
    outer loop
      vertex 15.4782 -26.6123 10
      vertex 17.2336 -27.3394 10
      vertex 15.5455 -26.4141 10
    endloop
  endfacet
  facet normal 0 0 1
    outer loop
      vertex 14.974 -24.7306 10
      vertex 16.1307 -23.2233 10
      vertex 15.75 -22.9689 10
    endloop
  endfacet
  facet normal 0 0 1
    outer loop
      vertex 17.2336 -27.3394 10
      vertex 15.4782 -26.6123 10
      vertex 17.0311 -27.75 10
    endloop
  endfacet
  facet normal -0 0 1
    outer loop
      vertex 15.3856 -26.8 10
      vertex 17.0311 -27.75 10
      vertex 15.4782 -26.6123 10
    endloop
  endfacet
  facet normal 0 0 1
    outer loop
      vertex 17.4701 -25.5432 10
      vertex 15.5863 -25.7912 10
      vertex 15.6 -26 10
    endloop
  endfacet
  facet normal 0 0 1
    outer loop
      vertex 17.3807 -25.0941 10
      vertex 15.5455 -25.5859 10
      vertex 15.5863 -25.7912 10
    endloop
  endfacet
  facet normal 0 0 1
    outer loop
      vertex 17.2336 -24.6606 10
      vertex 15.4782 -25.3877 10
      vertex 15.5455 -25.5859 10
    endloop
  endfacet
  facet normal 0 0 1
    outer loop
      vertex 17.0311 -24.25 10
      vertex 15.3856 -25.2 10
      vertex 15.4782 -25.3877 10
    endloop
  endfacet
  facet normal 0 0 1
    outer loop
      vertex 14.8 -24.6144 10
      vertex 15.75 -22.9689 10
      vertex 15.3394 -22.7664 10
    endloop
  endfacet
  facet normal 0 0 1
    outer loop
      vertex 16.7767 -23.8693 10
      vertex 15.2694 -25.026 10
      vertex 15.3856 -25.2 10
    endloop
  endfacet
  facet normal 0 0 1
    outer loop
      vertex 16.4749 -23.5251 10
      vertex 15.1314 -24.8686 10
      vertex 15.2694 -25.026 10
    endloop
  endfacet
  facet normal 0 0 1
    outer loop
      vertex 16.1307 -23.2233 10
      vertex 14.974 -24.7306 10
      vertex 15.1314 -24.8686 10
    endloop
  endfacet
  facet normal 0 0 1
    outer loop
      vertex 14.6123 -24.5218 10
      vertex 15.3394 -22.7664 10
      vertex 14.9059 -22.6193 10
    endloop
  endfacet
  facet normal 0 0 1
    outer loop
      vertex 15.75 -22.9689 10
      vertex 14.8 -24.6144 10
      vertex 14.974 -24.7306 10
    endloop
  endfacet
  facet normal 0 0 1
    outer loop
      vertex 15.3394 -22.7664 10
      vertex 14.6123 -24.5218 10
      vertex 14.8 -24.6144 10
    endloop
  endfacet
  facet normal 0 0 1
    outer loop
      vertex 14.4141 -24.4545 10
      vertex 14.9059 -22.6193 10
      vertex 14.4568 -22.5299 10
    endloop
  endfacet
  facet normal 0 0 1
    outer loop
      vertex 14.9059 -22.6193 10
      vertex 14.4141 -24.4545 10
      vertex 14.6123 -24.5218 10
    endloop
  endfacet
  facet normal 0 0 1
    outer loop
      vertex 14.4568 -22.5299 10
      vertex 14.2088 -24.4137 10
      vertex 14.4141 -24.4545 10
    endloop
  endfacet
  facet normal 0 0 1
    outer loop
      vertex 14 -22.5 10
      vertex 14.2088 -24.4137 10
      vertex 14.4568 -22.5299 10
    endloop
  endfacet
  facet normal 0 0 1
    outer loop
      vertex 14 -22.5 10
      vertex 14 -24.4 10
      vertex 14.2088 -24.4137 10
    endloop
  endfacet
  facet normal 0 0 1
    outer loop
      vertex 14 -22.5 10
      vertex 13.7912 -24.4137 10
      vertex 14 -24.4 10
    endloop
  endfacet
  facet normal -0 0 1
    outer loop
      vertex 13.5432 -22.5299 10
      vertex 13.7912 -24.4137 10
      vertex 14 -22.5 10
    endloop
  endfacet
  facet normal 0 0 1
    outer loop
      vertex 13.7912 -24.4137 10
      vertex 13.5432 -22.5299 10
      vertex 13.5859 -24.4545 10
    endloop
  endfacet
  facet normal -0 0 1
    outer loop
      vertex 13.0941 -22.6193 10
      vertex 13.5859 -24.4545 10
      vertex 13.5432 -22.5299 10
    endloop
  endfacet
  facet normal 0 0 1
    outer loop
      vertex 13.5859 -24.4545 10
      vertex 13.0941 -22.6193 10
      vertex 13.3877 -24.5218 10
    endloop
  endfacet
  facet normal -0 0 1
    outer loop
      vertex 12.6606 -22.7664 10
      vertex 13.3877 -24.5218 10
      vertex 13.0941 -22.6193 10
    endloop
  endfacet
  facet normal 0 0 1
    outer loop
      vertex 13.3877 -24.5218 10
      vertex 12.6606 -22.7664 10
      vertex 13.2 -24.6144 10
    endloop
  endfacet
  facet normal -0 0 1
    outer loop
      vertex 12.25 -22.9689 10
      vertex 13.2 -24.6144 10
      vertex 12.6606 -22.7664 10
    endloop
  endfacet
  facet normal 0 0 1
    outer loop
      vertex 13.2 -24.6144 10
      vertex 12.25 -22.9689 10
      vertex 13.026 -24.7306 10
    endloop
  endfacet
  facet normal -0 0 1
    outer loop
      vertex 11.8693 -23.2233 10
      vertex 13.026 -24.7306 10
      vertex 12.25 -22.9689 10
    endloop
  endfacet
  facet normal 0 0 1
    outer loop
      vertex 13.026 -24.7306 10
      vertex 11.8693 -23.2233 10
      vertex 12.8686 -24.8686 10
    endloop
  endfacet
  facet normal -0 0 1
    outer loop
      vertex 11.5251 -23.5251 10
      vertex 12.8686 -24.8686 10
      vertex 11.8693 -23.2233 10
    endloop
  endfacet
  facet normal 0 0 1
    outer loop
      vertex 12.8686 -24.8686 10
      vertex 11.5251 -23.5251 10
      vertex 12.7306 -25.026 10
    endloop
  endfacet
  facet normal -0 0 1
    outer loop
      vertex 11.2233 -23.8693 10
      vertex 12.7306 -25.026 10
      vertex 11.5251 -23.5251 10
    endloop
  endfacet
  facet normal -0 0 1
    outer loop
      vertex 10.9689 -24.25 10
      vertex 12.6144 -25.2 10
      vertex 11.2233 -23.8693 10
    endloop
  endfacet
  facet normal 0 0 1
    outer loop
      vertex 12.7306 -25.026 10
      vertex 11.2233 -23.8693 10
      vertex 12.6144 -25.2 10
    endloop
  endfacet
  facet normal 0 0 1
    outer loop
      vertex 17.0311 -27.75 10
      vertex 15.3856 -26.8 10
      vertex 16.7767 -28.1307 10
    endloop
  endfacet
  facet normal -0 0 1
    outer loop
      vertex 15.2694 -26.974 10
      vertex 16.7767 -28.1307 10
      vertex 15.3856 -26.8 10
    endloop
  endfacet
  facet normal 0 0 1
    outer loop
      vertex 16.7767 -28.1307 10
      vertex 15.2694 -26.974 10
      vertex 16.4749 -28.4749 10
    endloop
  endfacet
  facet normal -0 0 1
    outer loop
      vertex 15.1314 -27.1314 10
      vertex 16.4749 -28.4749 10
      vertex 15.2694 -26.974 10
    endloop
  endfacet
  facet normal 0 0 1
    outer loop
      vertex 16.4749 -28.4749 10
      vertex 15.1314 -27.1314 10
      vertex 16.1307 -28.7767 10
    endloop
  endfacet
  facet normal -0 0 1
    outer loop
      vertex 14.974 -27.2694 10
      vertex 16.1307 -28.7767 10
      vertex 15.1314 -27.1314 10
    endloop
  endfacet
  facet normal 0 0 1
    outer loop
      vertex 16.1307 -28.7767 10
      vertex 14.974 -27.2694 10
      vertex 15.75 -29.0311 10
    endloop
  endfacet
  facet normal -0 0 1
    outer loop
      vertex 14.8 -27.3856 10
      vertex 15.75 -29.0311 10
      vertex 14.974 -27.2694 10
    endloop
  endfacet
  facet normal 0 0 1
    outer loop
      vertex 15.75 -29.0311 10
      vertex 14.8 -27.3856 10
      vertex 15.3394 -29.2336 10
    endloop
  endfacet
  facet normal -0 0 1
    outer loop
      vertex 14.6123 -27.4782 10
      vertex 15.3394 -29.2336 10
      vertex 14.8 -27.3856 10
    endloop
  endfacet
  facet normal 0 0 1
    outer loop
      vertex 15.3394 -29.2336 10
      vertex 14.6123 -27.4782 10
      vertex 14.9059 -29.3807 10
    endloop
  endfacet
  facet normal -0 0 1
    outer loop
      vertex 14.4141 -27.5455 10
      vertex 14.9059 -29.3807 10
      vertex 14.6123 -27.4782 10
    endloop
  endfacet
  facet normal 0 0 1
    outer loop
      vertex 14.9059 -29.3807 10
      vertex 14.4141 -27.5455 10
      vertex 14.4568 -29.4701 10
    endloop
  endfacet
  facet normal -0 0 1
    outer loop
      vertex 14.2088 -27.5863 10
      vertex 14.4568 -29.4701 10
      vertex 14.4141 -27.5455 10
    endloop
  endfacet
  facet normal -0 0 1
    outer loop
      vertex 14 -27.6 10
      vertex 14.4568 -29.4701 10
      vertex 14.2088 -27.5863 10
    endloop
  endfacet
  facet normal 0 0 1
    outer loop
      vertex 14 -27.6 10
      vertex 14 -29.5 10
      vertex 14.4568 -29.4701 10
    endloop
  endfacet
  facet normal 0 0 1
    outer loop
      vertex 13.7912 -27.5863 10
      vertex 14 -29.5 10
      vertex 14 -27.6 10
    endloop
  endfacet
  facet normal 0 0 1
    outer loop
      vertex 13.5432 -29.4701 10
      vertex 13.7912 -27.5863 10
      vertex 13.5859 -27.5455 10
    endloop
  endfacet
  facet normal 0 0 1
    outer loop
      vertex 13.7912 -27.5863 10
      vertex 13.5432 -29.4701 10
      vertex 14 -29.5 10
    endloop
  endfacet
  facet normal 0 0 1
    outer loop
      vertex 13.0941 -29.3807 10
      vertex 13.5859 -27.5455 10
      vertex 13.3877 -27.4782 10
    endloop
  endfacet
  facet normal 0 0 1
    outer loop
      vertex 12.6606 -29.2336 10
      vertex 13.3877 -27.4782 10
      vertex 13.2 -27.3856 10
    endloop
  endfacet
  facet normal 0 0 1
    outer loop
      vertex 13.5859 -27.5455 10
      vertex 13.0941 -29.3807 10
      vertex 13.5432 -29.4701 10
    endloop
  endfacet
  facet normal 0 0 1
    outer loop
      vertex 12.25 -29.0311 10
      vertex 13.2 -27.3856 10
      vertex 13.026 -27.2694 10
    endloop
  endfacet
  facet normal 0 0 1
    outer loop
      vertex 11.8693 -28.7767 10
      vertex 13.026 -27.2694 10
      vertex 12.8686 -27.1314 10
    endloop
  endfacet
  facet normal 0 0 1
    outer loop
      vertex 11.5251 -28.4749 10
      vertex 12.8686 -27.1314 10
      vertex 12.7306 -26.974 10
    endloop
  endfacet
  facet normal 0 0 1
    outer loop
      vertex 13.3877 -27.4782 10
      vertex 12.6606 -29.2336 10
      vertex 13.0941 -29.3807 10
    endloop
  endfacet
  facet normal 0 0 1
    outer loop
      vertex 11.2233 -28.1307 10
      vertex 12.7306 -26.974 10
      vertex 12.6144 -26.8 10
    endloop
  endfacet
  facet normal 0 0 1
    outer loop
      vertex 10.9689 -27.75 10
      vertex 12.6144 -26.8 10
      vertex 12.5218 -26.6123 10
    endloop
  endfacet
  facet normal 0 0 1
    outer loop
      vertex 10.7664 -27.3394 10
      vertex 12.5218 -26.6123 10
      vertex 12.4545 -26.4141 10
    endloop
  endfacet
  facet normal 0 0 1
    outer loop
      vertex 10.6193 -26.9059 10
      vertex 12.4545 -26.4141 10
      vertex 12.4137 -26.2088 10
    endloop
  endfacet
  facet normal 0 0 1
    outer loop
      vertex 13.2 -27.3856 10
      vertex 12.25 -29.0311 10
      vertex 12.6606 -29.2336 10
    endloop
  endfacet
  facet normal 0 0 1
    outer loop
      vertex 10.5299 -26.4568 10
      vertex 12.4137 -26.2088 10
      vertex 12.4 -26 10
    endloop
  endfacet
  facet normal 0 0 1
    outer loop
      vertex 12.6144 -25.2 10
      vertex 10.9689 -24.25 10
      vertex 12.5218 -25.3877 10
    endloop
  endfacet
  facet normal -0 0 1
    outer loop
      vertex 10.7664 -24.6606 10
      vertex 12.5218 -25.3877 10
      vertex 10.9689 -24.25 10
    endloop
  endfacet
  facet normal 0 0 1
    outer loop
      vertex 13.026 -27.2694 10
      vertex 11.8693 -28.7767 10
      vertex 12.25 -29.0311 10
    endloop
  endfacet
  facet normal 0 0 1
    outer loop
      vertex 12.5218 -25.3877 10
      vertex 10.7664 -24.6606 10
      vertex 12.4545 -25.5859 10
    endloop
  endfacet
  facet normal 0 0 1
    outer loop
      vertex 12.8686 -27.1314 10
      vertex 11.5251 -28.4749 10
      vertex 11.8693 -28.7767 10
    endloop
  endfacet
  facet normal -0 0 1
    outer loop
      vertex 10.6193 -25.0941 10
      vertex 12.4545 -25.5859 10
      vertex 10.7664 -24.6606 10
    endloop
  endfacet
  facet normal 0 0 1
    outer loop
      vertex 12.7306 -26.974 10
      vertex 11.2233 -28.1307 10
      vertex 11.5251 -28.4749 10
    endloop
  endfacet
  facet normal 0 0 1
    outer loop
      vertex 12.4545 -25.5859 10
      vertex 10.6193 -25.0941 10
      vertex 12.4137 -25.7912 10
    endloop
  endfacet
  facet normal 0 0 1
    outer loop
      vertex 12.6144 -26.8 10
      vertex 10.9689 -27.75 10
      vertex 11.2233 -28.1307 10
    endloop
  endfacet
  facet normal -0 0 1
    outer loop
      vertex 10.5299 -25.5432 10
      vertex 12.4137 -25.7912 10
      vertex 10.6193 -25.0941 10
    endloop
  endfacet
  facet normal 0 0 1
    outer loop
      vertex 12.5218 -26.6123 10
      vertex 10.7664 -27.3394 10
      vertex 10.9689 -27.75 10
    endloop
  endfacet
  facet normal 0 0 1
    outer loop
      vertex 12.4137 -25.7912 10
      vertex 10.5299 -25.5432 10
      vertex 12.4 -26 10
    endloop
  endfacet
  facet normal 0 0 1
    outer loop
      vertex 12.4545 -26.4141 10
      vertex 10.6193 -26.9059 10
      vertex 10.7664 -27.3394 10
    endloop
  endfacet
  facet normal 0 0 1
    outer loop
      vertex 10.5 -26 10
      vertex 12.4 -26 10
      vertex 10.5299 -25.5432 10
    endloop
  endfacet
  facet normal 0 0 1
    outer loop
      vertex 12.4137 -26.2088 10
      vertex 10.5299 -26.4568 10
      vertex 10.6193 -26.9059 10
    endloop
  endfacet
  facet normal 0 0 1
    outer loop
      vertex 12.4 -26 10
      vertex 10.5 -26 10
      vertex 10.5299 -26.4568 10
    endloop
  endfacet
  facet normal -0.195234 -0.980757 0
    outer loop
      vertex 13.0941 -29.3807 6
      vertex 13.5432 -29.4701 10
      vertex 13.0941 -29.3807 10
    endloop
  endfacet
  facet normal -0.195234 -0.980757 -0
    outer loop
      vertex 13.5432 -29.4701 10
      vertex 13.0941 -29.3807 6
      vertex 13.5432 -29.4701 6
    endloop
  endfacet
  facet normal -0.831445 0.555607 -2.33254e-18
    outer loop
      vertex 10.9689 -24.25 6
      vertex 11.2233 -23.8693 10
      vertex 11.2233 -23.8693 6
    endloop
  endfacet
  facet normal -0.831445 0.555607 -2.33254e-18
    outer loop
      vertex 11.2233 -23.8693 10
      vertex 10.9689 -24.25 6
      vertex 10.9689 -24.25 10
    endloop
  endfacet
  facet normal -0.0653156 -0.997865 0
    outer loop
      vertex 13.5432 -29.4701 6
      vertex 14 -29.5 10
      vertex 13.5432 -29.4701 10
    endloop
  endfacet
  facet normal -0.0653156 -0.997865 -0
    outer loop
      vertex 14 -29.5 10
      vertex 13.5432 -29.4701 6
      vertex 14 -29.5 6
    endloop
  endfacet
  facet normal -0.194922 -0.980819 0
    outer loop
      vertex 14.2088 -24.4137 6
      vertex 14.4141 -24.4545 10
      vertex 14.2088 -24.4137 10
    endloop
  endfacet
  facet normal -0.194922 -0.980819 -0
    outer loop
      vertex 14.4141 -24.4545 10
      vertex 14.2088 -24.4137 6
      vertex 14.4141 -24.4545 6
    endloop
  endfacet
  facet normal -0.980819 -0.194922 7.7308e-19
    outer loop
      vertex 15.5863 -25.7912 6
      vertex 15.5455 -25.5859 10
      vertex 15.5455 -25.5859 6
    endloop
  endfacet
  facet normal -0.980819 -0.194922 7.7308e-19
    outer loop
      vertex 15.5455 -25.5859 10
      vertex 15.5863 -25.7912 6
      vertex 15.5863 -25.7912 10
    endloop
  endfacet
  facet normal -0.997854 -0.0654722 -1.64907e-19
    outer loop
      vertex 15.6 -26 6
      vertex 15.5863 -25.7912 10
      vertex 15.5863 -25.7912 6
    endloop
  endfacet
  facet normal -0.997854 -0.0654722 -1.64907e-19
    outer loop
      vertex 15.5863 -25.7912 10
      vertex 15.6 -26 6
      vertex 15.6 -26 10
    endloop
  endfacet
  facet normal -0.946901 -0.321526 -6.99594e-19
    outer loop
      vertex 15.5455 -25.5859 6
      vertex 15.4782 -25.3877 10
      vertex 15.4782 -25.3877 6
    endloop
  endfacet
  facet normal -0.946901 -0.321526 -6.99594e-19
    outer loop
      vertex 15.4782 -25.3877 10
      vertex 15.5455 -25.5859 6
      vertex 15.5455 -25.5859 10
    endloop
  endfacet
  facet normal -0.831609 -0.555362 4.90766e-19
    outer loop
      vertex 15.3856 -25.2 6
      vertex 15.2694 -25.026 10
      vertex 15.2694 -25.026 6
    endloop
  endfacet
  facet normal -0.831609 -0.555362 4.90766e-19
    outer loop
      vertex 15.2694 -25.026 10
      vertex 15.3856 -25.2 6
      vertex 15.3856 -25.2 10
    endloop
  endfacet
  facet normal -0.321526 -0.946901 0
    outer loop
      vertex 14.4141 -24.4545 6
      vertex 14.6123 -24.5218 10
      vertex 14.4141 -24.4545 10
    endloop
  endfacet
  facet normal -0.321526 -0.946901 -0
    outer loop
      vertex 14.6123 -24.5218 10
      vertex 14.4141 -24.4545 6
      vertex 14.6123 -24.5218 6
    endloop
  endfacet
  facet normal -0.997854 0.0654722 1.64907e-19
    outer loop
      vertex 15.5863 -26.2088 6
      vertex 15.6 -26 10
      vertex 15.6 -26 6
    endloop
  endfacet
  facet normal -0.997854 0.0654722 1.64907e-19
    outer loop
      vertex 15.6 -26 10
      vertex 15.5863 -26.2088 6
      vertex 15.5863 -26.2088 10
    endloop
  endfacet
  facet normal 0.555362 0.831609 -0
    outer loop
      vertex 13.2 -27.3856 6
      vertex 13.026 -27.2694 10
      vertex 13.2 -27.3856 10
    endloop
  endfacet
  facet normal 0.555362 0.831609 0
    outer loop
      vertex 13.026 -27.2694 10
      vertex 13.2 -27.3856 6
      vertex 13.026 -27.2694 6
    endloop
  endfacet
  facet normal 0.321526 0.946901 -0
    outer loop
      vertex 13.5859 -27.5455 6
      vertex 13.3877 -27.4782 10
      vertex 13.5859 -27.5455 10
    endloop
  endfacet
  facet normal 0.321526 0.946901 0
    outer loop
      vertex 13.3877 -27.4782 10
      vertex 13.5859 -27.5455 6
      vertex 13.3877 -27.4782 6
    endloop
  endfacet
  facet normal -0.896803 -0.442429 -8.72344e-19
    outer loop
      vertex 15.4782 -25.3877 6
      vertex 15.3856 -25.2 10
      vertex 15.3856 -25.2 6
    endloop
  endfacet
  facet normal -0.896803 -0.442429 -8.72344e-19
    outer loop
      vertex 15.3856 -25.2 10
      vertex 15.4782 -25.3877 6
      vertex 15.4782 -25.3877 10
    endloop
  endfacet
  facet normal 0.321526 -0.946901 0
    outer loop
      vertex 13.3877 -24.5218 6
      vertex 13.5859 -24.4545 10
      vertex 13.3877 -24.5218 10
    endloop
  endfacet
  facet normal 0.321526 -0.946901 0
    outer loop
      vertex 13.5859 -24.4545 10
      vertex 13.3877 -24.5218 6
      vertex 13.5859 -24.4545 6
    endloop
  endfacet
  facet normal -0.751925 -0.659248 1.36311e-18
    outer loop
      vertex 15.2694 -25.026 6
      vertex 15.1314 -24.8686 10
      vertex 15.1314 -24.8686 6
    endloop
  endfacet
  facet normal -0.751925 -0.659248 1.36311e-18
    outer loop
      vertex 15.1314 -24.8686 10
      vertex 15.2694 -25.026 6
      vertex 15.2694 -25.026 10
    endloop
  endfacet
  facet normal -0.946901 0.321526 6.99594e-19
    outer loop
      vertex 15.4782 -26.6123 6
      vertex 15.5455 -26.4141 10
      vertex 15.5455 -26.4141 6
    endloop
  endfacet
  facet normal -0.946901 0.321526 6.99594e-19
    outer loop
      vertex 15.5455 -26.4141 10
      vertex 15.4782 -26.6123 6
      vertex 15.4782 -26.6123 10
    endloop
  endfacet
  facet normal 0.751925 0.659248 1.36311e-18
    outer loop
      vertex 12.8686 -27.1314 10
      vertex 12.7306 -26.974 6
      vertex 12.7306 -26.974 10
    endloop
  endfacet
  facet normal 0.751925 0.659248 1.36311e-18
    outer loop
      vertex 12.7306 -26.974 6
      vertex 12.8686 -27.1314 10
      vertex 12.8686 -27.1314 6
    endloop
  endfacet
  facet normal -0.980819 0.194922 -7.7308e-19
    outer loop
      vertex 15.5455 -26.4141 6
      vertex 15.5863 -26.2088 10
      vertex 15.5863 -26.2088 6
    endloop
  endfacet
  facet normal -0.980819 0.194922 -7.7308e-19
    outer loop
      vertex 15.5863 -26.2088 10
      vertex 15.5455 -26.4141 6
      vertex 15.5455 -26.4141 10
    endloop
  endfacet
  facet normal 0.659248 -0.751925 0
    outer loop
      vertex 12.8686 -24.8686 6
      vertex 13.026 -24.7306 10
      vertex 12.8686 -24.8686 10
    endloop
  endfacet
  facet normal 0.659248 -0.751925 0
    outer loop
      vertex 13.026 -24.7306 10
      vertex 12.8686 -24.8686 6
      vertex 13.026 -24.7306 6
    endloop
  endfacet
  facet normal 0.946901 0.321526 -6.99594e-19
    outer loop
      vertex 12.5218 -26.6123 10
      vertex 12.4545 -26.4141 6
      vertex 12.4545 -26.4141 10
    endloop
  endfacet
  facet normal 0.946901 0.321526 -6.99594e-19
    outer loop
      vertex 12.4545 -26.4141 6
      vertex 12.5218 -26.6123 10
      vertex 12.5218 -26.6123 6
    endloop
  endfacet
  facet normal -0.831609 0.555362 -4.90766e-19
    outer loop
      vertex 15.2694 -26.974 6
      vertex 15.3856 -26.8 10
      vertex 15.3856 -26.8 6
    endloop
  endfacet
  facet normal -0.831609 0.555362 -4.90766e-19
    outer loop
      vertex 15.3856 -26.8 10
      vertex 15.2694 -26.974 6
      vertex 15.2694 -26.974 10
    endloop
  endfacet
  facet normal -0.442429 -0.896803 0
    outer loop
      vertex 14.6123 -24.5218 6
      vertex 14.8 -24.6144 10
      vertex 14.6123 -24.5218 10
    endloop
  endfacet
  facet normal -0.442429 -0.896803 -0
    outer loop
      vertex 14.8 -24.6144 10
      vertex 14.6123 -24.5218 6
      vertex 14.8 -24.6144 6
    endloop
  endfacet
  facet normal 0.442429 -0.896803 0
    outer loop
      vertex 13.2 -24.6144 6
      vertex 13.3877 -24.5218 10
      vertex 13.2 -24.6144 10
    endloop
  endfacet
  facet normal 0.442429 -0.896803 0
    outer loop
      vertex 13.3877 -24.5218 10
      vertex 13.2 -24.6144 6
      vertex 13.3877 -24.5218 6
    endloop
  endfacet
  facet normal -0.442429 0.896803 0
    outer loop
      vertex 14.8 -27.3856 6
      vertex 14.6123 -27.4782 10
      vertex 14.8 -27.3856 10
    endloop
  endfacet
  facet normal -0.442429 0.896803 0
    outer loop
      vertex 14.6123 -27.4782 10
      vertex 14.8 -27.3856 6
      vertex 14.6123 -27.4782 6
    endloop
  endfacet
  facet normal -0.321526 0.946901 0
    outer loop
      vertex 14.6123 -27.4782 6
      vertex 14.4141 -27.5455 10
      vertex 14.6123 -27.4782 10
    endloop
  endfacet
  facet normal -0.321526 0.946901 0
    outer loop
      vertex 14.4141 -27.5455 10
      vertex 14.6123 -27.4782 6
      vertex 14.4141 -27.5455 6
    endloop
  endfacet
  facet normal 0.896803 0.442429 -8.72344e-19
    outer loop
      vertex 12.6144 -26.8 10
      vertex 12.5218 -26.6123 6
      vertex 12.5218 -26.6123 10
    endloop
  endfacet
  facet normal 0.896803 0.442429 -8.72344e-19
    outer loop
      vertex 12.5218 -26.6123 6
      vertex 12.6144 -26.8 10
      vertex 12.6144 -26.8 6
    endloop
  endfacet
  facet normal 0.980819 0.194922 7.7308e-19
    outer loop
      vertex 12.4545 -26.4141 10
      vertex 12.4137 -26.2088 6
      vertex 12.4137 -26.2088 10
    endloop
  endfacet
  facet normal 0.980819 0.194922 7.7308e-19
    outer loop
      vertex 12.4137 -26.2088 6
      vertex 12.4545 -26.4141 10
      vertex 12.4545 -26.4141 6
    endloop
  endfacet
  facet normal 0.555362 -0.831609 0
    outer loop
      vertex 13.026 -24.7306 6
      vertex 13.2 -24.6144 10
      vertex 13.026 -24.7306 10
    endloop
  endfacet
  facet normal 0.555362 -0.831609 0
    outer loop
      vertex 13.2 -24.6144 10
      vertex 13.026 -24.7306 6
      vertex 13.2 -24.6144 6
    endloop
  endfacet
  facet normal -0.555362 0.831609 0
    outer loop
      vertex 14.974 -27.2694 6
      vertex 14.8 -27.3856 10
      vertex 14.974 -27.2694 10
    endloop
  endfacet
  facet normal -0.555362 0.831609 0
    outer loop
      vertex 14.8 -27.3856 10
      vertex 14.974 -27.2694 6
      vertex 14.8 -27.3856 6
    endloop
  endfacet
  facet normal -0.194922 0.980819 0
    outer loop
      vertex 14.4141 -27.5455 6
      vertex 14.2088 -27.5863 10
      vertex 14.4141 -27.5455 10
    endloop
  endfacet
  facet normal -0.194922 0.980819 0
    outer loop
      vertex 14.2088 -27.5863 10
      vertex 14.4141 -27.5455 6
      vertex 14.2088 -27.5863 6
    endloop
  endfacet
  facet normal -0.659248 -0.751925 0
    outer loop
      vertex 14.974 -24.7306 6
      vertex 15.1314 -24.8686 10
      vertex 14.974 -24.7306 10
    endloop
  endfacet
  facet normal -0.659248 -0.751925 -0
    outer loop
      vertex 15.1314 -24.8686 10
      vertex 14.974 -24.7306 6
      vertex 15.1314 -24.8686 6
    endloop
  endfacet
  facet normal 0.946901 -0.321526 6.99594e-19
    outer loop
      vertex 12.4545 -25.5859 10
      vertex 12.5218 -25.3877 6
      vertex 12.5218 -25.3877 10
    endloop
  endfacet
  facet normal 0.946901 -0.321526 6.99594e-19
    outer loop
      vertex 12.5218 -25.3877 6
      vertex 12.4545 -25.5859 10
      vertex 12.4545 -25.5859 6
    endloop
  endfacet
  facet normal 0.0654722 -0.997854 0
    outer loop
      vertex 13.7912 -24.4137 6
      vertex 14 -24.4 10
      vertex 13.7912 -24.4137 10
    endloop
  endfacet
  facet normal 0.0654722 -0.997854 0
    outer loop
      vertex 14 -24.4 10
      vertex 13.7912 -24.4137 6
      vertex 14 -24.4 6
    endloop
  endfacet
  facet normal -0.0654722 0.997854 0
    outer loop
      vertex 14.2088 -27.5863 6
      vertex 14 -27.6 10
      vertex 14.2088 -27.5863 10
    endloop
  endfacet
  facet normal -0.0654722 0.997854 0
    outer loop
      vertex 14 -27.6 10
      vertex 14.2088 -27.5863 6
      vertex 14 -27.6 6
    endloop
  endfacet
  facet normal 0.194922 -0.980819 0
    outer loop
      vertex 13.5859 -24.4545 6
      vertex 13.7912 -24.4137 10
      vertex 13.5859 -24.4545 10
    endloop
  endfacet
  facet normal 0.194922 -0.980819 0
    outer loop
      vertex 13.7912 -24.4137 10
      vertex 13.5859 -24.4545 6
      vertex 13.7912 -24.4137 6
    endloop
  endfacet
  facet normal 0.659248 0.751925 -0
    outer loop
      vertex 13.026 -27.2694 6
      vertex 12.8686 -27.1314 10
      vertex 13.026 -27.2694 10
    endloop
  endfacet
  facet normal 0.659248 0.751925 0
    outer loop
      vertex 12.8686 -27.1314 10
      vertex 13.026 -27.2694 6
      vertex 12.8686 -27.1314 6
    endloop
  endfacet
  facet normal 0.896803 -0.442429 8.72344e-19
    outer loop
      vertex 12.5218 -25.3877 10
      vertex 12.6144 -25.2 6
      vertex 12.6144 -25.2 10
    endloop
  endfacet
  facet normal 0.896803 -0.442429 8.72344e-19
    outer loop
      vertex 12.6144 -25.2 6
      vertex 12.5218 -25.3877 10
      vertex 12.5218 -25.3877 6
    endloop
  endfacet
  facet normal -0.896803 0.442429 8.72344e-19
    outer loop
      vertex 15.3856 -26.8 6
      vertex 15.4782 -26.6123 10
      vertex 15.4782 -26.6123 6
    endloop
  endfacet
  facet normal -0.896803 0.442429 8.72344e-19
    outer loop
      vertex 15.4782 -26.6123 10
      vertex 15.3856 -26.8 6
      vertex 15.3856 -26.8 10
    endloop
  endfacet
  facet normal -0.751925 0.659248 -1.36311e-18
    outer loop
      vertex 15.1314 -27.1314 6
      vertex 15.2694 -26.974 10
      vertex 15.2694 -26.974 6
    endloop
  endfacet
  facet normal -0.751925 0.659248 -1.36311e-18
    outer loop
      vertex 15.2694 -26.974 10
      vertex 15.1314 -27.1314 6
      vertex 15.1314 -27.1314 10
    endloop
  endfacet
  facet normal 0.0654722 0.997854 -0
    outer loop
      vertex 14 -27.6 6
      vertex 13.7912 -27.5863 10
      vertex 14 -27.6 10
    endloop
  endfacet
  facet normal 0.0654722 0.997854 0
    outer loop
      vertex 13.7912 -27.5863 10
      vertex 14 -27.6 6
      vertex 13.7912 -27.5863 6
    endloop
  endfacet
  facet normal -0.0654722 -0.997854 0
    outer loop
      vertex 14 -24.4 6
      vertex 14.2088 -24.4137 10
      vertex 14 -24.4 10
    endloop
  endfacet
  facet normal -0.0654722 -0.997854 -0
    outer loop
      vertex 14.2088 -24.4137 10
      vertex 14 -24.4 6
      vertex 14.2088 -24.4137 6
    endloop
  endfacet
  facet normal -0.555362 -0.831609 0
    outer loop
      vertex 14.8 -24.6144 6
      vertex 14.974 -24.7306 10
      vertex 14.8 -24.6144 10
    endloop
  endfacet
  facet normal -0.555362 -0.831609 -0
    outer loop
      vertex 14.974 -24.7306 10
      vertex 14.8 -24.6144 6
      vertex 14.974 -24.7306 6
    endloop
  endfacet
  facet normal 0.997854 0.0654722 -1.64907e-19
    outer loop
      vertex 12.4137 -26.2088 10
      vertex 12.4 -26 6
      vertex 12.4 -26 10
    endloop
  endfacet
  facet normal 0.997854 0.0654722 -1.64907e-19
    outer loop
      vertex 12.4 -26 6
      vertex 12.4137 -26.2088 10
      vertex 12.4137 -26.2088 6
    endloop
  endfacet
  facet normal 0.751925 -0.659248 -1.36311e-18
    outer loop
      vertex 12.7306 -25.026 10
      vertex 12.8686 -24.8686 6
      vertex 12.8686 -24.8686 10
    endloop
  endfacet
  facet normal 0.751925 -0.659248 -1.36311e-18
    outer loop
      vertex 12.8686 -24.8686 6
      vertex 12.7306 -25.026 10
      vertex 12.7306 -25.026 6
    endloop
  endfacet
  facet normal 0.194922 0.980819 -0
    outer loop
      vertex 13.7912 -27.5863 6
      vertex 13.5859 -27.5455 10
      vertex 13.7912 -27.5863 10
    endloop
  endfacet
  facet normal 0.194922 0.980819 0
    outer loop
      vertex 13.5859 -27.5455 10
      vertex 13.7912 -27.5863 6
      vertex 13.5859 -27.5455 6
    endloop
  endfacet
  facet normal 0.980819 -0.194922 -7.7308e-19
    outer loop
      vertex 12.4137 -25.7912 10
      vertex 12.4545 -25.5859 6
      vertex 12.4545 -25.5859 10
    endloop
  endfacet
  facet normal 0.980819 -0.194922 -7.7308e-19
    outer loop
      vertex 12.4545 -25.5859 6
      vertex 12.4137 -25.7912 10
      vertex 12.4137 -25.7912 6
    endloop
  endfacet
  facet normal 0.997854 -0.0654722 1.64907e-19
    outer loop
      vertex 12.4 -26 10
      vertex 12.4137 -25.7912 6
      vertex 12.4137 -25.7912 10
    endloop
  endfacet
  facet normal 0.997854 -0.0654722 1.64907e-19
    outer loop
      vertex 12.4137 -25.7912 6
      vertex 12.4 -26 10
      vertex 12.4 -26 6
    endloop
  endfacet
  facet normal 0.442429 0.896803 -0
    outer loop
      vertex 13.3877 -27.4782 6
      vertex 13.2 -27.3856 10
      vertex 13.3877 -27.4782 10
    endloop
  endfacet
  facet normal 0.442429 0.896803 0
    outer loop
      vertex 13.2 -27.3856 10
      vertex 13.3877 -27.4782 6
      vertex 13.2 -27.3856 6
    endloop
  endfacet
  facet normal -0.659248 0.751925 0
    outer loop
      vertex 15.1314 -27.1314 6
      vertex 14.974 -27.2694 10
      vertex 15.1314 -27.1314 10
    endloop
  endfacet
  facet normal -0.659248 0.751925 0
    outer loop
      vertex 14.974 -27.2694 10
      vertex 15.1314 -27.1314 6
      vertex 14.974 -27.2694 6
    endloop
  endfacet
  facet normal 0.831609 -0.555362 -4.90766e-19
    outer loop
      vertex 12.6144 -25.2 10
      vertex 12.7306 -25.026 6
      vertex 12.7306 -25.026 10
    endloop
  endfacet
  facet normal 0.831609 -0.555362 -4.90766e-19
    outer loop
      vertex 12.7306 -25.026 6
      vertex 12.6144 -25.2 10
      vertex 12.6144 -25.2 6
    endloop
  endfacet
  facet normal 0.831609 0.555362 4.90766e-19
    outer loop
      vertex 12.7306 -26.974 10
      vertex 12.6144 -26.8 6
      vertex 12.6144 -26.8 10
    endloop
  endfacet
  facet normal 0.831609 0.555362 4.90766e-19
    outer loop
      vertex 12.6144 -26.8 6
      vertex 12.7306 -26.974 10
      vertex 12.7306 -26.974 6
    endloop
  endfacet
  facet normal 0.980757 0.195234 1.09975e-18
    outer loop
      vertex -42.5299 26.4568 10
      vertex -42.6193 26.9059 6
      vertex -42.6193 26.9059 10
    endloop
  endfacet
  facet normal 0.980757 0.195234 1.09975e-18
    outer loop
      vertex -42.6193 26.9059 6
      vertex -42.5299 26.4568 10
      vertex -42.5299 26.4568 6
    endloop
  endfacet
  facet normal 0.997865 0.0653156 -7.40646e-20
    outer loop
      vertex -42.5 26 10
      vertex -42.5299 26.4568 6
      vertex -42.5299 26.4568 10
    endloop
  endfacet
  facet normal 0.997865 0.0653156 -7.40646e-20
    outer loop
      vertex -42.5299 26.4568 6
      vertex -42.5 26 10
      vertex -42.5 26 6
    endloop
  endfacet
  facet normal 0.321335 -0.946966 0
    outer loop
      vertex -45.0941 22.6193 6
      vertex -44.6606 22.7664 10
      vertex -45.0941 22.6193 10
    endloop
  endfacet
  facet normal 0.321335 -0.946966 0
    outer loop
      vertex -44.6606 22.7664 10
      vertex -45.0941 22.6193 6
      vertex -44.6606 22.7664 6
    endloop
  endfacet
  facet normal 0.831445 0.555607 -1.14693e-18
    outer loop
      vertex -42.9689 27.75 10
      vertex -43.2233 28.1307 6
      vertex -43.2233 28.1307 10
    endloop
  endfacet
  facet normal 0.831445 0.555607 -1.14693e-18
    outer loop
      vertex -43.2233 28.1307 6
      vertex -42.9689 27.75 10
      vertex -42.9689 27.75 6
    endloop
  endfacet
  facet normal -0.89686 0.442314 -2.89354e-18
    outer loop
      vertex -49.2336 27.3394 6
      vertex -49.0311 27.75 10
      vertex -49.0311 27.75 6
    endloop
  endfacet
  facet normal -0.89686 0.442314 -2.89354e-18
    outer loop
      vertex -49.0311 27.75 10
      vertex -49.2336 27.3394 6
      vertex -49.2336 27.3394 10
    endloop
  endfacet
  facet normal -0.555615 0.831439 0
    outer loop
      vertex -47.7744 29.0148 6
      vertex -48.1307 28.7767 10
      vertex -47.7744 29.0148 10
    endloop
  endfacet
  facet normal -0.555615 0.831439 0
    outer loop
      vertex -48.1307 28.7767 10
      vertex -47.7744 29.0148 6
      vertex -48.1307 28.7767 6
    endloop
  endfacet
  facet normal -0.659278 0.7519 0
    outer loop
      vertex -48.1307 28.7767 6
      vertex -48.4749 28.4749 10
      vertex -48.1307 28.7767 10
    endloop
  endfacet
  facet normal -0.659278 0.7519 0
    outer loop
      vertex -48.4749 28.4749 10
      vertex -48.1307 28.7767 6
      vertex -48.4749 28.4749 6
    endloop
  endfacet
  facet normal -0.7519 0.659278 -1.37776e-18
    outer loop
      vertex -48.7767 28.1307 6
      vertex -48.4749 28.4749 10
      vertex -48.4749 28.4749 6
    endloop
  endfacet
  facet normal -0.7519 0.659278 -1.37776e-18
    outer loop
      vertex -48.4749 28.4749 10
      vertex -48.7767 28.1307 6
      vertex -48.7767 28.1307 10
    endloop
  endfacet
  facet normal 0.946966 -0.321335 1.77605e-18
    outer loop
      vertex -42.7664 24.6606 10
      vertex -42.6193 25.0941 6
      vertex -42.6193 25.0941 10
    endloop
  endfacet
  facet normal 0.946966 -0.321335 1.77605e-18
    outer loop
      vertex -42.6193 25.0941 6
      vertex -42.7664 24.6606 10
      vertex -42.7664 24.6606 6
    endloop
  endfacet
  facet normal -0.997865 0.0653156 7.40646e-20
    outer loop
      vertex -49.5 26 6
      vertex -49.4701 26.4568 10
      vertex -49.4701 26.4568 6
    endloop
  endfacet
  facet normal -0.997865 0.0653156 7.40646e-20
    outer loop
      vertex -49.4701 26.4568 10
      vertex -49.5 26 6
      vertex -49.5 26 10
    endloop
  endfacet
  facet normal 0.555607 0.831445 -0
    outer loop
      vertex -43.8693 28.7767 6
      vertex -44.25 29.0311 10
      vertex -43.8693 28.7767 10
    endloop
  endfacet
  facet normal 0.555607 0.831445 0
    outer loop
      vertex -44.25 29.0311 10
      vertex -43.8693 28.7767 6
      vertex -44.25 29.0311 6
    endloop
  endfacet
  facet normal -0.321335 -0.946966 0
    outer loop
      vertex -47.3394 22.7664 6
      vertex -46.9059 22.6193 10
      vertex -47.3394 22.7664 10
    endloop
  endfacet
  facet normal -0.321335 -0.946966 -0
    outer loop
      vertex -46.9059 22.6193 10
      vertex -47.3394 22.7664 6
      vertex -46.9059 22.6193 6
    endloop
  endfacet
  facet normal 0.195234 -0.980757 0
    outer loop
      vertex -45.5432 22.5299 6
      vertex -45.0941 22.6193 10
      vertex -45.5432 22.5299 10
    endloop
  endfacet
  facet normal 0.195234 -0.980757 0
    outer loop
      vertex -45.0941 22.6193 10
      vertex -45.5432 22.5299 6
      vertex -45.0941 22.6193 6
    endloop
  endfacet
  facet normal -0.831445 -0.555607 -1.14693e-18
    outer loop
      vertex -48.7767 23.8693 6
      vertex -49.0311 24.25 10
      vertex -49.0311 24.25 6
    endloop
  endfacet
  facet normal -0.831445 -0.555607 -1.14693e-18
    outer loop
      vertex -49.0311 24.25 10
      vertex -48.7767 23.8693 6
      vertex -48.7767 23.8693 10
    endloop
  endfacet
  facet normal 0.555607 -0.831445 0
    outer loop
      vertex -44.25 22.9689 6
      vertex -43.8693 23.2233 10
      vertex -44.25 22.9689 10
    endloop
  endfacet
  facet normal 0.555607 -0.831445 0
    outer loop
      vertex -43.8693 23.2233 10
      vertex -44.25 22.9689 6
      vertex -43.8693 23.2233 6
    endloop
  endfacet
  facet normal -0.946966 0.321335 1.77605e-18
    outer loop
      vertex -49.3807 26.9059 6
      vertex -49.2336 27.3394 10
      vertex -49.2336 27.3394 6
    endloop
  endfacet
  facet normal -0.946966 0.321335 1.77605e-18
    outer loop
      vertex -49.2336 27.3394 10
      vertex -49.3807 26.9059 6
      vertex -49.3807 26.9059 10
    endloop
  endfacet
  facet normal 0.321335 0.946966 -0
    outer loop
      vertex -44.6606 29.2336 6
      vertex -45.0941 29.3807 10
      vertex -44.6606 29.2336 10
    endloop
  endfacet
  facet normal 0.321335 0.946966 0
    outer loop
      vertex -45.0941 29.3807 10
      vertex -44.6606 29.2336 6
      vertex -45.0941 29.3807 6
    endloop
  endfacet
  facet normal 0.0652752 0.997867 -0
    outer loop
      vertex -45.5432 29.4701 6
      vertex -45.8627 29.491 10
      vertex -45.5432 29.4701 10
    endloop
  endfacet
  facet normal 0.0652752 0.997867 0
    outer loop
      vertex -45.8627 29.491 10
      vertex -45.5432 29.4701 6
      vertex -45.8627 29.491 6
    endloop
  endfacet
  facet normal 0.831445 -0.555607 1.14693e-18
    outer loop
      vertex -43.2233 23.8693 10
      vertex -42.9689 24.25 6
      vertex -42.9689 24.25 10
    endloop
  endfacet
  facet normal 0.831445 -0.555607 1.14693e-18
    outer loop
      vertex -42.9689 24.25 6
      vertex -43.2233 23.8693 10
      vertex -43.2233 23.8693 6
    endloop
  endfacet
  facet normal -0.997865 -0.0653156 -7.40646e-20
    outer loop
      vertex -49.4701 25.5432 6
      vertex -49.5 26 10
      vertex -49.5 26 6
    endloop
  endfacet
  facet normal -0.997865 -0.0653156 -7.40646e-20
    outer loop
      vertex -49.5 26 10
      vertex -49.4701 25.5432 6
      vertex -49.4701 25.5432 10
    endloop
  endfacet
  facet normal -0.946966 -0.321335 -1.77605e-18
    outer loop
      vertex -49.2336 24.6606 6
      vertex -49.3807 25.0941 10
      vertex -49.3807 25.0941 6
    endloop
  endfacet
  facet normal -0.946966 -0.321335 -1.77605e-18
    outer loop
      vertex -49.3807 25.0941 10
      vertex -49.2336 24.6606 6
      vertex -49.2336 24.6606 10
    endloop
  endfacet
  facet normal -0.659278 -0.7519 0
    outer loop
      vertex -48.4749 23.5251 6
      vertex -48.1307 23.2233 10
      vertex -48.4749 23.5251 10
    endloop
  endfacet
  facet normal -0.659278 -0.7519 -0
    outer loop
      vertex -48.1307 23.2233 10
      vertex -48.4749 23.5251 6
      vertex -48.1307 23.2233 6
    endloop
  endfacet
  facet normal 0.442314 0.89686 -0
    outer loop
      vertex -44.25 29.0311 6
      vertex -44.6606 29.2336 10
      vertex -44.25 29.0311 10
    endloop
  endfacet
  facet normal 0.442314 0.89686 0
    outer loop
      vertex -44.6606 29.2336 10
      vertex -44.25 29.0311 6
      vertex -44.6606 29.2336 6
    endloop
  endfacet
  facet normal 0.7519 0.659278 1.37776e-18
    outer loop
      vertex -43.2233 28.1307 10
      vertex -43.5251 28.4749 6
      vertex -43.5251 28.4749 10
    endloop
  endfacet
  facet normal 0.7519 0.659278 1.37776e-18
    outer loop
      vertex -43.5251 28.4749 6
      vertex -43.2233 28.1307 10
      vertex -43.2233 28.1307 6
    endloop
  endfacet
  facet normal 0.195234 0.980757 -0
    outer loop
      vertex -45.0941 29.3807 6
      vertex -45.5432 29.4701 10
      vertex -45.0941 29.3807 10
    endloop
  endfacet
  facet normal 0.195234 0.980757 0
    outer loop
      vertex -45.5432 29.4701 10
      vertex -45.0941 29.3807 6
      vertex -45.5432 29.4701 6
    endloop
  endfacet
  facet normal 0.7519 -0.659278 -1.37776e-18
    outer loop
      vertex -43.5251 23.5251 10
      vertex -43.2233 23.8693 6
      vertex -43.2233 23.8693 10
    endloop
  endfacet
  facet normal 0.7519 -0.659278 -1.37776e-18
    outer loop
      vertex -43.2233 23.8693 6
      vertex -43.5251 23.5251 10
      vertex -43.5251 23.5251 6
    endloop
  endfacet
  facet normal -0.442314 -0.89686 0
    outer loop
      vertex -47.75 22.9689 6
      vertex -47.3394 22.7664 10
      vertex -47.75 22.9689 10
    endloop
  endfacet
  facet normal -0.442314 -0.89686 -0
    outer loop
      vertex -47.3394 22.7664 10
      vertex -47.75 22.9689 6
      vertex -47.3394 22.7664 6
    endloop
  endfacet
  facet normal -0.980757 0.195234 -1.09975e-18
    outer loop
      vertex -49.4701 26.4568 6
      vertex -49.3807 26.9059 10
      vertex -49.3807 26.9059 6
    endloop
  endfacet
  facet normal -0.980757 0.195234 -1.09975e-18
    outer loop
      vertex -49.3807 26.9059 10
      vertex -49.4701 26.4568 6
      vertex -49.4701 26.4568 10
    endloop
  endfacet
  facet normal 0.0653156 -0.997865 0
    outer loop
      vertex -46 22.5 6
      vertex -45.5432 22.5299 10
      vertex -46 22.5 10
    endloop
  endfacet
  facet normal 0.0653156 -0.997865 0
    outer loop
      vertex -45.5432 22.5299 10
      vertex -46 22.5 6
      vertex -45.5432 22.5299 6
    endloop
  endfacet
  facet normal 0.442314 -0.89686 0
    outer loop
      vertex -44.6606 22.7664 6
      vertex -44.25 22.9689 10
      vertex -44.6606 22.7664 10
    endloop
  endfacet
  facet normal 0.442314 -0.89686 0
    outer loop
      vertex -44.25 22.9689 10
      vertex -44.6606 22.7664 6
      vertex -44.25 22.9689 6
    endloop
  endfacet
  facet normal 0.659278 -0.7519 0
    outer loop
      vertex -43.8693 23.2233 6
      vertex -43.5251 23.5251 10
      vertex -43.8693 23.2233 10
    endloop
  endfacet
  facet normal 0.659278 -0.7519 0
    outer loop
      vertex -43.5251 23.5251 10
      vertex -43.8693 23.2233 6
      vertex -43.5251 23.5251 6
    endloop
  endfacet
  facet normal -0.89686 -0.442314 2.89354e-18
    outer loop
      vertex -49.0311 24.25 6
      vertex -49.2336 24.6606 10
      vertex -49.2336 24.6606 6
    endloop
  endfacet
  facet normal -0.89686 -0.442314 2.89354e-18
    outer loop
      vertex -49.2336 24.6606 10
      vertex -49.0311 24.25 6
      vertex -49.0311 24.25 10
    endloop
  endfacet
  facet normal 0.89686 -0.442314 -2.89354e-18
    outer loop
      vertex -42.9689 24.25 10
      vertex -42.7664 24.6606 6
      vertex -42.7664 24.6606 10
    endloop
  endfacet
  facet normal 0.89686 -0.442314 -2.89354e-18
    outer loop
      vertex -42.7664 24.6606 6
      vertex -42.9689 24.25 10
      vertex -42.9689 24.25 6
    endloop
  endfacet
  facet normal 0.659278 0.7519 -0
    outer loop
      vertex -43.5251 28.4749 6
      vertex -43.8693 28.7767 10
      vertex -43.5251 28.4749 10
    endloop
  endfacet
  facet normal 0.659278 0.7519 0
    outer loop
      vertex -43.8693 28.7767 10
      vertex -43.5251 28.4749 6
      vertex -43.8693 28.7767 6
    endloop
  endfacet
  facet normal 0.997865 -0.0653156 7.40646e-20
    outer loop
      vertex -42.5299 25.5432 10
      vertex -42.5 26 6
      vertex -42.5 26 10
    endloop
  endfacet
  facet normal 0.997865 -0.0653156 7.40646e-20
    outer loop
      vertex -42.5 26 6
      vertex -42.5299 25.5432 10
      vertex -42.5299 25.5432 6
    endloop
  endfacet
  facet normal -0.555607 -0.831445 0
    outer loop
      vertex -48.1307 23.2233 6
      vertex -47.75 22.9689 10
      vertex -48.1307 23.2233 10
    endloop
  endfacet
  facet normal -0.555607 -0.831445 -0
    outer loop
      vertex -47.75 22.9689 10
      vertex -48.1307 23.2233 6
      vertex -47.75 22.9689 6
    endloop
  endfacet
  facet normal 0.89686 0.442314 2.89354e-18
    outer loop
      vertex -42.7664 27.3394 10
      vertex -42.9689 27.75 6
      vertex -42.9689 27.75 10
    endloop
  endfacet
  facet normal 0.89686 0.442314 2.89354e-18
    outer loop
      vertex -42.9689 27.75 6
      vertex -42.7664 27.3394 10
      vertex -42.7664 27.3394 6
    endloop
  endfacet
  facet normal 0.980757 -0.195234 -1.09975e-18
    outer loop
      vertex -42.6193 25.0941 10
      vertex -42.5299 25.5432 6
      vertex -42.5299 25.5432 10
    endloop
  endfacet
  facet normal 0.980757 -0.195234 -1.09975e-18
    outer loop
      vertex -42.5299 25.5432 6
      vertex -42.6193 25.0941 10
      vertex -42.6193 25.0941 6
    endloop
  endfacet
  facet normal 0.946966 0.321335 -1.77605e-18
    outer loop
      vertex -42.6193 26.9059 10
      vertex -42.7664 27.3394 6
      vertex -42.7664 27.3394 10
    endloop
  endfacet
  facet normal 0.946966 0.321335 -1.77605e-18
    outer loop
      vertex -42.7664 27.3394 6
      vertex -42.6193 26.9059 10
      vertex -42.6193 26.9059 6
    endloop
  endfacet
  facet normal -0.980757 -0.195234 1.09975e-18
    outer loop
      vertex -49.3807 25.0941 6
      vertex -49.4701 25.5432 10
      vertex -49.4701 25.5432 6
    endloop
  endfacet
  facet normal -0.980757 -0.195234 1.09975e-18
    outer loop
      vertex -49.4701 25.5432 10
      vertex -49.3807 25.0941 6
      vertex -49.3807 25.0941 10
    endloop
  endfacet
  facet normal -0.7519 -0.659278 1.37776e-18
    outer loop
      vertex -48.4749 23.5251 6
      vertex -48.7767 23.8693 10
      vertex -48.7767 23.8693 6
    endloop
  endfacet
  facet normal -0.7519 -0.659278 1.37776e-18
    outer loop
      vertex -48.7767 23.8693 10
      vertex -48.4749 23.5251 6
      vertex -48.4749 23.5251 10
    endloop
  endfacet
  facet normal 0 0 1
    outer loop
      vertex -44.4 26 10
      vertex -42.5 26 10
      vertex -42.5299 26.4568 10
    endloop
  endfacet
  facet normal 0 0 1
    outer loop
      vertex -44.4137 26.2088 10
      vertex -42.5299 26.4568 10
      vertex -42.6193 26.9059 10
    endloop
  endfacet
  facet normal 0 0 1
    outer loop
      vertex -42.5 26 10
      vertex -44.4 26 10
      vertex -42.5299 25.5432 10
    endloop
  endfacet
  facet normal 0 0 1
    outer loop
      vertex -44.4545 26.4141 10
      vertex -42.6193 26.9059 10
      vertex -42.7664 27.3394 10
    endloop
  endfacet
  facet normal -0 0 1
    outer loop
      vertex -44.4137 25.7912 10
      vertex -42.5299 25.5432 10
      vertex -44.4 26 10
    endloop
  endfacet
  facet normal 0 0 1
    outer loop
      vertex -44.5218 26.6123 10
      vertex -42.7664 27.3394 10
      vertex -42.9689 27.75 10
    endloop
  endfacet
  facet normal 0 0 1
    outer loop
      vertex -42.5299 25.5432 10
      vertex -44.4137 25.7912 10
      vertex -42.6193 25.0941 10
    endloop
  endfacet
  facet normal 0 0 1
    outer loop
      vertex -44.6144 26.8 10
      vertex -42.9689 27.75 10
      vertex -43.2233 28.1307 10
    endloop
  endfacet
  facet normal -0 0 1
    outer loop
      vertex -44.4545 25.5859 10
      vertex -42.6193 25.0941 10
      vertex -44.4137 25.7912 10
    endloop
  endfacet
  facet normal 0 0 1
    outer loop
      vertex -44.7306 26.974 10
      vertex -43.2233 28.1307 10
      vertex -43.5251 28.4749 10
    endloop
  endfacet
  facet normal 0 0 1
    outer loop
      vertex -42.6193 25.0941 10
      vertex -44.4545 25.5859 10
      vertex -42.7664 24.6606 10
    endloop
  endfacet
  facet normal 0 0 1
    outer loop
      vertex -44.8686 27.1314 10
      vertex -43.5251 28.4749 10
      vertex -43.8693 28.7767 10
    endloop
  endfacet
  facet normal -0 0 1
    outer loop
      vertex -44.5218 25.3877 10
      vertex -42.7664 24.6606 10
      vertex -44.4545 25.5859 10
    endloop
  endfacet
  facet normal 0 0 1
    outer loop
      vertex -45.026 27.2694 10
      vertex -43.8693 28.7767 10
      vertex -44.25 29.0311 10
    endloop
  endfacet
  facet normal 0 0 1
    outer loop
      vertex -42.7664 24.6606 10
      vertex -44.5218 25.3877 10
      vertex -42.9689 24.25 10
    endloop
  endfacet
  facet normal -0 0 1
    outer loop
      vertex -44.6144 25.2 10
      vertex -42.9689 24.25 10
      vertex -44.5218 25.3877 10
    endloop
  endfacet
  facet normal 0 0 1
    outer loop
      vertex -42.5299 26.4568 10
      vertex -44.4137 26.2088 10
      vertex -44.4 26 10
    endloop
  endfacet
  facet normal 0 0 1
    outer loop
      vertex -42.6193 26.9059 10
      vertex -44.4545 26.4141 10
      vertex -44.4137 26.2088 10
    endloop
  endfacet
  facet normal 0 0 1
    outer loop
      vertex -42.7664 27.3394 10
      vertex -44.5218 26.6123 10
      vertex -44.4545 26.4141 10
    endloop
  endfacet
  facet normal 0 0 1
    outer loop
      vertex -42.9689 27.75 10
      vertex -44.6144 26.8 10
      vertex -44.5218 26.6123 10
    endloop
  endfacet
  facet normal 0 0 1
    outer loop
      vertex -45.2 27.3856 10
      vertex -44.25 29.0311 10
      vertex -44.6606 29.2336 10
    endloop
  endfacet
  facet normal 0 0 1
    outer loop
      vertex -43.2233 28.1307 10
      vertex -44.7306 26.974 10
      vertex -44.6144 26.8 10
    endloop
  endfacet
  facet normal 0 0 1
    outer loop
      vertex -43.5251 28.4749 10
      vertex -44.8686 27.1314 10
      vertex -44.7306 26.974 10
    endloop
  endfacet
  facet normal 0 0 1
    outer loop
      vertex -43.8693 28.7767 10
      vertex -45.026 27.2694 10
      vertex -44.8686 27.1314 10
    endloop
  endfacet
  facet normal 0 0 1
    outer loop
      vertex -45.3877 27.4782 10
      vertex -44.6606 29.2336 10
      vertex -45.0941 29.3807 10
    endloop
  endfacet
  facet normal 0 0 1
    outer loop
      vertex -44.25 29.0311 10
      vertex -45.2 27.3856 10
      vertex -45.026 27.2694 10
    endloop
  endfacet
  facet normal 0 0 1
    outer loop
      vertex -44.6606 29.2336 10
      vertex -45.3877 27.4782 10
      vertex -45.2 27.3856 10
    endloop
  endfacet
  facet normal 0 0 1
    outer loop
      vertex -45.5859 27.5455 10
      vertex -45.0941 29.3807 10
      vertex -45.5432 29.4701 10
    endloop
  endfacet
  facet normal 0 0 1
    outer loop
      vertex -45.0941 29.3807 10
      vertex -45.5859 27.5455 10
      vertex -45.3877 27.4782 10
    endloop
  endfacet
  facet normal 0 0 1
    outer loop
      vertex -45.5432 29.4701 10
      vertex -45.7912 27.5863 10
      vertex -45.5859 27.5455 10
    endloop
  endfacet
  facet normal 0 0 1
    outer loop
      vertex -46.0866 29.3806 10
      vertex -45.5432 29.4701 10
      vertex -45.8627 29.491 10
    endloop
  endfacet
  facet normal 0 0 1
    outer loop
      vertex -45.5432 29.4701 10
      vertex -46.0866 29.3806 10
      vertex -45.7912 27.5863 10
    endloop
  endfacet
  facet normal 0 0 1
    outer loop
      vertex -45.7912 27.5863 10
      vertex -46.0866 29.3806 10
      vertex -46 27.6 10
    endloop
  endfacet
  facet normal -0 0 1
    outer loop
      vertex -46.7059 29.1704 10
      vertex -46 27.6 10
      vertex -46.0866 29.3806 10
    endloop
  endfacet
  facet normal 0 0 1
    outer loop
      vertex -46 27.6 10
      vertex -46.7059 29.1704 10
      vertex -46.2088 27.5863 10
    endloop
  endfacet
  facet normal 0 0 1
    outer loop
      vertex -46.2088 27.5863 10
      vertex -46.7059 29.1704 10
      vertex -46.4141 27.5455 10
    endloop
  endfacet
  facet normal 0 0 1
    outer loop
      vertex -46.4141 27.5455 10
      vertex -46.7059 29.1704 10
      vertex -46.6123 27.4782 10
    endloop
  endfacet
  facet normal -0 0 1
    outer loop
      vertex -47.3474 29.0428 10
      vertex -46.6123 27.4782 10
      vertex -46.7059 29.1704 10
    endloop
  endfacet
  facet normal 0 0 1
    outer loop
      vertex -46.6123 27.4782 10
      vertex -47.3474 29.0428 10
      vertex -46.8 27.3856 10
    endloop
  endfacet
  facet normal 0 0 1
    outer loop
      vertex -46.8 27.3856 10
      vertex -47.3474 29.0428 10
      vertex -46.974 27.2694 10
    endloop
  endfacet
  facet normal -0 0 1
    outer loop
      vertex -48.1307 28.7767 10
      vertex -46.974 27.2694 10
      vertex -47.3474 29.0428 10
    endloop
  endfacet
  facet normal 0 0 1
    outer loop
      vertex -46.974 27.2694 10
      vertex -48.1307 28.7767 10
      vertex -47.1314 27.1314 10
    endloop
  endfacet
  facet normal -0 0 1
    outer loop
      vertex -48.4749 28.4749 10
      vertex -47.1314 27.1314 10
      vertex -48.1307 28.7767 10
    endloop
  endfacet
  facet normal 0 0 1
    outer loop
      vertex -47.1314 27.1314 10
      vertex -48.4749 28.4749 10
      vertex -47.2694 26.974 10
    endloop
  endfacet
  facet normal -0 0 1
    outer loop
      vertex -48.7767 28.1307 10
      vertex -47.2694 26.974 10
      vertex -48.4749 28.4749 10
    endloop
  endfacet
  facet normal 0 0 1
    outer loop
      vertex -47.2694 26.974 10
      vertex -48.7767 28.1307 10
      vertex -47.3856 26.8 10
    endloop
  endfacet
  facet normal 0 0 1
    outer loop
      vertex -48.1307 28.7767 10
      vertex -47.3474 29.0428 10
      vertex -47.7744 29.0148 10
    endloop
  endfacet
  facet normal -0 0 1
    outer loop
      vertex -49.0311 27.75 10
      vertex -47.3856 26.8 10
      vertex -48.7767 28.1307 10
    endloop
  endfacet
  facet normal 0 0 1
    outer loop
      vertex -47.3856 26.8 10
      vertex -49.0311 27.75 10
      vertex -47.4782 26.6123 10
    endloop
  endfacet
  facet normal -0 0 1
    outer loop
      vertex -49.2336 27.3394 10
      vertex -47.4782 26.6123 10
      vertex -49.0311 27.75 10
    endloop
  endfacet
  facet normal 0 0 1
    outer loop
      vertex -47.6 26 10
      vertex -48.1307 23.2233 10
      vertex -47.75 22.9689 10
    endloop
  endfacet
  facet normal 0 0 1
    outer loop
      vertex -47.4782 26.6123 10
      vertex -49.2336 27.3394 10
      vertex -47.5455 26.4141 10
    endloop
  endfacet
  facet normal 0 0 1
    outer loop
      vertex -47.6 26 10
      vertex -48.4749 23.5251 10
      vertex -48.1307 23.2233 10
    endloop
  endfacet
  facet normal -0 0 1
    outer loop
      vertex -49.3807 26.9059 10
      vertex -47.5455 26.4141 10
      vertex -49.2336 27.3394 10
    endloop
  endfacet
  facet normal 0 0 1
    outer loop
      vertex -47.6 26 10
      vertex -48.7767 23.8693 10
      vertex -48.4749 23.5251 10
    endloop
  endfacet
  facet normal 0 0 1
    outer loop
      vertex -47.5455 26.4141 10
      vertex -49.3807 26.9059 10
      vertex -47.5863 26.2088 10
    endloop
  endfacet
  facet normal 0 0 1
    outer loop
      vertex -47.6 26 10
      vertex -49.0311 24.25 10
      vertex -48.7767 23.8693 10
    endloop
  endfacet
  facet normal -0 0 1
    outer loop
      vertex -49.4701 26.4568 10
      vertex -47.5863 26.2088 10
      vertex -49.3807 26.9059 10
    endloop
  endfacet
  facet normal 0 0 1
    outer loop
      vertex -47.6 26 10
      vertex -49.2336 24.6606 10
      vertex -49.0311 24.25 10
    endloop
  endfacet
  facet normal 0 0 1
    outer loop
      vertex -47.5863 26.2088 10
      vertex -49.4701 26.4568 10
      vertex -47.6 26 10
    endloop
  endfacet
  facet normal 0 0 1
    outer loop
      vertex -47.6 26 10
      vertex -49.3807 25.0941 10
      vertex -49.2336 24.6606 10
    endloop
  endfacet
  facet normal 0 0 1
    outer loop
      vertex -49.5 26 10
      vertex -47.6 26 10
      vertex -49.4701 26.4568 10
    endloop
  endfacet
  facet normal 0 0 1
    outer loop
      vertex -47.6 26 10
      vertex -49.4701 25.5432 10
      vertex -49.3807 25.0941 10
    endloop
  endfacet
  facet normal 0 0 1
    outer loop
      vertex -47.6 26 10
      vertex -49.5 26 10
      vertex -49.4701 25.5432 10
    endloop
  endfacet
  facet normal 0 0 1
    outer loop
      vertex -42.9689 24.25 10
      vertex -44.6144 25.2 10
      vertex -43.2233 23.8693 10
    endloop
  endfacet
  facet normal -0 0 1
    outer loop
      vertex -44.7306 25.026 10
      vertex -43.2233 23.8693 10
      vertex -44.6144 25.2 10
    endloop
  endfacet
  facet normal 0 0 1
    outer loop
      vertex -43.2233 23.8693 10
      vertex -44.7306 25.026 10
      vertex -43.5251 23.5251 10
    endloop
  endfacet
  facet normal -0 0 1
    outer loop
      vertex -44.8686 24.8686 10
      vertex -43.5251 23.5251 10
      vertex -44.7306 25.026 10
    endloop
  endfacet
  facet normal 0 0 1
    outer loop
      vertex -43.5251 23.5251 10
      vertex -44.8686 24.8686 10
      vertex -43.8693 23.2233 10
    endloop
  endfacet
  facet normal -0 0 1
    outer loop
      vertex -45.026 24.7306 10
      vertex -43.8693 23.2233 10
      vertex -44.8686 24.8686 10
    endloop
  endfacet
  facet normal 0 0 1
    outer loop
      vertex -43.8693 23.2233 10
      vertex -45.026 24.7306 10
      vertex -44.25 22.9689 10
    endloop
  endfacet
  facet normal -0 0 1
    outer loop
      vertex -45.2 24.6144 10
      vertex -44.25 22.9689 10
      vertex -45.026 24.7306 10
    endloop
  endfacet
  facet normal 0 0 1
    outer loop
      vertex -44.25 22.9689 10
      vertex -45.2 24.6144 10
      vertex -44.6606 22.7664 10
    endloop
  endfacet
  facet normal -0 0 1
    outer loop
      vertex -45.3877 24.5218 10
      vertex -44.6606 22.7664 10
      vertex -45.2 24.6144 10
    endloop
  endfacet
  facet normal 0 0 1
    outer loop
      vertex -44.6606 22.7664 10
      vertex -45.3877 24.5218 10
      vertex -45.0941 22.6193 10
    endloop
  endfacet
  facet normal -0 0 1
    outer loop
      vertex -45.5859 24.4545 10
      vertex -45.0941 22.6193 10
      vertex -45.3877 24.5218 10
    endloop
  endfacet
  facet normal 0 0 1
    outer loop
      vertex -45.0941 22.6193 10
      vertex -45.5859 24.4545 10
      vertex -45.5432 22.5299 10
    endloop
  endfacet
  facet normal -0 0 1
    outer loop
      vertex -45.7912 24.4137 10
      vertex -45.5432 22.5299 10
      vertex -45.5859 24.4545 10
    endloop
  endfacet
  facet normal -0 0 1
    outer loop
      vertex -46 24.4 10
      vertex -45.5432 22.5299 10
      vertex -45.7912 24.4137 10
    endloop
  endfacet
  facet normal 0 0 1
    outer loop
      vertex -46 24.4 10
      vertex -46 22.5 10
      vertex -45.5432 22.5299 10
    endloop
  endfacet
  facet normal 0 0 1
    outer loop
      vertex -46.2088 24.4137 10
      vertex -46 22.5 10
      vertex -46 24.4 10
    endloop
  endfacet
  facet normal 0 0 1
    outer loop
      vertex -46.4568 22.5299 10
      vertex -46.2088 24.4137 10
      vertex -46.4141 24.4545 10
    endloop
  endfacet
  facet normal 0 0 1
    outer loop
      vertex -46.2088 24.4137 10
      vertex -46.4568 22.5299 10
      vertex -46 22.5 10
    endloop
  endfacet
  facet normal 0 0 1
    outer loop
      vertex -46.9059 22.6193 10
      vertex -46.4141 24.4545 10
      vertex -46.6123 24.5218 10
    endloop
  endfacet
  facet normal 0 0 1
    outer loop
      vertex -47.3394 22.7664 10
      vertex -46.6123 24.5218 10
      vertex -46.8 24.6144 10
    endloop
  endfacet
  facet normal 0 0 1
    outer loop
      vertex -46.4141 24.4545 10
      vertex -46.9059 22.6193 10
      vertex -46.4568 22.5299 10
    endloop
  endfacet
  facet normal 0 0 1
    outer loop
      vertex -47.75 22.9689 10
      vertex -46.8 24.6144 10
      vertex -46.974 24.7306 10
    endloop
  endfacet
  facet normal 0 0 1
    outer loop
      vertex -47.75 22.9689 10
      vertex -46.974 24.7306 10
      vertex -47.1314 24.8686 10
    endloop
  endfacet
  facet normal 0 0 1
    outer loop
      vertex -47.75 22.9689 10
      vertex -47.1314 24.8686 10
      vertex -47.2694 25.026 10
    endloop
  endfacet
  facet normal 0 0 1
    outer loop
      vertex -46.6123 24.5218 10
      vertex -47.3394 22.7664 10
      vertex -46.9059 22.6193 10
    endloop
  endfacet
  facet normal 0 0 1
    outer loop
      vertex -47.75 22.9689 10
      vertex -47.2694 25.026 10
      vertex -47.3856 25.2 10
    endloop
  endfacet
  facet normal 0 0 1
    outer loop
      vertex -47.75 22.9689 10
      vertex -47.3856 25.2 10
      vertex -47.4782 25.3877 10
    endloop
  endfacet
  facet normal 0 0 1
    outer loop
      vertex -47.75 22.9689 10
      vertex -47.4782 25.3877 10
      vertex -47.5455 25.5859 10
    endloop
  endfacet
  facet normal 0 0 1
    outer loop
      vertex -47.75 22.9689 10
      vertex -47.5455 25.5859 10
      vertex -47.5863 25.7912 10
    endloop
  endfacet
  facet normal 0 0 1
    outer loop
      vertex -46.8 24.6144 10
      vertex -47.75 22.9689 10
      vertex -47.3394 22.7664 10
    endloop
  endfacet
  facet normal 0 0 1
    outer loop
      vertex -47.75 22.9689 10
      vertex -47.5863 25.7912 10
      vertex -47.6 26 10
    endloop
  endfacet
  facet normal -0.195234 -0.980757 0
    outer loop
      vertex -46.9059 22.6193 6
      vertex -46.4568 22.5299 10
      vertex -46.9059 22.6193 10
    endloop
  endfacet
  facet normal -0.195234 -0.980757 -0
    outer loop
      vertex -46.4568 22.5299 10
      vertex -46.9059 22.6193 6
      vertex -46.4568 22.5299 6
    endloop
  endfacet
  facet normal -0.831445 0.555607 1.14693e-18
    outer loop
      vertex -49.0311 27.75 6
      vertex -48.7767 28.1307 10
      vertex -48.7767 28.1307 6
    endloop
  endfacet
  facet normal -0.831445 0.555607 1.14693e-18
    outer loop
      vertex -48.7767 28.1307 10
      vertex -49.0311 27.75 6
      vertex -49.0311 27.75 10
    endloop
  endfacet
  facet normal -0.0653156 -0.997865 0
    outer loop
      vertex -46.4568 22.5299 6
      vertex -46 22.5 10
      vertex -46.4568 22.5299 10
    endloop
  endfacet
  facet normal -0.0653156 -0.997865 -0
    outer loop
      vertex -46 22.5 10
      vertex -46.4568 22.5299 6
      vertex -46 22.5 6
    endloop
  endfacet
  facet normal -0.194922 -0.980819 0
    outer loop
      vertex -45.7912 27.5863 6
      vertex -45.5859 27.5455 10
      vertex -45.7912 27.5863 10
    endloop
  endfacet
  facet normal -0.194922 -0.980819 -0
    outer loop
      vertex -45.5859 27.5455 10
      vertex -45.7912 27.5863 6
      vertex -45.5859 27.5455 6
    endloop
  endfacet
  facet normal -0.980819 -0.194922 -6.39131e-19
    outer loop
      vertex -44.4137 26.2088 6
      vertex -44.4545 26.4141 10
      vertex -44.4545 26.4141 6
    endloop
  endfacet
  facet normal -0.980819 -0.194922 -6.39131e-19
    outer loop
      vertex -44.4545 26.4141 10
      vertex -44.4137 26.2088 6
      vertex -44.4137 26.2088 10
    endloop
  endfacet
  facet normal -0.997854 -0.0654722 -1.64907e-19
    outer loop
      vertex -44.4 26 6
      vertex -44.4137 26.2088 10
      vertex -44.4137 26.2088 6
    endloop
  endfacet
  facet normal -0.997854 -0.0654722 -1.64907e-19
    outer loop
      vertex -44.4137 26.2088 10
      vertex -44.4 26 6
      vertex -44.4 26 10
    endloop
  endfacet
  facet normal -0.946901 -0.321526 -9.68114e-19
    outer loop
      vertex -44.4545 26.4141 6
      vertex -44.5218 26.6123 10
      vertex -44.5218 26.6123 6
    endloop
  endfacet
  facet normal -0.946901 -0.321526 -9.68114e-19
    outer loop
      vertex -44.5218 26.6123 10
      vertex -44.4545 26.4141 6
      vertex -44.4545 26.4141 10
    endloop
  endfacet
  facet normal -0.831609 -0.555362 8.55565e-19
    outer loop
      vertex -44.6144 26.8 6
      vertex -44.7306 26.974 10
      vertex -44.7306 26.974 6
    endloop
  endfacet
  facet normal -0.831609 -0.555362 8.55565e-19
    outer loop
      vertex -44.7306 26.974 10
      vertex -44.6144 26.8 6
      vertex -44.6144 26.8 10
    endloop
  endfacet
  facet normal -0.321526 -0.946901 0
    outer loop
      vertex -45.5859 27.5455 6
      vertex -45.3877 27.4782 10
      vertex -45.5859 27.5455 10
    endloop
  endfacet
  facet normal -0.321526 -0.946901 -0
    outer loop
      vertex -45.3877 27.4782 10
      vertex -45.5859 27.5455 6
      vertex -45.3877 27.4782 6
    endloop
  endfacet
  facet normal -0.997854 0.0654722 1.64907e-19
    outer loop
      vertex -44.4137 25.7912 6
      vertex -44.4 26 10
      vertex -44.4 26 6
    endloop
  endfacet
  facet normal -0.997854 0.0654722 1.64907e-19
    outer loop
      vertex -44.4 26 10
      vertex -44.4137 25.7912 6
      vertex -44.4137 25.7912 10
    endloop
  endfacet
  facet normal 0.555362 0.831609 -0
    outer loop
      vertex -46.8 24.6144 6
      vertex -46.974 24.7306 10
      vertex -46.8 24.6144 10
    endloop
  endfacet
  facet normal 0.555362 0.831609 0
    outer loop
      vertex -46.974 24.7306 10
      vertex -46.8 24.6144 6
      vertex -46.974 24.7306 6
    endloop
  endfacet
  facet normal 0.321526 0.946901 -0
    outer loop
      vertex -46.4141 24.4545 6
      vertex -46.6123 24.5218 10
      vertex -46.4141 24.4545 10
    endloop
  endfacet
  facet normal 0.321526 0.946901 0
    outer loop
      vertex -46.6123 24.5218 10
      vertex -46.4141 24.4545 6
      vertex -46.6123 24.5218 6
    endloop
  endfacet
  facet normal -0.896803 -0.442429 1.99871e-18
    outer loop
      vertex -44.5218 26.6123 6
      vertex -44.6144 26.8 10
      vertex -44.6144 26.8 6
    endloop
  endfacet
  facet normal -0.896803 -0.442429 1.99871e-18
    outer loop
      vertex -44.6144 26.8 10
      vertex -44.5218 26.6123 6
      vertex -44.5218 26.6123 10
    endloop
  endfacet
  facet normal 0.321526 -0.946901 0
    outer loop
      vertex -46.6123 27.4782 6
      vertex -46.4141 27.5455 10
      vertex -46.6123 27.4782 10
    endloop
  endfacet
  facet normal 0.321526 -0.946901 0
    outer loop
      vertex -46.4141 27.5455 10
      vertex -46.6123 27.4782 6
      vertex -46.4141 27.5455 6
    endloop
  endfacet
  facet normal -0.751925 -0.659248 -3.40711e-19
    outer loop
      vertex -44.7306 26.974 6
      vertex -44.8686 27.1314 10
      vertex -44.8686 27.1314 6
    endloop
  endfacet
  facet normal -0.751925 -0.659248 -3.40711e-19
    outer loop
      vertex -44.8686 27.1314 10
      vertex -44.7306 26.974 6
      vertex -44.7306 26.974 10
    endloop
  endfacet
  facet normal -0.946901 0.321526 9.68114e-19
    outer loop
      vertex -44.5218 25.3877 6
      vertex -44.4545 25.5859 10
      vertex -44.4545 25.5859 6
    endloop
  endfacet
  facet normal -0.946901 0.321526 9.68114e-19
    outer loop
      vertex -44.4545 25.5859 10
      vertex -44.5218 25.3877 6
      vertex -44.5218 25.3877 10
    endloop
  endfacet
  facet normal 0.751925 0.659248 -3.40711e-19
    outer loop
      vertex -47.1314 24.8686 10
      vertex -47.2694 25.026 6
      vertex -47.2694 25.026 10
    endloop
  endfacet
  facet normal 0.751925 0.659248 -3.40711e-19
    outer loop
      vertex -47.2694 25.026 6
      vertex -47.1314 24.8686 10
      vertex -47.1314 24.8686 6
    endloop
  endfacet
  facet normal -0.980819 0.194922 6.39131e-19
    outer loop
      vertex -44.4545 25.5859 6
      vertex -44.4137 25.7912 10
      vertex -44.4137 25.7912 6
    endloop
  endfacet
  facet normal -0.980819 0.194922 6.39131e-19
    outer loop
      vertex -44.4137 25.7912 10
      vertex -44.4545 25.5859 6
      vertex -44.4545 25.5859 10
    endloop
  endfacet
  facet normal 0.659248 -0.751925 0
    outer loop
      vertex -47.1314 27.1314 6
      vertex -46.974 27.2694 10
      vertex -47.1314 27.1314 10
    endloop
  endfacet
  facet normal 0.659248 -0.751925 0
    outer loop
      vertex -46.974 27.2694 10
      vertex -47.1314 27.1314 6
      vertex -46.974 27.2694 6
    endloop
  endfacet
  facet normal 0.946901 0.321526 -9.68114e-19
    outer loop
      vertex -47.4782 25.3877 10
      vertex -47.5455 25.5859 6
      vertex -47.5455 25.5859 10
    endloop
  endfacet
  facet normal 0.946901 0.321526 -9.68114e-19
    outer loop
      vertex -47.5455 25.5859 6
      vertex -47.4782 25.3877 10
      vertex -47.4782 25.3877 6
    endloop
  endfacet
  facet normal -0.831609 0.555362 -8.55565e-19
    outer loop
      vertex -44.7306 25.026 6
      vertex -44.6144 25.2 10
      vertex -44.6144 25.2 6
    endloop
  endfacet
  facet normal -0.831609 0.555362 -8.55565e-19
    outer loop
      vertex -44.6144 25.2 10
      vertex -44.7306 25.026 6
      vertex -44.7306 25.026 10
    endloop
  endfacet
  facet normal -0.442429 -0.896803 0
    outer loop
      vertex -45.3877 27.4782 6
      vertex -45.2 27.3856 10
      vertex -45.3877 27.4782 10
    endloop
  endfacet
  facet normal -0.442429 -0.896803 -0
    outer loop
      vertex -45.2 27.3856 10
      vertex -45.3877 27.4782 6
      vertex -45.2 27.3856 6
    endloop
  endfacet
  facet normal 0.442429 -0.896803 0
    outer loop
      vertex -46.8 27.3856 6
      vertex -46.6123 27.4782 10
      vertex -46.8 27.3856 10
    endloop
  endfacet
  facet normal 0.442429 -0.896803 0
    outer loop
      vertex -46.6123 27.4782 10
      vertex -46.8 27.3856 6
      vertex -46.6123 27.4782 6
    endloop
  endfacet
  facet normal -0.442429 0.896803 0
    outer loop
      vertex -45.2 24.6144 6
      vertex -45.3877 24.5218 10
      vertex -45.2 24.6144 10
    endloop
  endfacet
  facet normal -0.442429 0.896803 0
    outer loop
      vertex -45.3877 24.5218 10
      vertex -45.2 24.6144 6
      vertex -45.3877 24.5218 6
    endloop
  endfacet
  facet normal -0.321526 0.946901 0
    outer loop
      vertex -45.3877 24.5218 6
      vertex -45.5859 24.4545 10
      vertex -45.3877 24.5218 10
    endloop
  endfacet
  facet normal -0.321526 0.946901 0
    outer loop
      vertex -45.5859 24.4545 10
      vertex -45.3877 24.5218 6
      vertex -45.5859 24.4545 6
    endloop
  endfacet
  facet normal 0.896803 0.442429 1.99871e-18
    outer loop
      vertex -47.3856 25.2 10
      vertex -47.4782 25.3877 6
      vertex -47.4782 25.3877 10
    endloop
  endfacet
  facet normal 0.896803 0.442429 1.99871e-18
    outer loop
      vertex -47.4782 25.3877 6
      vertex -47.3856 25.2 10
      vertex -47.3856 25.2 6
    endloop
  endfacet
  facet normal 0.980819 0.194922 -6.39131e-19
    outer loop
      vertex -47.5455 25.5859 10
      vertex -47.5863 25.7912 6
      vertex -47.5863 25.7912 10
    endloop
  endfacet
  facet normal 0.980819 0.194922 -6.39131e-19
    outer loop
      vertex -47.5863 25.7912 6
      vertex -47.5455 25.5859 10
      vertex -47.5455 25.5859 6
    endloop
  endfacet
  facet normal 0.555362 -0.831609 0
    outer loop
      vertex -46.974 27.2694 6
      vertex -46.8 27.3856 10
      vertex -46.974 27.2694 10
    endloop
  endfacet
  facet normal 0.555362 -0.831609 0
    outer loop
      vertex -46.8 27.3856 10
      vertex -46.974 27.2694 6
      vertex -46.8 27.3856 6
    endloop
  endfacet
  facet normal -0.555362 0.831609 0
    outer loop
      vertex -45.026 24.7306 6
      vertex -45.2 24.6144 10
      vertex -45.026 24.7306 10
    endloop
  endfacet
  facet normal -0.555362 0.831609 0
    outer loop
      vertex -45.2 24.6144 10
      vertex -45.026 24.7306 6
      vertex -45.2 24.6144 6
    endloop
  endfacet
  facet normal -0.194922 0.980819 0
    outer loop
      vertex -45.5859 24.4545 6
      vertex -45.7912 24.4137 10
      vertex -45.5859 24.4545 10
    endloop
  endfacet
  facet normal -0.194922 0.980819 0
    outer loop
      vertex -45.7912 24.4137 10
      vertex -45.5859 24.4545 6
      vertex -45.7912 24.4137 6
    endloop
  endfacet
  facet normal -0.659248 -0.751925 0
    outer loop
      vertex -45.026 27.2694 6
      vertex -44.8686 27.1314 10
      vertex -45.026 27.2694 10
    endloop
  endfacet
  facet normal -0.659248 -0.751925 -0
    outer loop
      vertex -44.8686 27.1314 10
      vertex -45.026 27.2694 6
      vertex -44.8686 27.1314 6
    endloop
  endfacet
  facet normal 0.946901 -0.321526 9.68114e-19
    outer loop
      vertex -47.5455 26.4141 10
      vertex -47.4782 26.6123 6
      vertex -47.4782 26.6123 10
    endloop
  endfacet
  facet normal 0.946901 -0.321526 9.68114e-19
    outer loop
      vertex -47.4782 26.6123 6
      vertex -47.5455 26.4141 10
      vertex -47.5455 26.4141 6
    endloop
  endfacet
  facet normal 0.0654722 -0.997854 0
    outer loop
      vertex -46.2088 27.5863 6
      vertex -46 27.6 10
      vertex -46.2088 27.5863 10
    endloop
  endfacet
  facet normal 0.0654722 -0.997854 0
    outer loop
      vertex -46 27.6 10
      vertex -46.2088 27.5863 6
      vertex -46 27.6 6
    endloop
  endfacet
  facet normal -0.0654722 0.997854 0
    outer loop
      vertex -45.7912 24.4137 6
      vertex -46 24.4 10
      vertex -45.7912 24.4137 10
    endloop
  endfacet
  facet normal -0.0654722 0.997854 0
    outer loop
      vertex -46 24.4 10
      vertex -45.7912 24.4137 6
      vertex -46 24.4 6
    endloop
  endfacet
  facet normal 0.194922 -0.980819 0
    outer loop
      vertex -46.4141 27.5455 6
      vertex -46.2088 27.5863 10
      vertex -46.4141 27.5455 10
    endloop
  endfacet
  facet normal 0.194922 -0.980819 0
    outer loop
      vertex -46.2088 27.5863 10
      vertex -46.4141 27.5455 6
      vertex -46.2088 27.5863 6
    endloop
  endfacet
  facet normal 0.659248 0.751925 -0
    outer loop
      vertex -46.974 24.7306 6
      vertex -47.1314 24.8686 10
      vertex -46.974 24.7306 10
    endloop
  endfacet
  facet normal 0.659248 0.751925 0
    outer loop
      vertex -47.1314 24.8686 10
      vertex -46.974 24.7306 6
      vertex -47.1314 24.8686 6
    endloop
  endfacet
  facet normal 0.896803 -0.442429 -1.99871e-18
    outer loop
      vertex -47.4782 26.6123 10
      vertex -47.3856 26.8 6
      vertex -47.3856 26.8 10
    endloop
  endfacet
  facet normal 0.896803 -0.442429 -1.99871e-18
    outer loop
      vertex -47.3856 26.8 6
      vertex -47.4782 26.6123 10
      vertex -47.4782 26.6123 6
    endloop
  endfacet
  facet normal -0.896803 0.442429 -1.99871e-18
    outer loop
      vertex -44.6144 25.2 6
      vertex -44.5218 25.3877 10
      vertex -44.5218 25.3877 6
    endloop
  endfacet
  facet normal -0.896803 0.442429 -1.99871e-18
    outer loop
      vertex -44.5218 25.3877 10
      vertex -44.6144 25.2 6
      vertex -44.6144 25.2 10
    endloop
  endfacet
  facet normal -0.751925 0.659248 3.40711e-19
    outer loop
      vertex -44.8686 24.8686 6
      vertex -44.7306 25.026 10
      vertex -44.7306 25.026 6
    endloop
  endfacet
  facet normal -0.751925 0.659248 3.40711e-19
    outer loop
      vertex -44.7306 25.026 10
      vertex -44.8686 24.8686 6
      vertex -44.8686 24.8686 10
    endloop
  endfacet
  facet normal 0.0654722 0.997854 -0
    outer loop
      vertex -46 24.4 6
      vertex -46.2088 24.4137 10
      vertex -46 24.4 10
    endloop
  endfacet
  facet normal 0.0654722 0.997854 0
    outer loop
      vertex -46.2088 24.4137 10
      vertex -46 24.4 6
      vertex -46.2088 24.4137 6
    endloop
  endfacet
  facet normal -0.0654722 -0.997854 0
    outer loop
      vertex -46 27.6 6
      vertex -45.7912 27.5863 10
      vertex -46 27.6 10
    endloop
  endfacet
  facet normal -0.0654722 -0.997854 -0
    outer loop
      vertex -45.7912 27.5863 10
      vertex -46 27.6 6
      vertex -45.7912 27.5863 6
    endloop
  endfacet
  facet normal -0.555362 -0.831609 0
    outer loop
      vertex -45.2 27.3856 6
      vertex -45.026 27.2694 10
      vertex -45.2 27.3856 10
    endloop
  endfacet
  facet normal -0.555362 -0.831609 -0
    outer loop
      vertex -45.026 27.2694 10
      vertex -45.2 27.3856 6
      vertex -45.026 27.2694 6
    endloop
  endfacet
  facet normal 0.997854 0.0654722 -1.64907e-19
    outer loop
      vertex -47.5863 25.7912 10
      vertex -47.6 26 6
      vertex -47.6 26 10
    endloop
  endfacet
  facet normal 0.997854 0.0654722 -1.64907e-19
    outer loop
      vertex -47.6 26 6
      vertex -47.5863 25.7912 10
      vertex -47.5863 25.7912 6
    endloop
  endfacet
  facet normal 0.751925 -0.659248 3.40711e-19
    outer loop
      vertex -47.2694 26.974 10
      vertex -47.1314 27.1314 6
      vertex -47.1314 27.1314 10
    endloop
  endfacet
  facet normal 0.751925 -0.659248 3.40711e-19
    outer loop
      vertex -47.1314 27.1314 6
      vertex -47.2694 26.974 10
      vertex -47.2694 26.974 6
    endloop
  endfacet
  facet normal 0.194922 0.980819 -0
    outer loop
      vertex -46.2088 24.4137 6
      vertex -46.4141 24.4545 10
      vertex -46.2088 24.4137 10
    endloop
  endfacet
  facet normal 0.194922 0.980819 0
    outer loop
      vertex -46.4141 24.4545 10
      vertex -46.2088 24.4137 6
      vertex -46.4141 24.4545 6
    endloop
  endfacet
  facet normal 0.980819 -0.194922 6.39131e-19
    outer loop
      vertex -47.5863 26.2088 10
      vertex -47.5455 26.4141 6
      vertex -47.5455 26.4141 10
    endloop
  endfacet
  facet normal 0.980819 -0.194922 6.39131e-19
    outer loop
      vertex -47.5455 26.4141 6
      vertex -47.5863 26.2088 10
      vertex -47.5863 26.2088 6
    endloop
  endfacet
  facet normal 0.997854 -0.0654722 1.64907e-19
    outer loop
      vertex -47.6 26 10
      vertex -47.5863 26.2088 6
      vertex -47.5863 26.2088 10
    endloop
  endfacet
  facet normal 0.997854 -0.0654722 1.64907e-19
    outer loop
      vertex -47.5863 26.2088 6
      vertex -47.6 26 10
      vertex -47.6 26 6
    endloop
  endfacet
  facet normal 0.442429 0.896803 -0
    outer loop
      vertex -46.6123 24.5218 6
      vertex -46.8 24.6144 10
      vertex -46.6123 24.5218 10
    endloop
  endfacet
  facet normal 0.442429 0.896803 0
    outer loop
      vertex -46.8 24.6144 10
      vertex -46.6123 24.5218 6
      vertex -46.8 24.6144 6
    endloop
  endfacet
  facet normal -0.659248 0.751925 0
    outer loop
      vertex -44.8686 24.8686 6
      vertex -45.026 24.7306 10
      vertex -44.8686 24.8686 10
    endloop
  endfacet
  facet normal -0.659248 0.751925 0
    outer loop
      vertex -45.026 24.7306 10
      vertex -44.8686 24.8686 6
      vertex -45.026 24.7306 6
    endloop
  endfacet
  facet normal 0.831609 -0.555362 -8.55565e-19
    outer loop
      vertex -47.3856 26.8 10
      vertex -47.2694 26.974 6
      vertex -47.2694 26.974 10
    endloop
  endfacet
  facet normal 0.831609 -0.555362 -8.55565e-19
    outer loop
      vertex -47.2694 26.974 6
      vertex -47.3856 26.8 10
      vertex -47.3856 26.8 6
    endloop
  endfacet
  facet normal 0.831609 0.555362 8.55565e-19
    outer loop
      vertex -47.2694 25.026 10
      vertex -47.3856 25.2 6
      vertex -47.3856 25.2 10
    endloop
  endfacet
  facet normal 0.831609 0.555362 8.55565e-19
    outer loop
      vertex -47.3856 25.2 6
      vertex -47.2694 25.026 10
      vertex -47.2694 25.026 6
    endloop
  endfacet
  facet normal 0.980757 0.195234 1.09975e-18
    outer loop
      vertex 49.4701 26.4568 10
      vertex 49.3807 26.9059 6
      vertex 49.3807 26.9059 10
    endloop
  endfacet
  facet normal 0.980757 0.195234 1.09975e-18
    outer loop
      vertex 49.3807 26.9059 6
      vertex 49.4701 26.4568 10
      vertex 49.4701 26.4568 6
    endloop
  endfacet
  facet normal 0.997865 0.0653156 -7.40646e-20
    outer loop
      vertex 49.5 26 10
      vertex 49.4701 26.4568 6
      vertex 49.4701 26.4568 10
    endloop
  endfacet
  facet normal 0.997865 0.0653156 -7.40646e-20
    outer loop
      vertex 49.4701 26.4568 6
      vertex 49.5 26 10
      vertex 49.5 26 6
    endloop
  endfacet
  facet normal 0.321335 -0.946966 0
    outer loop
      vertex 46.9059 22.6193 6
      vertex 47.3394 22.7664 10
      vertex 46.9059 22.6193 10
    endloop
  endfacet
  facet normal 0.321335 -0.946966 0
    outer loop
      vertex 47.3394 22.7664 10
      vertex 46.9059 22.6193 6
      vertex 47.3394 22.7664 6
    endloop
  endfacet
  facet normal 0.831445 0.555607 -1.14693e-18
    outer loop
      vertex 49.0311 27.75 10
      vertex 48.7767 28.1307 6
      vertex 48.7767 28.1307 10
    endloop
  endfacet
  facet normal 0.831445 0.555607 -1.14693e-18
    outer loop
      vertex 48.7767 28.1307 6
      vertex 49.0311 27.75 10
      vertex 49.0311 27.75 6
    endloop
  endfacet
  facet normal -0.89686 0.442314 -2.89354e-18
    outer loop
      vertex 42.7664 27.3394 6
      vertex 42.9689 27.75 10
      vertex 42.9689 27.75 6
    endloop
  endfacet
  facet normal -0.89686 0.442314 -2.89354e-18
    outer loop
      vertex 42.9689 27.75 10
      vertex 42.7664 27.3394 6
      vertex 42.7664 27.3394 10
    endloop
  endfacet
  facet normal -0.555607 0.831445 0
    outer loop
      vertex 44.25 29.0311 6
      vertex 43.8693 28.7767 10
      vertex 44.25 29.0311 10
    endloop
  endfacet
  facet normal -0.555607 0.831445 0
    outer loop
      vertex 43.8693 28.7767 10
      vertex 44.25 29.0311 6
      vertex 43.8693 28.7767 6
    endloop
  endfacet
  facet normal -0.659278 0.7519 0
    outer loop
      vertex 43.8693 28.7767 6
      vertex 43.5251 28.4749 10
      vertex 43.8693 28.7767 10
    endloop
  endfacet
  facet normal -0.659278 0.7519 0
    outer loop
      vertex 43.5251 28.4749 10
      vertex 43.8693 28.7767 6
      vertex 43.5251 28.4749 6
    endloop
  endfacet
  facet normal -0.7519 0.659278 -1.37776e-18
    outer loop
      vertex 43.2233 28.1307 6
      vertex 43.5251 28.4749 10
      vertex 43.5251 28.4749 6
    endloop
  endfacet
  facet normal -0.7519 0.659278 -1.37776e-18
    outer loop
      vertex 43.5251 28.4749 10
      vertex 43.2233 28.1307 6
      vertex 43.2233 28.1307 10
    endloop
  endfacet
  facet normal 0.946966 -0.321335 1.77605e-18
    outer loop
      vertex 49.2336 24.6606 10
      vertex 49.3807 25.0941 6
      vertex 49.3807 25.0941 10
    endloop
  endfacet
  facet normal 0.946966 -0.321335 1.77605e-18
    outer loop
      vertex 49.3807 25.0941 6
      vertex 49.2336 24.6606 10
      vertex 49.2336 24.6606 6
    endloop
  endfacet
  facet normal -0.997865 0.0653156 7.40646e-20
    outer loop
      vertex 42.5 26 6
      vertex 42.5299 26.4568 10
      vertex 42.5299 26.4568 6
    endloop
  endfacet
  facet normal -0.997865 0.0653156 7.40646e-20
    outer loop
      vertex 42.5299 26.4568 10
      vertex 42.5 26 6
      vertex 42.5 26 10
    endloop
  endfacet
  facet normal 0.555615 0.831439 -0
    outer loop
      vertex 48.1307 28.7767 6
      vertex 47.7744 29.0148 10
      vertex 48.1307 28.7767 10
    endloop
  endfacet
  facet normal 0.555615 0.831439 0
    outer loop
      vertex 47.7744 29.0148 10
      vertex 48.1307 28.7767 6
      vertex 47.7744 29.0148 6
    endloop
  endfacet
  facet normal -0.321335 -0.946966 0
    outer loop
      vertex 44.6606 22.7664 6
      vertex 45.0941 22.6193 10
      vertex 44.6606 22.7664 10
    endloop
  endfacet
  facet normal -0.321335 -0.946966 -0
    outer loop
      vertex 45.0941 22.6193 10
      vertex 44.6606 22.7664 6
      vertex 45.0941 22.6193 6
    endloop
  endfacet
  facet normal 0.195234 -0.980757 0
    outer loop
      vertex 46.4568 22.5299 6
      vertex 46.9059 22.6193 10
      vertex 46.4568 22.5299 10
    endloop
  endfacet
  facet normal 0.195234 -0.980757 0
    outer loop
      vertex 46.9059 22.6193 10
      vertex 46.4568 22.5299 6
      vertex 46.9059 22.6193 6
    endloop
  endfacet
  facet normal -0.321335 0.946966 0
    outer loop
      vertex 45.0941 29.3807 6
      vertex 44.6606 29.2336 10
      vertex 45.0941 29.3807 10
    endloop
  endfacet
  facet normal -0.321335 0.946966 0
    outer loop
      vertex 44.6606 29.2336 10
      vertex 45.0941 29.3807 6
      vertex 44.6606 29.2336 6
    endloop
  endfacet
  facet normal -0.831445 -0.555607 -1.14693e-18
    outer loop
      vertex 43.2233 23.8693 6
      vertex 42.9689 24.25 10
      vertex 42.9689 24.25 6
    endloop
  endfacet
  facet normal -0.831445 -0.555607 -1.14693e-18
    outer loop
      vertex 42.9689 24.25 10
      vertex 43.2233 23.8693 6
      vertex 43.2233 23.8693 10
    endloop
  endfacet
  facet normal 0.555607 -0.831445 0
    outer loop
      vertex 47.75 22.9689 6
      vertex 48.1307 23.2233 10
      vertex 47.75 22.9689 10
    endloop
  endfacet
  facet normal 0.555607 -0.831445 0
    outer loop
      vertex 48.1307 23.2233 10
      vertex 47.75 22.9689 6
      vertex 48.1307 23.2233 6
    endloop
  endfacet
  facet normal -0.946966 0.321335 1.77605e-18
    outer loop
      vertex 42.6193 26.9059 6
      vertex 42.7664 27.3394 10
      vertex 42.7664 27.3394 6
    endloop
  endfacet
  facet normal -0.946966 0.321335 1.77605e-18
    outer loop
      vertex 42.7664 27.3394 10
      vertex 42.6193 26.9059 6
      vertex 42.6193 26.9059 10
    endloop
  endfacet
  facet normal -0.442314 0.89686 0
    outer loop
      vertex 44.6606 29.2336 6
      vertex 44.25 29.0311 10
      vertex 44.6606 29.2336 10
    endloop
  endfacet
  facet normal -0.442314 0.89686 0
    outer loop
      vertex 44.25 29.0311 10
      vertex 44.6606 29.2336 6
      vertex 44.25 29.0311 6
    endloop
  endfacet
  facet normal 0.831445 -0.555607 1.14693e-18
    outer loop
      vertex 48.7767 23.8693 10
      vertex 49.0311 24.25 6
      vertex 49.0311 24.25 10
    endloop
  endfacet
  facet normal 0.831445 -0.555607 1.14693e-18
    outer loop
      vertex 49.0311 24.25 6
      vertex 48.7767 23.8693 10
      vertex 48.7767 23.8693 6
    endloop
  endfacet
  facet normal -0.997865 -0.0653156 -7.40646e-20
    outer loop
      vertex 42.5299 25.5432 6
      vertex 42.5 26 10
      vertex 42.5 26 6
    endloop
  endfacet
  facet normal -0.997865 -0.0653156 -7.40646e-20
    outer loop
      vertex 42.5 26 10
      vertex 42.5299 25.5432 6
      vertex 42.5299 25.5432 10
    endloop
  endfacet
  facet normal -0.946966 -0.321335 -1.77605e-18
    outer loop
      vertex 42.7664 24.6606 6
      vertex 42.6193 25.0941 10
      vertex 42.6193 25.0941 6
    endloop
  endfacet
  facet normal -0.946966 -0.321335 -1.77605e-18
    outer loop
      vertex 42.6193 25.0941 10
      vertex 42.7664 24.6606 6
      vertex 42.7664 24.6606 10
    endloop
  endfacet
  facet normal -0.659278 -0.7519 0
    outer loop
      vertex 43.5251 23.5251 6
      vertex 43.8693 23.2233 10
      vertex 43.5251 23.5251 10
    endloop
  endfacet
  facet normal -0.659278 -0.7519 -0
    outer loop
      vertex 43.8693 23.2233 10
      vertex 43.5251 23.5251 6
      vertex 43.8693 23.2233 6
    endloop
  endfacet
  facet normal -0.195234 0.980757 0
    outer loop
      vertex 45.5432 29.4701 6
      vertex 45.0941 29.3807 10
      vertex 45.5432 29.4701 10
    endloop
  endfacet
  facet normal -0.195234 0.980757 0
    outer loop
      vertex 45.0941 29.3807 10
      vertex 45.5432 29.4701 6
      vertex 45.0941 29.3807 6
    endloop
  endfacet
  facet normal 0.7519 0.659278 1.37776e-18
    outer loop
      vertex 48.7767 28.1307 10
      vertex 48.4749 28.4749 6
      vertex 48.4749 28.4749 10
    endloop
  endfacet
  facet normal 0.7519 0.659278 1.37776e-18
    outer loop
      vertex 48.4749 28.4749 6
      vertex 48.7767 28.1307 10
      vertex 48.7767 28.1307 6
    endloop
  endfacet
  facet normal 0.7519 -0.659278 -1.37776e-18
    outer loop
      vertex 48.4749 23.5251 10
      vertex 48.7767 23.8693 6
      vertex 48.7767 23.8693 10
    endloop
  endfacet
  facet normal 0.7519 -0.659278 -1.37776e-18
    outer loop
      vertex 48.7767 23.8693 6
      vertex 48.4749 23.5251 10
      vertex 48.4749 23.5251 6
    endloop
  endfacet
  facet normal -0.442314 -0.89686 0
    outer loop
      vertex 44.25 22.9689 6
      vertex 44.6606 22.7664 10
      vertex 44.25 22.9689 10
    endloop
  endfacet
  facet normal -0.442314 -0.89686 -0
    outer loop
      vertex 44.6606 22.7664 10
      vertex 44.25 22.9689 6
      vertex 44.6606 22.7664 6
    endloop
  endfacet
  facet normal -0.0652752 0.997867 0
    outer loop
      vertex 45.8627 29.491 6
      vertex 45.5432 29.4701 10
      vertex 45.8627 29.491 10
    endloop
  endfacet
  facet normal -0.0652752 0.997867 0
    outer loop
      vertex 45.5432 29.4701 10
      vertex 45.8627 29.491 6
      vertex 45.5432 29.4701 6
    endloop
  endfacet
  facet normal -0.980757 0.195234 -1.09975e-18
    outer loop
      vertex 42.5299 26.4568 6
      vertex 42.6193 26.9059 10
      vertex 42.6193 26.9059 6
    endloop
  endfacet
  facet normal -0.980757 0.195234 -1.09975e-18
    outer loop
      vertex 42.6193 26.9059 10
      vertex 42.5299 26.4568 6
      vertex 42.5299 26.4568 10
    endloop
  endfacet
  facet normal 0.0653156 -0.997865 0
    outer loop
      vertex 46 22.5 6
      vertex 46.4568 22.5299 10
      vertex 46 22.5 10
    endloop
  endfacet
  facet normal 0.0653156 -0.997865 0
    outer loop
      vertex 46.4568 22.5299 10
      vertex 46 22.5 6
      vertex 46.4568 22.5299 6
    endloop
  endfacet
  facet normal 0.442314 -0.89686 0
    outer loop
      vertex 47.3394 22.7664 6
      vertex 47.75 22.9689 10
      vertex 47.3394 22.7664 10
    endloop
  endfacet
  facet normal 0.442314 -0.89686 0
    outer loop
      vertex 47.75 22.9689 10
      vertex 47.3394 22.7664 6
      vertex 47.75 22.9689 6
    endloop
  endfacet
  facet normal 0.659278 -0.7519 0
    outer loop
      vertex 48.1307 23.2233 6
      vertex 48.4749 23.5251 10
      vertex 48.1307 23.2233 10
    endloop
  endfacet
  facet normal 0.659278 -0.7519 0
    outer loop
      vertex 48.4749 23.5251 10
      vertex 48.1307 23.2233 6
      vertex 48.4749 23.5251 6
    endloop
  endfacet
  facet normal -0.89686 -0.442314 2.89354e-18
    outer loop
      vertex 42.9689 24.25 6
      vertex 42.7664 24.6606 10
      vertex 42.7664 24.6606 6
    endloop
  endfacet
  facet normal -0.89686 -0.442314 2.89354e-18
    outer loop
      vertex 42.7664 24.6606 10
      vertex 42.9689 24.25 6
      vertex 42.9689 24.25 10
    endloop
  endfacet
  facet normal 0.89686 -0.442314 -2.89354e-18
    outer loop
      vertex 49.0311 24.25 10
      vertex 49.2336 24.6606 6
      vertex 49.2336 24.6606 10
    endloop
  endfacet
  facet normal 0.89686 -0.442314 -2.89354e-18
    outer loop
      vertex 49.2336 24.6606 6
      vertex 49.0311 24.25 10
      vertex 49.0311 24.25 6
    endloop
  endfacet
  facet normal 0.659278 0.7519 -0
    outer loop
      vertex 48.4749 28.4749 6
      vertex 48.1307 28.7767 10
      vertex 48.4749 28.4749 10
    endloop
  endfacet
  facet normal 0.659278 0.7519 0
    outer loop
      vertex 48.1307 28.7767 10
      vertex 48.4749 28.4749 6
      vertex 48.1307 28.7767 6
    endloop
  endfacet
  facet normal 0.997865 -0.0653156 7.40646e-20
    outer loop
      vertex 49.4701 25.5432 10
      vertex 49.5 26 6
      vertex 49.5 26 10
    endloop
  endfacet
  facet normal 0.997865 -0.0653156 7.40646e-20
    outer loop
      vertex 49.5 26 6
      vertex 49.4701 25.5432 10
      vertex 49.4701 25.5432 6
    endloop
  endfacet
  facet normal -0.555607 -0.831445 0
    outer loop
      vertex 43.8693 23.2233 6
      vertex 44.25 22.9689 10
      vertex 43.8693 23.2233 10
    endloop
  endfacet
  facet normal -0.555607 -0.831445 -0
    outer loop
      vertex 44.25 22.9689 10
      vertex 43.8693 23.2233 6
      vertex 44.25 22.9689 6
    endloop
  endfacet
  facet normal 0.89686 0.442314 2.89354e-18
    outer loop
      vertex 49.2336 27.3394 10
      vertex 49.0311 27.75 6
      vertex 49.0311 27.75 10
    endloop
  endfacet
  facet normal 0.89686 0.442314 2.89354e-18
    outer loop
      vertex 49.0311 27.75 6
      vertex 49.2336 27.3394 10
      vertex 49.2336 27.3394 6
    endloop
  endfacet
  facet normal 0.980757 -0.195234 -1.09975e-18
    outer loop
      vertex 49.3807 25.0941 10
      vertex 49.4701 25.5432 6
      vertex 49.4701 25.5432 10
    endloop
  endfacet
  facet normal 0.980757 -0.195234 -1.09975e-18
    outer loop
      vertex 49.4701 25.5432 6
      vertex 49.3807 25.0941 10
      vertex 49.3807 25.0941 6
    endloop
  endfacet
  facet normal 0.946966 0.321335 -1.77605e-18
    outer loop
      vertex 49.3807 26.9059 10
      vertex 49.2336 27.3394 6
      vertex 49.2336 27.3394 10
    endloop
  endfacet
  facet normal 0.946966 0.321335 -1.77605e-18
    outer loop
      vertex 49.2336 27.3394 6
      vertex 49.3807 26.9059 10
      vertex 49.3807 26.9059 6
    endloop
  endfacet
  facet normal -0.980757 -0.195234 1.09975e-18
    outer loop
      vertex 42.6193 25.0941 6
      vertex 42.5299 25.5432 10
      vertex 42.5299 25.5432 6
    endloop
  endfacet
  facet normal -0.980757 -0.195234 1.09975e-18
    outer loop
      vertex 42.5299 25.5432 10
      vertex 42.6193 25.0941 6
      vertex 42.6193 25.0941 10
    endloop
  endfacet
  facet normal -0.7519 -0.659278 1.37776e-18
    outer loop
      vertex 43.5251 23.5251 6
      vertex 43.2233 23.8693 10
      vertex 43.2233 23.8693 6
    endloop
  endfacet
  facet normal -0.7519 -0.659278 1.37776e-18
    outer loop
      vertex 43.2233 23.8693 10
      vertex 43.5251 23.5251 6
      vertex 43.5251 23.5251 10
    endloop
  endfacet
  facet normal 0 0 1
    outer loop
      vertex 47.6 26 10
      vertex 49.5 26 10
      vertex 49.4701 26.4568 10
    endloop
  endfacet
  facet normal 0 0 1
    outer loop
      vertex 47.5863 26.2088 10
      vertex 49.4701 26.4568 10
      vertex 49.3807 26.9059 10
    endloop
  endfacet
  facet normal 0 0 1
    outer loop
      vertex 49.5 26 10
      vertex 47.6 26 10
      vertex 49.4701 25.5432 10
    endloop
  endfacet
  facet normal 0 0 1
    outer loop
      vertex 47.5455 26.4141 10
      vertex 49.3807 26.9059 10
      vertex 49.2336 27.3394 10
    endloop
  endfacet
  facet normal -0 0 1
    outer loop
      vertex 47.5863 25.7912 10
      vertex 49.4701 25.5432 10
      vertex 47.6 26 10
    endloop
  endfacet
  facet normal 0 0 1
    outer loop
      vertex 47.4782 26.6123 10
      vertex 49.2336 27.3394 10
      vertex 49.0311 27.75 10
    endloop
  endfacet
  facet normal 0 0 1
    outer loop
      vertex 49.4701 25.5432 10
      vertex 47.5863 25.7912 10
      vertex 49.3807 25.0941 10
    endloop
  endfacet
  facet normal 0 0 1
    outer loop
      vertex 47.3856 26.8 10
      vertex 49.0311 27.75 10
      vertex 48.7767 28.1307 10
    endloop
  endfacet
  facet normal -0 0 1
    outer loop
      vertex 47.5455 25.5859 10
      vertex 49.3807 25.0941 10
      vertex 47.5863 25.7912 10
    endloop
  endfacet
  facet normal 0 0 1
    outer loop
      vertex 47.2694 26.974 10
      vertex 48.7767 28.1307 10
      vertex 48.4749 28.4749 10
    endloop
  endfacet
  facet normal 0 0 1
    outer loop
      vertex 49.3807 25.0941 10
      vertex 47.5455 25.5859 10
      vertex 49.2336 24.6606 10
    endloop
  endfacet
  facet normal 0 0 1
    outer loop
      vertex 47.1314 27.1314 10
      vertex 48.4749 28.4749 10
      vertex 48.1307 28.7767 10
    endloop
  endfacet
  facet normal -0 0 1
    outer loop
      vertex 47.4782 25.3877 10
      vertex 49.2336 24.6606 10
      vertex 47.5455 25.5859 10
    endloop
  endfacet
  facet normal 0 0 1
    outer loop
      vertex 47.3474 29.0428 10
      vertex 48.1307 28.7767 10
      vertex 47.7744 29.0148 10
    endloop
  endfacet
  facet normal 0 0 1
    outer loop
      vertex 49.2336 24.6606 10
      vertex 47.4782 25.3877 10
      vertex 49.0311 24.25 10
    endloop
  endfacet
  facet normal -0 0 1
    outer loop
      vertex 47.3856 25.2 10
      vertex 49.0311 24.25 10
      vertex 47.4782 25.3877 10
    endloop
  endfacet
  facet normal 0 0 1
    outer loop
      vertex 49.4701 26.4568 10
      vertex 47.5863 26.2088 10
      vertex 47.6 26 10
    endloop
  endfacet
  facet normal 0 0 1
    outer loop
      vertex 49.3807 26.9059 10
      vertex 47.5455 26.4141 10
      vertex 47.5863 26.2088 10
    endloop
  endfacet
  facet normal 0 0 1
    outer loop
      vertex 49.2336 27.3394 10
      vertex 47.4782 26.6123 10
      vertex 47.5455 26.4141 10
    endloop
  endfacet
  facet normal 0 0 1
    outer loop
      vertex 49.0311 27.75 10
      vertex 47.3856 26.8 10
      vertex 47.4782 26.6123 10
    endloop
  endfacet
  facet normal 0 0 1
    outer loop
      vertex 48.1307 28.7767 10
      vertex 47.3474 29.0428 10
      vertex 46.974 27.2694 10
    endloop
  endfacet
  facet normal 0 0 1
    outer loop
      vertex 48.7767 28.1307 10
      vertex 47.2694 26.974 10
      vertex 47.3856 26.8 10
    endloop
  endfacet
  facet normal 0 0 1
    outer loop
      vertex 48.4749 28.4749 10
      vertex 47.1314 27.1314 10
      vertex 47.2694 26.974 10
    endloop
  endfacet
  facet normal 0 0 1
    outer loop
      vertex 48.1307 28.7767 10
      vertex 46.974 27.2694 10
      vertex 47.1314 27.1314 10
    endloop
  endfacet
  facet normal 0 0 1
    outer loop
      vertex 47.3474 29.0428 10
      vertex 46.8 27.3856 10
      vertex 46.974 27.2694 10
    endloop
  endfacet
  facet normal 0 0 1
    outer loop
      vertex 46.6123 27.4782 10
      vertex 47.3474 29.0428 10
      vertex 46.7059 29.1704 10
    endloop
  endfacet
  facet normal 0 0 1
    outer loop
      vertex 47.3474 29.0428 10
      vertex 46.6123 27.4782 10
      vertex 46.8 27.3856 10
    endloop
  endfacet
  facet normal 0 0 1
    outer loop
      vertex 46.7059 29.1704 10
      vertex 46.4141 27.5455 10
      vertex 46.6123 27.4782 10
    endloop
  endfacet
  facet normal 0 0 1
    outer loop
      vertex 46.7059 29.1704 10
      vertex 46.2088 27.5863 10
      vertex 46.4141 27.5455 10
    endloop
  endfacet
  facet normal 0 0 1
    outer loop
      vertex 46 27.6 10
      vertex 46.7059 29.1704 10
      vertex 46.0866 29.3806 10
    endloop
  endfacet
  facet normal 0 0 1
    outer loop
      vertex 46.7059 29.1704 10
      vertex 46 27.6 10
      vertex 46.2088 27.5863 10
    endloop
  endfacet
  facet normal -0 0 1
    outer loop
      vertex 45.5432 29.4701 10
      vertex 46.0866 29.3806 10
      vertex 45.8627 29.491 10
    endloop
  endfacet
  facet normal 0 0 1
    outer loop
      vertex 46.0866 29.3806 10
      vertex 45.7912 27.5863 10
      vertex 46 27.6 10
    endloop
  endfacet
  facet normal 0 0 1
    outer loop
      vertex 46.0866 29.3806 10
      vertex 45.5432 29.4701 10
      vertex 45.7912 27.5863 10
    endloop
  endfacet
  facet normal 0 0 1
    outer loop
      vertex 45.7912 27.5863 10
      vertex 45.5432 29.4701 10
      vertex 45.5859 27.5455 10
    endloop
  endfacet
  facet normal -0 0 1
    outer loop
      vertex 45.0941 29.3807 10
      vertex 45.5859 27.5455 10
      vertex 45.5432 29.4701 10
    endloop
  endfacet
  facet normal 0 0 1
    outer loop
      vertex 45.5859 27.5455 10
      vertex 45.0941 29.3807 10
      vertex 45.3877 27.4782 10
    endloop
  endfacet
  facet normal -0 0 1
    outer loop
      vertex 44.6606 29.2336 10
      vertex 45.3877 27.4782 10
      vertex 45.0941 29.3807 10
    endloop
  endfacet
  facet normal 0 0 1
    outer loop
      vertex 45.3877 27.4782 10
      vertex 44.6606 29.2336 10
      vertex 45.2 27.3856 10
    endloop
  endfacet
  facet normal -0 0 1
    outer loop
      vertex 44.25 29.0311 10
      vertex 45.2 27.3856 10
      vertex 44.6606 29.2336 10
    endloop
  endfacet
  facet normal 0 0 1
    outer loop
      vertex 45.2 27.3856 10
      vertex 44.25 29.0311 10
      vertex 45.026 27.2694 10
    endloop
  endfacet
  facet normal -0 0 1
    outer loop
      vertex 43.8693 28.7767 10
      vertex 45.026 27.2694 10
      vertex 44.25 29.0311 10
    endloop
  endfacet
  facet normal 0 0 1
    outer loop
      vertex 45.026 27.2694 10
      vertex 43.8693 28.7767 10
      vertex 44.8686 27.1314 10
    endloop
  endfacet
  facet normal -0 0 1
    outer loop
      vertex 43.5251 28.4749 10
      vertex 44.8686 27.1314 10
      vertex 43.8693 28.7767 10
    endloop
  endfacet
  facet normal 0 0 1
    outer loop
      vertex 44.8686 27.1314 10
      vertex 43.5251 28.4749 10
      vertex 44.7306 26.974 10
    endloop
  endfacet
  facet normal -0 0 1
    outer loop
      vertex 43.2233 28.1307 10
      vertex 44.7306 26.974 10
      vertex 43.5251 28.4749 10
    endloop
  endfacet
  facet normal -0 0 1
    outer loop
      vertex 42.9689 27.75 10
      vertex 44.6144 26.8 10
      vertex 43.2233 28.1307 10
    endloop
  endfacet
  facet normal 0 0 1
    outer loop
      vertex 44.7306 26.974 10
      vertex 43.2233 28.1307 10
      vertex 44.6144 26.8 10
    endloop
  endfacet
  facet normal 0 0 1
    outer loop
      vertex 49.0311 24.25 10
      vertex 47.3856 25.2 10
      vertex 48.7767 23.8693 10
    endloop
  endfacet
  facet normal -0 0 1
    outer loop
      vertex 47.2694 25.026 10
      vertex 48.7767 23.8693 10
      vertex 47.3856 25.2 10
    endloop
  endfacet
  facet normal 0 0 1
    outer loop
      vertex 48.7767 23.8693 10
      vertex 47.2694 25.026 10
      vertex 48.4749 23.5251 10
    endloop
  endfacet
  facet normal -0 0 1
    outer loop
      vertex 47.1314 24.8686 10
      vertex 48.4749 23.5251 10
      vertex 47.2694 25.026 10
    endloop
  endfacet
  facet normal 0 0 1
    outer loop
      vertex 48.4749 23.5251 10
      vertex 47.1314 24.8686 10
      vertex 48.1307 23.2233 10
    endloop
  endfacet
  facet normal -0 0 1
    outer loop
      vertex 46.974 24.7306 10
      vertex 48.1307 23.2233 10
      vertex 47.1314 24.8686 10
    endloop
  endfacet
  facet normal 0 0 1
    outer loop
      vertex 48.1307 23.2233 10
      vertex 46.974 24.7306 10
      vertex 47.75 22.9689 10
    endloop
  endfacet
  facet normal -0 0 1
    outer loop
      vertex 46.8 24.6144 10
      vertex 47.75 22.9689 10
      vertex 46.974 24.7306 10
    endloop
  endfacet
  facet normal 0 0 1
    outer loop
      vertex 47.75 22.9689 10
      vertex 46.8 24.6144 10
      vertex 47.3394 22.7664 10
    endloop
  endfacet
  facet normal -0 0 1
    outer loop
      vertex 46.6123 24.5218 10
      vertex 47.3394 22.7664 10
      vertex 46.8 24.6144 10
    endloop
  endfacet
  facet normal 0 0 1
    outer loop
      vertex 47.3394 22.7664 10
      vertex 46.6123 24.5218 10
      vertex 46.9059 22.6193 10
    endloop
  endfacet
  facet normal -0 0 1
    outer loop
      vertex 46.4141 24.4545 10
      vertex 46.9059 22.6193 10
      vertex 46.6123 24.5218 10
    endloop
  endfacet
  facet normal 0 0 1
    outer loop
      vertex 46.9059 22.6193 10
      vertex 46.4141 24.4545 10
      vertex 46.4568 22.5299 10
    endloop
  endfacet
  facet normal -0 0 1
    outer loop
      vertex 46.2088 24.4137 10
      vertex 46.4568 22.5299 10
      vertex 46.4141 24.4545 10
    endloop
  endfacet
  facet normal -0 0 1
    outer loop
      vertex 46 24.4 10
      vertex 46.4568 22.5299 10
      vertex 46.2088 24.4137 10
    endloop
  endfacet
  facet normal 0 0 1
    outer loop
      vertex 46 24.4 10
      vertex 46 22.5 10
      vertex 46.4568 22.5299 10
    endloop
  endfacet
  facet normal 0 0 1
    outer loop
      vertex 45.7912 24.4137 10
      vertex 46 22.5 10
      vertex 46 24.4 10
    endloop
  endfacet
  facet normal 0 0 1
    outer loop
      vertex 45.5432 22.5299 10
      vertex 45.7912 24.4137 10
      vertex 45.5859 24.4545 10
    endloop
  endfacet
  facet normal 0 0 1
    outer loop
      vertex 45.7912 24.4137 10
      vertex 45.5432 22.5299 10
      vertex 46 22.5 10
    endloop
  endfacet
  facet normal 0 0 1
    outer loop
      vertex 45.0941 22.6193 10
      vertex 45.5859 24.4545 10
      vertex 45.3877 24.5218 10
    endloop
  endfacet
  facet normal 0 0 1
    outer loop
      vertex 44.6606 22.7664 10
      vertex 45.3877 24.5218 10
      vertex 45.2 24.6144 10
    endloop
  endfacet
  facet normal 0 0 1
    outer loop
      vertex 45.5859 24.4545 10
      vertex 45.0941 22.6193 10
      vertex 45.5432 22.5299 10
    endloop
  endfacet
  facet normal 0 0 1
    outer loop
      vertex 44.25 22.9689 10
      vertex 45.2 24.6144 10
      vertex 45.026 24.7306 10
    endloop
  endfacet
  facet normal 0 0 1
    outer loop
      vertex 43.8693 23.2233 10
      vertex 45.026 24.7306 10
      vertex 44.8686 24.8686 10
    endloop
  endfacet
  facet normal 0 0 1
    outer loop
      vertex 43.5251 23.5251 10
      vertex 44.8686 24.8686 10
      vertex 44.7306 25.026 10
    endloop
  endfacet
  facet normal 0 0 1
    outer loop
      vertex 45.3877 24.5218 10
      vertex 44.6606 22.7664 10
      vertex 45.0941 22.6193 10
    endloop
  endfacet
  facet normal 0 0 1
    outer loop
      vertex 43.2233 23.8693 10
      vertex 44.7306 25.026 10
      vertex 44.6144 25.2 10
    endloop
  endfacet
  facet normal 0 0 1
    outer loop
      vertex 42.9689 24.25 10
      vertex 44.6144 25.2 10
      vertex 44.5218 25.3877 10
    endloop
  endfacet
  facet normal 0 0 1
    outer loop
      vertex 42.7664 24.6606 10
      vertex 44.5218 25.3877 10
      vertex 44.4545 25.5859 10
    endloop
  endfacet
  facet normal 0 0 1
    outer loop
      vertex 42.6193 25.0941 10
      vertex 44.4545 25.5859 10
      vertex 44.4137 25.7912 10
    endloop
  endfacet
  facet normal 0 0 1
    outer loop
      vertex 45.2 24.6144 10
      vertex 44.25 22.9689 10
      vertex 44.6606 22.7664 10
    endloop
  endfacet
  facet normal 0 0 1
    outer loop
      vertex 42.5299 25.5432 10
      vertex 44.4137 25.7912 10
      vertex 44.4 26 10
    endloop
  endfacet
  facet normal 0 0 1
    outer loop
      vertex 44.6144 26.8 10
      vertex 42.9689 27.75 10
      vertex 44.5218 26.6123 10
    endloop
  endfacet
  facet normal -0 0 1
    outer loop
      vertex 42.7664 27.3394 10
      vertex 44.5218 26.6123 10
      vertex 42.9689 27.75 10
    endloop
  endfacet
  facet normal 0 0 1
    outer loop
      vertex 45.026 24.7306 10
      vertex 43.8693 23.2233 10
      vertex 44.25 22.9689 10
    endloop
  endfacet
  facet normal 0 0 1
    outer loop
      vertex 44.5218 26.6123 10
      vertex 42.7664 27.3394 10
      vertex 44.4545 26.4141 10
    endloop
  endfacet
  facet normal 0 0 1
    outer loop
      vertex 44.8686 24.8686 10
      vertex 43.5251 23.5251 10
      vertex 43.8693 23.2233 10
    endloop
  endfacet
  facet normal -0 0 1
    outer loop
      vertex 42.6193 26.9059 10
      vertex 44.4545 26.4141 10
      vertex 42.7664 27.3394 10
    endloop
  endfacet
  facet normal 0 0 1
    outer loop
      vertex 44.7306 25.026 10
      vertex 43.2233 23.8693 10
      vertex 43.5251 23.5251 10
    endloop
  endfacet
  facet normal 0 0 1
    outer loop
      vertex 44.4545 26.4141 10
      vertex 42.6193 26.9059 10
      vertex 44.4137 26.2088 10
    endloop
  endfacet
  facet normal 0 0 1
    outer loop
      vertex 44.6144 25.2 10
      vertex 42.9689 24.25 10
      vertex 43.2233 23.8693 10
    endloop
  endfacet
  facet normal -0 0 1
    outer loop
      vertex 42.5299 26.4568 10
      vertex 44.4137 26.2088 10
      vertex 42.6193 26.9059 10
    endloop
  endfacet
  facet normal 0 0 1
    outer loop
      vertex 44.5218 25.3877 10
      vertex 42.7664 24.6606 10
      vertex 42.9689 24.25 10
    endloop
  endfacet
  facet normal 0 0 1
    outer loop
      vertex 44.4137 26.2088 10
      vertex 42.5299 26.4568 10
      vertex 44.4 26 10
    endloop
  endfacet
  facet normal 0 0 1
    outer loop
      vertex 44.4545 25.5859 10
      vertex 42.6193 25.0941 10
      vertex 42.7664 24.6606 10
    endloop
  endfacet
  facet normal 0 0 1
    outer loop
      vertex 42.5 26 10
      vertex 44.4 26 10
      vertex 42.5299 26.4568 10
    endloop
  endfacet
  facet normal 0 0 1
    outer loop
      vertex 44.4137 25.7912 10
      vertex 42.5299 25.5432 10
      vertex 42.6193 25.0941 10
    endloop
  endfacet
  facet normal 0 0 1
    outer loop
      vertex 44.4 26 10
      vertex 42.5 26 10
      vertex 42.5299 25.5432 10
    endloop
  endfacet
  facet normal -0.195234 -0.980757 0
    outer loop
      vertex 45.0941 22.6193 6
      vertex 45.5432 22.5299 10
      vertex 45.0941 22.6193 10
    endloop
  endfacet
  facet normal -0.195234 -0.980757 -0
    outer loop
      vertex 45.5432 22.5299 10
      vertex 45.0941 22.6193 6
      vertex 45.5432 22.5299 6
    endloop
  endfacet
  facet normal -0.831445 0.555607 1.14693e-18
    outer loop
      vertex 42.9689 27.75 6
      vertex 43.2233 28.1307 10
      vertex 43.2233 28.1307 6
    endloop
  endfacet
  facet normal -0.831445 0.555607 1.14693e-18
    outer loop
      vertex 43.2233 28.1307 10
      vertex 42.9689 27.75 6
      vertex 42.9689 27.75 10
    endloop
  endfacet
  facet normal -0.0653156 -0.997865 0
    outer loop
      vertex 45.5432 22.5299 6
      vertex 46 22.5 10
      vertex 45.5432 22.5299 10
    endloop
  endfacet
  facet normal -0.0653156 -0.997865 -0
    outer loop
      vertex 46 22.5 10
      vertex 45.5432 22.5299 6
      vertex 46 22.5 6
    endloop
  endfacet
  facet normal -0.194922 -0.980819 0
    outer loop
      vertex 46.2088 27.5863 6
      vertex 46.4141 27.5455 10
      vertex 46.2088 27.5863 10
    endloop
  endfacet
  facet normal -0.194922 -0.980819 -0
    outer loop
      vertex 46.4141 27.5455 10
      vertex 46.2088 27.5863 6
      vertex 46.4141 27.5455 6
    endloop
  endfacet
  facet normal -0.980819 -0.194922 -6.39131e-19
    outer loop
      vertex 47.5863 26.2088 6
      vertex 47.5455 26.4141 10
      vertex 47.5455 26.4141 6
    endloop
  endfacet
  facet normal -0.980819 -0.194922 -6.39131e-19
    outer loop
      vertex 47.5455 26.4141 10
      vertex 47.5863 26.2088 6
      vertex 47.5863 26.2088 10
    endloop
  endfacet
  facet normal -0.997854 -0.0654722 -1.64907e-19
    outer loop
      vertex 47.6 26 6
      vertex 47.5863 26.2088 10
      vertex 47.5863 26.2088 6
    endloop
  endfacet
  facet normal -0.997854 -0.0654722 -1.64907e-19
    outer loop
      vertex 47.5863 26.2088 10
      vertex 47.6 26 6
      vertex 47.6 26 10
    endloop
  endfacet
  facet normal -0.946901 -0.321526 -9.68114e-19
    outer loop
      vertex 47.5455 26.4141 6
      vertex 47.4782 26.6123 10
      vertex 47.4782 26.6123 6
    endloop
  endfacet
  facet normal -0.946901 -0.321526 -9.68114e-19
    outer loop
      vertex 47.4782 26.6123 10
      vertex 47.5455 26.4141 6
      vertex 47.5455 26.4141 10
    endloop
  endfacet
  facet normal -0.831609 -0.555362 8.55565e-19
    outer loop
      vertex 47.3856 26.8 6
      vertex 47.2694 26.974 10
      vertex 47.2694 26.974 6
    endloop
  endfacet
  facet normal -0.831609 -0.555362 8.55565e-19
    outer loop
      vertex 47.2694 26.974 10
      vertex 47.3856 26.8 6
      vertex 47.3856 26.8 10
    endloop
  endfacet
  facet normal -0.321526 -0.946901 0
    outer loop
      vertex 46.4141 27.5455 6
      vertex 46.6123 27.4782 10
      vertex 46.4141 27.5455 10
    endloop
  endfacet
  facet normal -0.321526 -0.946901 -0
    outer loop
      vertex 46.6123 27.4782 10
      vertex 46.4141 27.5455 6
      vertex 46.6123 27.4782 6
    endloop
  endfacet
  facet normal -0.997854 0.0654722 1.64907e-19
    outer loop
      vertex 47.5863 25.7912 6
      vertex 47.6 26 10
      vertex 47.6 26 6
    endloop
  endfacet
  facet normal -0.997854 0.0654722 1.64907e-19
    outer loop
      vertex 47.6 26 10
      vertex 47.5863 25.7912 6
      vertex 47.5863 25.7912 10
    endloop
  endfacet
  facet normal 0.555362 0.831609 -0
    outer loop
      vertex 45.2 24.6144 6
      vertex 45.026 24.7306 10
      vertex 45.2 24.6144 10
    endloop
  endfacet
  facet normal 0.555362 0.831609 0
    outer loop
      vertex 45.026 24.7306 10
      vertex 45.2 24.6144 6
      vertex 45.026 24.7306 6
    endloop
  endfacet
  facet normal 0.321526 0.946901 -0
    outer loop
      vertex 45.5859 24.4545 6
      vertex 45.3877 24.5218 10
      vertex 45.5859 24.4545 10
    endloop
  endfacet
  facet normal 0.321526 0.946901 0
    outer loop
      vertex 45.3877 24.5218 10
      vertex 45.5859 24.4545 6
      vertex 45.3877 24.5218 6
    endloop
  endfacet
  facet normal -0.896803 -0.442429 1.99871e-18
    outer loop
      vertex 47.4782 26.6123 6
      vertex 47.3856 26.8 10
      vertex 47.3856 26.8 6
    endloop
  endfacet
  facet normal -0.896803 -0.442429 1.99871e-18
    outer loop
      vertex 47.3856 26.8 10
      vertex 47.4782 26.6123 6
      vertex 47.4782 26.6123 10
    endloop
  endfacet
  facet normal 0.321526 -0.946901 0
    outer loop
      vertex 45.3877 27.4782 6
      vertex 45.5859 27.5455 10
      vertex 45.3877 27.4782 10
    endloop
  endfacet
  facet normal 0.321526 -0.946901 0
    outer loop
      vertex 45.5859 27.5455 10
      vertex 45.3877 27.4782 6
      vertex 45.5859 27.5455 6
    endloop
  endfacet
  facet normal -0.751925 -0.659248 -3.40711e-19
    outer loop
      vertex 47.2694 26.974 6
      vertex 47.1314 27.1314 10
      vertex 47.1314 27.1314 6
    endloop
  endfacet
  facet normal -0.751925 -0.659248 -3.40711e-19
    outer loop
      vertex 47.1314 27.1314 10
      vertex 47.2694 26.974 6
      vertex 47.2694 26.974 10
    endloop
  endfacet
  facet normal -0.946901 0.321526 9.68114e-19
    outer loop
      vertex 47.4782 25.3877 6
      vertex 47.5455 25.5859 10
      vertex 47.5455 25.5859 6
    endloop
  endfacet
  facet normal -0.946901 0.321526 9.68114e-19
    outer loop
      vertex 47.5455 25.5859 10
      vertex 47.4782 25.3877 6
      vertex 47.4782 25.3877 10
    endloop
  endfacet
  facet normal 0.751925 0.659248 -3.40711e-19
    outer loop
      vertex 44.8686 24.8686 10
      vertex 44.7306 25.026 6
      vertex 44.7306 25.026 10
    endloop
  endfacet
  facet normal 0.751925 0.659248 -3.40711e-19
    outer loop
      vertex 44.7306 25.026 6
      vertex 44.8686 24.8686 10
      vertex 44.8686 24.8686 6
    endloop
  endfacet
  facet normal -0.980819 0.194922 6.39131e-19
    outer loop
      vertex 47.5455 25.5859 6
      vertex 47.5863 25.7912 10
      vertex 47.5863 25.7912 6
    endloop
  endfacet
  facet normal -0.980819 0.194922 6.39131e-19
    outer loop
      vertex 47.5863 25.7912 10
      vertex 47.5455 25.5859 6
      vertex 47.5455 25.5859 10
    endloop
  endfacet
  facet normal 0.659248 -0.751925 0
    outer loop
      vertex 44.8686 27.1314 6
      vertex 45.026 27.2694 10
      vertex 44.8686 27.1314 10
    endloop
  endfacet
  facet normal 0.659248 -0.751925 0
    outer loop
      vertex 45.026 27.2694 10
      vertex 44.8686 27.1314 6
      vertex 45.026 27.2694 6
    endloop
  endfacet
  facet normal 0.946901 0.321526 -9.68114e-19
    outer loop
      vertex 44.5218 25.3877 10
      vertex 44.4545 25.5859 6
      vertex 44.4545 25.5859 10
    endloop
  endfacet
  facet normal 0.946901 0.321526 -9.68114e-19
    outer loop
      vertex 44.4545 25.5859 6
      vertex 44.5218 25.3877 10
      vertex 44.5218 25.3877 6
    endloop
  endfacet
  facet normal -0.831609 0.555362 -8.55565e-19
    outer loop
      vertex 47.2694 25.026 6
      vertex 47.3856 25.2 10
      vertex 47.3856 25.2 6
    endloop
  endfacet
  facet normal -0.831609 0.555362 -8.55565e-19
    outer loop
      vertex 47.3856 25.2 10
      vertex 47.2694 25.026 6
      vertex 47.2694 25.026 10
    endloop
  endfacet
  facet normal -0.442429 -0.896803 0
    outer loop
      vertex 46.6123 27.4782 6
      vertex 46.8 27.3856 10
      vertex 46.6123 27.4782 10
    endloop
  endfacet
  facet normal -0.442429 -0.896803 -0
    outer loop
      vertex 46.8 27.3856 10
      vertex 46.6123 27.4782 6
      vertex 46.8 27.3856 6
    endloop
  endfacet
  facet normal 0.442429 -0.896803 0
    outer loop
      vertex 45.2 27.3856 6
      vertex 45.3877 27.4782 10
      vertex 45.2 27.3856 10
    endloop
  endfacet
  facet normal 0.442429 -0.896803 0
    outer loop
      vertex 45.3877 27.4782 10
      vertex 45.2 27.3856 6
      vertex 45.3877 27.4782 6
    endloop
  endfacet
  facet normal -0.442429 0.896803 0
    outer loop
      vertex 46.8 24.6144 6
      vertex 46.6123 24.5218 10
      vertex 46.8 24.6144 10
    endloop
  endfacet
  facet normal -0.442429 0.896803 0
    outer loop
      vertex 46.6123 24.5218 10
      vertex 46.8 24.6144 6
      vertex 46.6123 24.5218 6
    endloop
  endfacet
  facet normal -0.321526 0.946901 0
    outer loop
      vertex 46.6123 24.5218 6
      vertex 46.4141 24.4545 10
      vertex 46.6123 24.5218 10
    endloop
  endfacet
  facet normal -0.321526 0.946901 0
    outer loop
      vertex 46.4141 24.4545 10
      vertex 46.6123 24.5218 6
      vertex 46.4141 24.4545 6
    endloop
  endfacet
  facet normal 0.896803 0.442429 1.99871e-18
    outer loop
      vertex 44.6144 25.2 10
      vertex 44.5218 25.3877 6
      vertex 44.5218 25.3877 10
    endloop
  endfacet
  facet normal 0.896803 0.442429 1.99871e-18
    outer loop
      vertex 44.5218 25.3877 6
      vertex 44.6144 25.2 10
      vertex 44.6144 25.2 6
    endloop
  endfacet
  facet normal 0.980819 0.194922 -6.39131e-19
    outer loop
      vertex 44.4545 25.5859 10
      vertex 44.4137 25.7912 6
      vertex 44.4137 25.7912 10
    endloop
  endfacet
  facet normal 0.980819 0.194922 -6.39131e-19
    outer loop
      vertex 44.4137 25.7912 6
      vertex 44.4545 25.5859 10
      vertex 44.4545 25.5859 6
    endloop
  endfacet
  facet normal 0.555362 -0.831609 0
    outer loop
      vertex 45.026 27.2694 6
      vertex 45.2 27.3856 10
      vertex 45.026 27.2694 10
    endloop
  endfacet
  facet normal 0.555362 -0.831609 0
    outer loop
      vertex 45.2 27.3856 10
      vertex 45.026 27.2694 6
      vertex 45.2 27.3856 6
    endloop
  endfacet
  facet normal -0.555362 0.831609 0
    outer loop
      vertex 46.974 24.7306 6
      vertex 46.8 24.6144 10
      vertex 46.974 24.7306 10
    endloop
  endfacet
  facet normal -0.555362 0.831609 0
    outer loop
      vertex 46.8 24.6144 10
      vertex 46.974 24.7306 6
      vertex 46.8 24.6144 6
    endloop
  endfacet
  facet normal -0.194922 0.980819 0
    outer loop
      vertex 46.4141 24.4545 6
      vertex 46.2088 24.4137 10
      vertex 46.4141 24.4545 10
    endloop
  endfacet
  facet normal -0.194922 0.980819 0
    outer loop
      vertex 46.2088 24.4137 10
      vertex 46.4141 24.4545 6
      vertex 46.2088 24.4137 6
    endloop
  endfacet
  facet normal -0.659248 -0.751925 0
    outer loop
      vertex 46.974 27.2694 6
      vertex 47.1314 27.1314 10
      vertex 46.974 27.2694 10
    endloop
  endfacet
  facet normal -0.659248 -0.751925 -0
    outer loop
      vertex 47.1314 27.1314 10
      vertex 46.974 27.2694 6
      vertex 47.1314 27.1314 6
    endloop
  endfacet
  facet normal 0.946901 -0.321526 9.68114e-19
    outer loop
      vertex 44.4545 26.4141 10
      vertex 44.5218 26.6123 6
      vertex 44.5218 26.6123 10
    endloop
  endfacet
  facet normal 0.946901 -0.321526 9.68114e-19
    outer loop
      vertex 44.5218 26.6123 6
      vertex 44.4545 26.4141 10
      vertex 44.4545 26.4141 6
    endloop
  endfacet
  facet normal 0.0654722 -0.997854 0
    outer loop
      vertex 45.7912 27.5863 6
      vertex 46 27.6 10
      vertex 45.7912 27.5863 10
    endloop
  endfacet
  facet normal 0.0654722 -0.997854 0
    outer loop
      vertex 46 27.6 10
      vertex 45.7912 27.5863 6
      vertex 46 27.6 6
    endloop
  endfacet
  facet normal -0.0654722 0.997854 0
    outer loop
      vertex 46.2088 24.4137 6
      vertex 46 24.4 10
      vertex 46.2088 24.4137 10
    endloop
  endfacet
  facet normal -0.0654722 0.997854 0
    outer loop
      vertex 46 24.4 10
      vertex 46.2088 24.4137 6
      vertex 46 24.4 6
    endloop
  endfacet
  facet normal 0.194922 -0.980819 0
    outer loop
      vertex 45.5859 27.5455 6
      vertex 45.7912 27.5863 10
      vertex 45.5859 27.5455 10
    endloop
  endfacet
  facet normal 0.194922 -0.980819 0
    outer loop
      vertex 45.7912 27.5863 10
      vertex 45.5859 27.5455 6
      vertex 45.7912 27.5863 6
    endloop
  endfacet
  facet normal 0.659248 0.751925 -0
    outer loop
      vertex 45.026 24.7306 6
      vertex 44.8686 24.8686 10
      vertex 45.026 24.7306 10
    endloop
  endfacet
  facet normal 0.659248 0.751925 0
    outer loop
      vertex 44.8686 24.8686 10
      vertex 45.026 24.7306 6
      vertex 44.8686 24.8686 6
    endloop
  endfacet
  facet normal 0.896803 -0.442429 -1.99871e-18
    outer loop
      vertex 44.5218 26.6123 10
      vertex 44.6144 26.8 6
      vertex 44.6144 26.8 10
    endloop
  endfacet
  facet normal 0.896803 -0.442429 -1.99871e-18
    outer loop
      vertex 44.6144 26.8 6
      vertex 44.5218 26.6123 10
      vertex 44.5218 26.6123 6
    endloop
  endfacet
  facet normal -0.896803 0.442429 -1.99871e-18
    outer loop
      vertex 47.3856 25.2 6
      vertex 47.4782 25.3877 10
      vertex 47.4782 25.3877 6
    endloop
  endfacet
  facet normal -0.896803 0.442429 -1.99871e-18
    outer loop
      vertex 47.4782 25.3877 10
      vertex 47.3856 25.2 6
      vertex 47.3856 25.2 10
    endloop
  endfacet
  facet normal -0.751925 0.659248 3.40711e-19
    outer loop
      vertex 47.1314 24.8686 6
      vertex 47.2694 25.026 10
      vertex 47.2694 25.026 6
    endloop
  endfacet
  facet normal -0.751925 0.659248 3.40711e-19
    outer loop
      vertex 47.2694 25.026 10
      vertex 47.1314 24.8686 6
      vertex 47.1314 24.8686 10
    endloop
  endfacet
  facet normal 0.0654722 0.997854 -0
    outer loop
      vertex 46 24.4 6
      vertex 45.7912 24.4137 10
      vertex 46 24.4 10
    endloop
  endfacet
  facet normal 0.0654722 0.997854 0
    outer loop
      vertex 45.7912 24.4137 10
      vertex 46 24.4 6
      vertex 45.7912 24.4137 6
    endloop
  endfacet
  facet normal -0.0654722 -0.997854 0
    outer loop
      vertex 46 27.6 6
      vertex 46.2088 27.5863 10
      vertex 46 27.6 10
    endloop
  endfacet
  facet normal -0.0654722 -0.997854 -0
    outer loop
      vertex 46.2088 27.5863 10
      vertex 46 27.6 6
      vertex 46.2088 27.5863 6
    endloop
  endfacet
  facet normal -0.555362 -0.831609 0
    outer loop
      vertex 46.8 27.3856 6
      vertex 46.974 27.2694 10
      vertex 46.8 27.3856 10
    endloop
  endfacet
  facet normal -0.555362 -0.831609 -0
    outer loop
      vertex 46.974 27.2694 10
      vertex 46.8 27.3856 6
      vertex 46.974 27.2694 6
    endloop
  endfacet
  facet normal 0.997854 0.0654722 -1.64907e-19
    outer loop
      vertex 44.4137 25.7912 10
      vertex 44.4 26 6
      vertex 44.4 26 10
    endloop
  endfacet
  facet normal 0.997854 0.0654722 -1.64907e-19
    outer loop
      vertex 44.4 26 6
      vertex 44.4137 25.7912 10
      vertex 44.4137 25.7912 6
    endloop
  endfacet
  facet normal 0.751925 -0.659248 3.40711e-19
    outer loop
      vertex 44.7306 26.974 10
      vertex 44.8686 27.1314 6
      vertex 44.8686 27.1314 10
    endloop
  endfacet
  facet normal 0.751925 -0.659248 3.40711e-19
    outer loop
      vertex 44.8686 27.1314 6
      vertex 44.7306 26.974 10
      vertex 44.7306 26.974 6
    endloop
  endfacet
  facet normal 0.194922 0.980819 -0
    outer loop
      vertex 45.7912 24.4137 6
      vertex 45.5859 24.4545 10
      vertex 45.7912 24.4137 10
    endloop
  endfacet
  facet normal 0.194922 0.980819 0
    outer loop
      vertex 45.5859 24.4545 10
      vertex 45.7912 24.4137 6
      vertex 45.5859 24.4545 6
    endloop
  endfacet
  facet normal 0.980819 -0.194922 6.39131e-19
    outer loop
      vertex 44.4137 26.2088 10
      vertex 44.4545 26.4141 6
      vertex 44.4545 26.4141 10
    endloop
  endfacet
  facet normal 0.980819 -0.194922 6.39131e-19
    outer loop
      vertex 44.4545 26.4141 6
      vertex 44.4137 26.2088 10
      vertex 44.4137 26.2088 6
    endloop
  endfacet
  facet normal 0.997854 -0.0654722 1.64907e-19
    outer loop
      vertex 44.4 26 10
      vertex 44.4137 26.2088 6
      vertex 44.4137 26.2088 10
    endloop
  endfacet
  facet normal 0.997854 -0.0654722 1.64907e-19
    outer loop
      vertex 44.4137 26.2088 6
      vertex 44.4 26 10
      vertex 44.4 26 6
    endloop
  endfacet
  facet normal 0.442429 0.896803 -0
    outer loop
      vertex 45.3877 24.5218 6
      vertex 45.2 24.6144 10
      vertex 45.3877 24.5218 10
    endloop
  endfacet
  facet normal 0.442429 0.896803 0
    outer loop
      vertex 45.2 24.6144 10
      vertex 45.3877 24.5218 6
      vertex 45.2 24.6144 6
    endloop
  endfacet
  facet normal -0.659248 0.751925 0
    outer loop
      vertex 47.1314 24.8686 6
      vertex 46.974 24.7306 10
      vertex 47.1314 24.8686 10
    endloop
  endfacet
  facet normal -0.659248 0.751925 0
    outer loop
      vertex 46.974 24.7306 10
      vertex 47.1314 24.8686 6
      vertex 46.974 24.7306 6
    endloop
  endfacet
  facet normal 0.831609 -0.555362 -8.55565e-19
    outer loop
      vertex 44.6144 26.8 10
      vertex 44.7306 26.974 6
      vertex 44.7306 26.974 10
    endloop
  endfacet
  facet normal 0.831609 -0.555362 -8.55565e-19
    outer loop
      vertex 44.7306 26.974 6
      vertex 44.6144 26.8 10
      vertex 44.6144 26.8 6
    endloop
  endfacet
  facet normal 0.831609 0.555362 8.55565e-19
    outer loop
      vertex 44.7306 25.026 10
      vertex 44.6144 25.2 6
      vertex 44.6144 25.2 10
    endloop
  endfacet
  facet normal 0.831609 0.555362 8.55565e-19
    outer loop
      vertex 44.6144 25.2 6
      vertex 44.7306 25.026 10
      vertex 44.7306 25.026 6
    endloop
  endfacet
  facet normal 0.980786 0.195087 -5.5301e-19
    outer loop
      vertex -43.0428 -33.3474 24
      vertex -43.1704 -32.7059 6
      vertex -43.1704 -32.7059 24
    endloop
  endfacet
  facet normal 0.980786 0.195087 -5.5301e-19
    outer loop
      vertex -43.1704 -32.7059 6
      vertex -43.0428 -33.3474 24
      vertex -43.0428 -33.3474 6
    endloop
  endfacet
  facet normal 0.997856 0.0654432 -7.37528e-20
    outer loop
      vertex -43 -34 24
      vertex -43.0428 -33.3474 6
      vertex -43.0428 -33.3474 24
    endloop
  endfacet
  facet normal 0.997856 0.0654432 -7.37528e-20
    outer loop
      vertex -43.0428 -33.3474 6
      vertex -43 -34 24
      vertex -43 -34 6
    endloop
  endfacet
  facet normal 0.321407 -0.946941 0
    outer loop
      vertex -46.7059 -38.8296 6
      vertex -46.0866 -38.6194 24
      vertex -46.7059 -38.8296 24
    endloop
  endfacet
  facet normal 0.321407 -0.946941 0
    outer loop
      vertex -46.0866 -38.6194 24
      vertex -46.7059 -38.8296 6
      vertex -46.0866 -38.6194 6
    endloop
  endfacet
  facet normal 0.831509 0.555512 -2.59926e-19
    outer loop
      vertex -43.6699 -31.5 24
      vertex -44.0332 -30.9562 6
      vertex -44.0332 -30.9562 24
    endloop
  endfacet
  facet normal 0.831509 0.555512 -2.59926e-19
    outer loop
      vertex -44.0332 -30.9562 6
      vertex -43.6699 -31.5 24
      vertex -43.6699 -31.5 6
    endloop
  endfacet
  facet normal -0.89686 0.442314 -3.25841e-19
    outer loop
      vertex -52.6194 -32.0866 6
      vertex -52.3301 -31.5 24
      vertex -52.3301 -31.5 6
    endloop
  endfacet
  facet normal -0.89686 0.442314 -3.25841e-19
    outer loop
      vertex -52.3301 -31.5 24
      vertex -52.6194 -32.0866 6
      vertex -52.6194 -32.0866 24
    endloop
  endfacet
  facet normal -0.555512 0.831509 0
    outer loop
      vertex -50.5 -29.6699 6
      vertex -51.0438 -30.0332 24
      vertex -50.5 -29.6699 24
    endloop
  endfacet
  facet normal -0.555512 0.831509 0
    outer loop
      vertex -51.0438 -30.0332 24
      vertex -50.5 -29.6699 6
      vertex -51.0438 -30.0332 6
    endloop
  endfacet
  facet normal -0.659424 0.751771 0
    outer loop
      vertex -51.0438 -30.0332 6
      vertex -51.5355 -30.4645 24
      vertex -51.0438 -30.0332 24
    endloop
  endfacet
  facet normal -0.659424 0.751771 0
    outer loop
      vertex -51.5355 -30.4645 24
      vertex -51.0438 -30.0332 6
      vertex -51.5355 -30.4645 6
    endloop
  endfacet
  facet normal -0.751771 0.659424 6.01194e-19
    outer loop
      vertex -51.9668 -30.9562 6
      vertex -51.5355 -30.4645 24
      vertex -51.5355 -30.4645 6
    endloop
  endfacet
  facet normal -0.751771 0.659424 6.01194e-19
    outer loop
      vertex -51.5355 -30.4645 24
      vertex -51.9668 -30.9562 6
      vertex -51.9668 -30.9562 24
    endloop
  endfacet
  facet normal 0.946941 -0.321407 7.55944e-19
    outer loop
      vertex -43.3806 -35.9134 24
      vertex -43.1704 -35.2941 6
      vertex -43.1704 -35.2941 24
    endloop
  endfacet
  facet normal 0.946941 -0.321407 7.55944e-19
    outer loop
      vertex -43.1704 -35.2941 6
      vertex -43.3806 -35.9134 24
      vertex -43.3806 -35.9134 6
    endloop
  endfacet
  facet normal -0.997856 0.0654432 7.37528e-20
    outer loop
      vertex -53 -34 6
      vertex -52.9572 -33.3474 24
      vertex -52.9572 -33.3474 6
    endloop
  endfacet
  facet normal -0.997856 0.0654432 7.37528e-20
    outer loop
      vertex -52.9572 -33.3474 24
      vertex -53 -34 6
      vertex -53 -34 24
    endloop
  endfacet
  facet normal 0.555512 0.831509 -0
    outer loop
      vertex -44.9562 -30.0332 6
      vertex -45.5 -29.6699 24
      vertex -44.9562 -30.0332 24
    endloop
  endfacet
  facet normal 0.555512 0.831509 0
    outer loop
      vertex -45.5 -29.6699 24
      vertex -44.9562 -30.0332 6
      vertex -45.5 -29.6699 6
    endloop
  endfacet
  facet normal -0.321407 -0.946941 0
    outer loop
      vertex -49.9134 -38.6194 6
      vertex -49.2941 -38.8296 24
      vertex -49.9134 -38.6194 24
    endloop
  endfacet
  facet normal -0.321407 -0.946941 -0
    outer loop
      vertex -49.2941 -38.8296 24
      vertex -49.9134 -38.6194 6
      vertex -49.2941 -38.8296 6
    endloop
  endfacet
  facet normal -0.751771 -0.659424 -1.08779e-18
    outer loop
      vertex -51.5355 -37.5355 6
      vertex -51.9668 -37.0438 24
      vertex -51.9668 -37.0438 6
    endloop
  endfacet
  facet normal -0.751771 -0.659424 -1.08779e-18
    outer loop
      vertex -51.9668 -37.0438 24
      vertex -51.5355 -37.5355 6
      vertex -51.5355 -37.5355 24
    endloop
  endfacet
  facet normal 0.195087 -0.980786 0
    outer loop
      vertex -47.3474 -38.9572 6
      vertex -46.7059 -38.8296 24
      vertex -47.3474 -38.9572 24
    endloop
  endfacet
  facet normal 0.195087 -0.980786 0
    outer loop
      vertex -46.7059 -38.8296 24
      vertex -47.3474 -38.9572 6
      vertex -46.7059 -38.8296 6
    endloop
  endfacet
  facet normal -0.321407 0.946941 0
    outer loop
      vertex -49.2941 -29.1704 6
      vertex -49.9134 -29.3806 24
      vertex -49.2941 -29.1704 24
    endloop
  endfacet
  facet normal -0.321407 0.946941 0
    outer loop
      vertex -49.9134 -29.3806 24
      vertex -49.2941 -29.1704 6
      vertex -49.9134 -29.3806 6
    endloop
  endfacet
  facet normal -0.831509 -0.555512 9.24629e-19
    outer loop
      vertex -51.9668 -37.0438 6
      vertex -52.3301 -36.5 24
      vertex -52.3301 -36.5 6
    endloop
  endfacet
  facet normal -0.831509 -0.555512 9.24629e-19
    outer loop
      vertex -52.3301 -36.5 24
      vertex -51.9668 -37.0438 6
      vertex -51.9668 -37.0438 24
    endloop
  endfacet
  facet normal 0.555512 -0.831509 0
    outer loop
      vertex -45.5 -38.3301 6
      vertex -44.9562 -37.9668 24
      vertex -45.5 -38.3301 24
    endloop
  endfacet
  facet normal 0.555512 -0.831509 0
    outer loop
      vertex -44.9562 -37.9668 24
      vertex -45.5 -38.3301 6
      vertex -44.9562 -37.9668 6
    endloop
  endfacet
  facet normal -0.946941 0.321407 7.55944e-19
    outer loop
      vertex -52.8296 -32.7059 6
      vertex -52.6194 -32.0866 24
      vertex -52.6194 -32.0866 6
    endloop
  endfacet
  facet normal -0.946941 0.321407 7.55944e-19
    outer loop
      vertex -52.6194 -32.0866 24
      vertex -52.8296 -32.7059 6
      vertex -52.8296 -32.7059 24
    endloop
  endfacet
  facet normal 0.321407 0.946941 -0
    outer loop
      vertex -46.0866 -29.3806 10
      vertex -46.7059 -29.1704 24
      vertex -46.0866 -29.3806 24
    endloop
  endfacet
  facet normal 0.321407 0.946941 0
    outer loop
      vertex -46.7059 -29.1704 24
      vertex -46.0866 -29.3806 10
      vertex -46.7059 -29.1704 10
    endloop
  endfacet
  facet normal 0.0654332 0.997857 4.20677e-21
    outer loop
      vertex -47.7744 -29.0148 10
      vertex -47.3474 -29.0428 24
      vertex -47.3474 -29.0428 10
    endloop
  endfacet
  facet normal 0.0654432 0.997856 -3.05809e-07
    outer loop
      vertex -47.3474 -29.0428 24
      vertex -47.7744 -29.0148 10
      vertex -48 -29 24
    endloop
  endfacet
  facet normal 0.0654621 0.997855 -1.964e-19
    outer loop
      vertex -48 -29 6
      vertex -47.7744 -29.0148 10
      vertex -47.7744 -29.0148 6
    endloop
  endfacet
  facet normal 0.0654621 0.997855 -4.36445e-20
    outer loop
      vertex -47.7744 -29.0148 10
      vertex -48 -29 6
      vertex -48 -29 24
    endloop
  endfacet
  facet normal -0.442314 0.89686 0
    outer loop
      vertex -49.9134 -29.3806 6
      vertex -50.5 -29.6699 24
      vertex -49.9134 -29.3806 24
    endloop
  endfacet
  facet normal -0.442314 0.89686 0
    outer loop
      vertex -50.5 -29.6699 24
      vertex -49.9134 -29.3806 6
      vertex -50.5 -29.6699 6
    endloop
  endfacet
  facet normal 0.831509 -0.555512 -9.24629e-19
    outer loop
      vertex -44.0332 -37.0438 24
      vertex -43.6699 -36.5 6
      vertex -43.6699 -36.5 24
    endloop
  endfacet
  facet normal 0.831509 -0.555512 -9.24629e-19
    outer loop
      vertex -43.6699 -36.5 6
      vertex -44.0332 -37.0438 24
      vertex -44.0332 -37.0438 6
    endloop
  endfacet
  facet normal -0.997856 -0.0654432 -7.37528e-20
    outer loop
      vertex -52.9572 -34.6526 6
      vertex -53 -34 24
      vertex -53 -34 6
    endloop
  endfacet
  facet normal -0.997856 -0.0654432 -7.37528e-20
    outer loop
      vertex -53 -34 24
      vertex -52.9572 -34.6526 6
      vertex -52.9572 -34.6526 24
    endloop
  endfacet
  facet normal 0.980786 -0.195087 5.5301e-19
    outer loop
      vertex -43.1704 -35.2941 24
      vertex -43.0428 -34.6526 6
      vertex -43.0428 -34.6526 24
    endloop
  endfacet
  facet normal 0.980786 -0.195087 5.5301e-19
    outer loop
      vertex -43.0428 -34.6526 6
      vertex -43.1704 -35.2941 24
      vertex -43.1704 -35.2941 6
    endloop
  endfacet
  facet normal -0.946941 -0.321407 -7.55944e-19
    outer loop
      vertex -52.6194 -35.9134 6
      vertex -52.8296 -35.2941 24
      vertex -52.8296 -35.2941 6
    endloop
  endfacet
  facet normal -0.946941 -0.321407 -7.55944e-19
    outer loop
      vertex -52.8296 -35.2941 24
      vertex -52.6194 -35.9134 6
      vertex -52.6194 -35.9134 24
    endloop
  endfacet
  facet normal -0.659424 -0.751771 0
    outer loop
      vertex -51.5355 -37.5355 6
      vertex -51.0438 -37.9668 24
      vertex -51.5355 -37.5355 24
    endloop
  endfacet
  facet normal -0.659424 -0.751771 -0
    outer loop
      vertex -51.0438 -37.9668 24
      vertex -51.5355 -37.5355 6
      vertex -51.0438 -37.9668 6
    endloop
  endfacet
  facet normal 0.442314 0.89686 1.48851e-06
    outer loop
      vertex -45.5 -29.6699 24
      vertex -45.8627 -29.491 10
      vertex -46.0866 -29.3806 24
    endloop
  endfacet
  facet normal 0.442361 0.896837 -0
    outer loop
      vertex -45.5 -29.6699 6
      vertex -45.8627 -29.491 10
      vertex -45.5 -29.6699 24
    endloop
  endfacet
  facet normal 0.442361 0.896837 0
    outer loop
      vertex -45.8627 -29.491 10
      vertex -45.5 -29.6699 6
      vertex -45.8627 -29.491 6
    endloop
  endfacet
  facet normal 0.44224 0.896897 0
    outer loop
      vertex -46.0866 -29.3806 24
      vertex -45.8627 -29.491 10
      vertex -46.0866 -29.3806 10
    endloop
  endfacet
  facet normal -0.195087 0.980786 0
    outer loop
      vertex -48.6526 -29.0428 6
      vertex -49.2941 -29.1704 24
      vertex -48.6526 -29.0428 24
    endloop
  endfacet
  facet normal -0.195087 0.980786 0
    outer loop
      vertex -49.2941 -29.1704 24
      vertex -48.6526 -29.0428 6
      vertex -49.2941 -29.1704 6
    endloop
  endfacet
  facet normal 0.751771 0.659424 -6.01194e-19
    outer loop
      vertex -44.0332 -30.9562 24
      vertex -44.4645 -30.4645 6
      vertex -44.4645 -30.4645 24
    endloop
  endfacet
  facet normal 0.751771 0.659424 -6.01194e-19
    outer loop
      vertex -44.4645 -30.4645 6
      vertex -44.0332 -30.9562 24
      vertex -44.0332 -30.9562 6
    endloop
  endfacet
  facet normal 0.195087 0.980786 -0
    outer loop
      vertex -46.7059 -29.1704 10
      vertex -47.3474 -29.0428 24
      vertex -46.7059 -29.1704 24
    endloop
  endfacet
  facet normal 0.195087 0.980786 0
    outer loop
      vertex -47.3474 -29.0428 24
      vertex -46.7059 -29.1704 10
      vertex -47.3474 -29.0428 10
    endloop
  endfacet
  facet normal 0.751771 -0.659424 1.08779e-18
    outer loop
      vertex -44.4645 -37.5355 24
      vertex -44.0332 -37.0438 6
      vertex -44.0332 -37.0438 24
    endloop
  endfacet
  facet normal 0.751771 -0.659424 1.08779e-18
    outer loop
      vertex -44.0332 -37.0438 6
      vertex -44.4645 -37.5355 24
      vertex -44.4645 -37.5355 6
    endloop
  endfacet
  facet normal -0.442314 -0.89686 0
    outer loop
      vertex -50.5 -38.3301 6
      vertex -49.9134 -38.6194 24
      vertex -50.5 -38.3301 24
    endloop
  endfacet
  facet normal -0.442314 -0.89686 -0
    outer loop
      vertex -49.9134 -38.6194 24
      vertex -50.5 -38.3301 6
      vertex -49.9134 -38.6194 6
    endloop
  endfacet
  facet normal -0.0654432 0.997856 0
    outer loop
      vertex -48 -29 6
      vertex -48.6526 -29.0428 24
      vertex -48 -29 24
    endloop
  endfacet
  facet normal -0.0654432 0.997856 0
    outer loop
      vertex -48.6526 -29.0428 24
      vertex -48 -29 6
      vertex -48.6526 -29.0428 6
    endloop
  endfacet
  facet normal -0.980786 0.195087 5.5301e-19
    outer loop
      vertex -52.9572 -33.3474 6
      vertex -52.8296 -32.7059 24
      vertex -52.8296 -32.7059 6
    endloop
  endfacet
  facet normal -0.980786 0.195087 5.5301e-19
    outer loop
      vertex -52.8296 -32.7059 24
      vertex -52.9572 -33.3474 6
      vertex -52.9572 -33.3474 24
    endloop
  endfacet
  facet normal 0.0654432 -0.997856 0
    outer loop
      vertex -48 -39 6
      vertex -47.3474 -38.9572 24
      vertex -48 -39 24
    endloop
  endfacet
  facet normal 0.0654432 -0.997856 0
    outer loop
      vertex -47.3474 -38.9572 24
      vertex -48 -39 6
      vertex -47.3474 -38.9572 6
    endloop
  endfacet
  facet normal 0.442314 -0.89686 0
    outer loop
      vertex -46.0866 -38.6194 6
      vertex -45.5 -38.3301 24
      vertex -46.0866 -38.6194 24
    endloop
  endfacet
  facet normal 0.442314 -0.89686 0
    outer loop
      vertex -45.5 -38.3301 24
      vertex -46.0866 -38.6194 6
      vertex -45.5 -38.3301 6
    endloop
  endfacet
  facet normal 0.659424 -0.751771 0
    outer loop
      vertex -44.9562 -37.9668 6
      vertex -44.4645 -37.5355 24
      vertex -44.9562 -37.9668 24
    endloop
  endfacet
  facet normal 0.659424 -0.751771 0
    outer loop
      vertex -44.4645 -37.5355 24
      vertex -44.9562 -37.9668 6
      vertex -44.4645 -37.5355 6
    endloop
  endfacet
  facet normal -0.89686 -0.442314 3.25841e-19
    outer loop
      vertex -52.3301 -36.5 6
      vertex -52.6194 -35.9134 24
      vertex -52.6194 -35.9134 6
    endloop
  endfacet
  facet normal -0.89686 -0.442314 3.25841e-19
    outer loop
      vertex -52.6194 -35.9134 24
      vertex -52.3301 -36.5 6
      vertex -52.3301 -36.5 24
    endloop
  endfacet
  facet normal 0.89686 -0.442314 -3.25841e-19
    outer loop
      vertex -43.6699 -36.5 24
      vertex -43.3806 -35.9134 6
      vertex -43.3806 -35.9134 24
    endloop
  endfacet
  facet normal 0.89686 -0.442314 -3.25841e-19
    outer loop
      vertex -43.3806 -35.9134 6
      vertex -43.6699 -36.5 24
      vertex -43.6699 -36.5 6
    endloop
  endfacet
  facet normal 0.659424 0.751771 -0
    outer loop
      vertex -44.4645 -30.4645 6
      vertex -44.9562 -30.0332 24
      vertex -44.4645 -30.4645 24
    endloop
  endfacet
  facet normal 0.659424 0.751771 0
    outer loop
      vertex -44.9562 -30.0332 24
      vertex -44.4645 -30.4645 6
      vertex -44.9562 -30.0332 6
    endloop
  endfacet
  facet normal 0.997856 -0.0654432 7.37528e-20
    outer loop
      vertex -43.0428 -34.6526 24
      vertex -43 -34 6
      vertex -43 -34 24
    endloop
  endfacet
  facet normal 0.997856 -0.0654432 7.37528e-20
    outer loop
      vertex -43 -34 6
      vertex -43.0428 -34.6526 24
      vertex -43.0428 -34.6526 6
    endloop
  endfacet
  facet normal -0.555512 -0.831509 0
    outer loop
      vertex -51.0438 -37.9668 6
      vertex -50.5 -38.3301 24
      vertex -51.0438 -37.9668 24
    endloop
  endfacet
  facet normal -0.555512 -0.831509 -0
    outer loop
      vertex -50.5 -38.3301 24
      vertex -51.0438 -37.9668 6
      vertex -50.5 -38.3301 6
    endloop
  endfacet
  facet normal 0.89686 0.442314 3.25841e-19
    outer loop
      vertex -43.3806 -32.0866 24
      vertex -43.6699 -31.5 6
      vertex -43.6699 -31.5 24
    endloop
  endfacet
  facet normal 0.89686 0.442314 3.25841e-19
    outer loop
      vertex -43.6699 -31.5 6
      vertex -43.3806 -32.0866 24
      vertex -43.3806 -32.0866 6
    endloop
  endfacet
  facet normal 0.946941 0.321407 -7.55944e-19
    outer loop
      vertex -43.1704 -32.7059 24
      vertex -43.3806 -32.0866 6
      vertex -43.3806 -32.0866 24
    endloop
  endfacet
  facet normal 0.946941 0.321407 -7.55944e-19
    outer loop
      vertex -43.3806 -32.0866 6
      vertex -43.1704 -32.7059 24
      vertex -43.1704 -32.7059 6
    endloop
  endfacet
  facet normal -0.980786 -0.195087 -5.5301e-19
    outer loop
      vertex -52.8296 -35.2941 6
      vertex -52.9572 -34.6526 24
      vertex -52.9572 -34.6526 6
    endloop
  endfacet
  facet normal -0.980786 -0.195087 -5.5301e-19
    outer loop
      vertex -52.9572 -34.6526 24
      vertex -52.8296 -35.2941 6
      vertex -52.8296 -35.2941 24
    endloop
  endfacet
  facet normal 0 0 1
    outer loop
      vertex -44.9 -34 24
      vertex -43 -34 24
      vertex -43.0428 -33.3474 24
    endloop
  endfacet
  facet normal 0 0 1
    outer loop
      vertex -44.9265 -33.5954 24
      vertex -43.0428 -33.3474 24
      vertex -43.1704 -32.7059 24
    endloop
  endfacet
  facet normal 0 0 1
    outer loop
      vertex -43 -34 24
      vertex -44.9 -34 24
      vertex -43.0428 -34.6526 24
    endloop
  endfacet
  facet normal 0 0 1
    outer loop
      vertex -45.0056 -33.1977 24
      vertex -43.1704 -32.7059 24
      vertex -43.3806 -32.0866 24
    endloop
  endfacet
  facet normal -0 0 1
    outer loop
      vertex -44.9265 -34.4046 24
      vertex -43.0428 -34.6526 24
      vertex -44.9 -34 24
    endloop
  endfacet
  facet normal 0 0 1
    outer loop
      vertex -45.136 -32.8137 24
      vertex -43.3806 -32.0866 24
      vertex -43.6699 -31.5 24
    endloop
  endfacet
  facet normal 0 0 1
    outer loop
      vertex -43.0428 -34.6526 24
      vertex -44.9265 -34.4046 24
      vertex -43.1704 -35.2941 24
    endloop
  endfacet
  facet normal 0 0 1
    outer loop
      vertex -45.3153 -32.45 24
      vertex -43.6699 -31.5 24
      vertex -44.0332 -30.9562 24
    endloop
  endfacet
  facet normal -0 0 1
    outer loop
      vertex -45.0056 -34.8023 24
      vertex -43.1704 -35.2941 24
      vertex -44.9265 -34.4046 24
    endloop
  endfacet
  facet normal 0 0 1
    outer loop
      vertex -45.5406 -32.1128 24
      vertex -44.0332 -30.9562 24
      vertex -44.4645 -30.4645 24
    endloop
  endfacet
  facet normal 0 0 1
    outer loop
      vertex -43.1704 -35.2941 24
      vertex -45.0056 -34.8023 24
      vertex -43.3806 -35.9134 24
    endloop
  endfacet
  facet normal -0 0 1
    outer loop
      vertex -45.136 -35.1863 24
      vertex -43.3806 -35.9134 24
      vertex -45.0056 -34.8023 24
    endloop
  endfacet
  facet normal 0 0 1
    outer loop
      vertex -43.0428 -33.3474 24
      vertex -44.9265 -33.5954 24
      vertex -44.9 -34 24
    endloop
  endfacet
  facet normal 0 0 1
    outer loop
      vertex -45.808 -31.808 24
      vertex -44.4645 -30.4645 24
      vertex -44.9562 -30.0332 24
    endloop
  endfacet
  facet normal 0 0 1
    outer loop
      vertex -43.1704 -32.7059 24
      vertex -45.0056 -33.1977 24
      vertex -44.9265 -33.5954 24
    endloop
  endfacet
  facet normal 0 0 1
    outer loop
      vertex -43.3806 -32.0866 24
      vertex -45.136 -32.8137 24
      vertex -45.0056 -33.1977 24
    endloop
  endfacet
  facet normal 0 0 1
    outer loop
      vertex -43.6699 -31.5 24
      vertex -45.3153 -32.45 24
      vertex -45.136 -32.8137 24
    endloop
  endfacet
  facet normal 0 0 1
    outer loop
      vertex -46.1128 -31.5406 24
      vertex -44.9562 -30.0332 24
      vertex -45.5 -29.6699 24
    endloop
  endfacet
  facet normal 0 0 1
    outer loop
      vertex -44.0332 -30.9562 24
      vertex -45.5406 -32.1128 24
      vertex -45.3153 -32.45 24
    endloop
  endfacet
  facet normal 0 0 1
    outer loop
      vertex -44.4645 -30.4645 24
      vertex -45.808 -31.808 24
      vertex -45.5406 -32.1128 24
    endloop
  endfacet
  facet normal 0 0 1
    outer loop
      vertex -46.45 -31.3153 24
      vertex -45.5 -29.6699 24
      vertex -46.0866 -29.3806 24
    endloop
  endfacet
  facet normal 0 0 1
    outer loop
      vertex -44.9562 -30.0332 24
      vertex -46.1128 -31.5406 24
      vertex -45.808 -31.808 24
    endloop
  endfacet
  facet normal 0 0 1
    outer loop
      vertex -45.5 -29.6699 24
      vertex -46.45 -31.3153 24
      vertex -46.1128 -31.5406 24
    endloop
  endfacet
  facet normal 0 0 1
    outer loop
      vertex -46.8137 -31.136 24
      vertex -46.0866 -29.3806 24
      vertex -46.7059 -29.1704 24
    endloop
  endfacet
  facet normal 0 0 1
    outer loop
      vertex -46.0866 -29.3806 24
      vertex -46.8137 -31.136 24
      vertex -46.45 -31.3153 24
    endloop
  endfacet
  facet normal 0 0 1
    outer loop
      vertex -46.7059 -29.1704 24
      vertex -47.1977 -31.0056 24
      vertex -46.8137 -31.136 24
    endloop
  endfacet
  facet normal 0 0 1
    outer loop
      vertex -47.3474 -29.0428 24
      vertex -47.1977 -31.0056 24
      vertex -46.7059 -29.1704 24
    endloop
  endfacet
  facet normal 0 0 1
    outer loop
      vertex -47.3474 -29.0428 24
      vertex -47.5954 -30.9265 24
      vertex -47.1977 -31.0056 24
    endloop
  endfacet
  facet normal 0 0 1
    outer loop
      vertex -48 -29 24
      vertex -47.5954 -30.9265 24
      vertex -47.3474 -29.0428 24
    endloop
  endfacet
  facet normal 0 0 1
    outer loop
      vertex -48 -29 24
      vertex -48 -30.9 24
      vertex -47.5954 -30.9265 24
    endloop
  endfacet
  facet normal 0 0 1
    outer loop
      vertex -48 -29 24
      vertex -48.4046 -30.9265 24
      vertex -48 -30.9 24
    endloop
  endfacet
  facet normal -0 0 1
    outer loop
      vertex -48.6526 -29.0428 24
      vertex -48.4046 -30.9265 24
      vertex -48 -29 24
    endloop
  endfacet
  facet normal 0 0 1
    outer loop
      vertex -48.6526 -29.0428 24
      vertex -48.8023 -31.0056 24
      vertex -48.4046 -30.9265 24
    endloop
  endfacet
  facet normal -0 0 1
    outer loop
      vertex -49.2941 -29.1704 24
      vertex -48.8023 -31.0056 24
      vertex -48.6526 -29.0428 24
    endloop
  endfacet
  facet normal 0 0 1
    outer loop
      vertex -48.8023 -31.0056 24
      vertex -49.2941 -29.1704 24
      vertex -49.1863 -31.136 24
    endloop
  endfacet
  facet normal -0 0 1
    outer loop
      vertex -49.9134 -29.3806 24
      vertex -49.1863 -31.136 24
      vertex -49.2941 -29.1704 24
    endloop
  endfacet
  facet normal 0 0 1
    outer loop
      vertex -49.1863 -31.136 24
      vertex -49.9134 -29.3806 24
      vertex -49.55 -31.3153 24
    endloop
  endfacet
  facet normal -0 0 1
    outer loop
      vertex -50.5 -29.6699 24
      vertex -49.55 -31.3153 24
      vertex -49.9134 -29.3806 24
    endloop
  endfacet
  facet normal 0 0 1
    outer loop
      vertex -49.55 -31.3153 24
      vertex -50.5 -29.6699 24
      vertex -49.8872 -31.5406 24
    endloop
  endfacet
  facet normal -0 0 1
    outer loop
      vertex -51.0438 -30.0332 24
      vertex -49.8872 -31.5406 24
      vertex -50.5 -29.6699 24
    endloop
  endfacet
  facet normal 0 0 1
    outer loop
      vertex -49.8872 -31.5406 24
      vertex -51.0438 -30.0332 24
      vertex -50.192 -31.808 24
    endloop
  endfacet
  facet normal -0 0 1
    outer loop
      vertex -51.5355 -30.4645 24
      vertex -50.192 -31.808 24
      vertex -51.0438 -30.0332 24
    endloop
  endfacet
  facet normal 0 0 1
    outer loop
      vertex -50.192 -31.808 24
      vertex -51.5355 -30.4645 24
      vertex -50.4594 -32.1128 24
    endloop
  endfacet
  facet normal -0 0 1
    outer loop
      vertex -51.9668 -30.9562 24
      vertex -50.4594 -32.1128 24
      vertex -51.5355 -30.4645 24
    endloop
  endfacet
  facet normal 0 0 1
    outer loop
      vertex -50.4594 -32.1128 24
      vertex -51.9668 -30.9562 24
      vertex -50.6847 -32.45 24
    endloop
  endfacet
  facet normal -0 0 1
    outer loop
      vertex -52.3301 -31.5 24
      vertex -50.6847 -32.45 24
      vertex -51.9668 -30.9562 24
    endloop
  endfacet
  facet normal 0 0 1
    outer loop
      vertex -50.6847 -32.45 24
      vertex -52.3301 -31.5 24
      vertex -50.864 -32.8137 24
    endloop
  endfacet
  facet normal -0 0 1
    outer loop
      vertex -52.6194 -32.0866 24
      vertex -50.864 -32.8137 24
      vertex -52.3301 -31.5 24
    endloop
  endfacet
  facet normal 0 0 1
    outer loop
      vertex -43.3806 -35.9134 24
      vertex -45.136 -35.1863 24
      vertex -43.6699 -36.5 24
    endloop
  endfacet
  facet normal -0 0 1
    outer loop
      vertex -45.3153 -35.55 24
      vertex -43.6699 -36.5 24
      vertex -45.136 -35.1863 24
    endloop
  endfacet
  facet normal 0 0 1
    outer loop
      vertex -43.6699 -36.5 24
      vertex -45.3153 -35.55 24
      vertex -44.0332 -37.0438 24
    endloop
  endfacet
  facet normal -0 0 1
    outer loop
      vertex -45.5406 -35.8872 24
      vertex -44.0332 -37.0438 24
      vertex -45.3153 -35.55 24
    endloop
  endfacet
  facet normal 0 0 1
    outer loop
      vertex -44.0332 -37.0438 24
      vertex -45.5406 -35.8872 24
      vertex -44.4645 -37.5355 24
    endloop
  endfacet
  facet normal -0 0 1
    outer loop
      vertex -45.808 -36.192 24
      vertex -44.4645 -37.5355 24
      vertex -45.5406 -35.8872 24
    endloop
  endfacet
  facet normal 0 0 1
    outer loop
      vertex -44.4645 -37.5355 24
      vertex -45.808 -36.192 24
      vertex -44.9562 -37.9668 24
    endloop
  endfacet
  facet normal -0 0 1
    outer loop
      vertex -46.1128 -36.4594 24
      vertex -44.9562 -37.9668 24
      vertex -45.808 -36.192 24
    endloop
  endfacet
  facet normal 0 0 1
    outer loop
      vertex -44.9562 -37.9668 24
      vertex -46.1128 -36.4594 24
      vertex -45.5 -38.3301 24
    endloop
  endfacet
  facet normal -0 0 1
    outer loop
      vertex -46.45 -36.6847 24
      vertex -45.5 -38.3301 24
      vertex -46.1128 -36.4594 24
    endloop
  endfacet
  facet normal 0 0 1
    outer loop
      vertex -45.5 -38.3301 24
      vertex -46.45 -36.6847 24
      vertex -46.0866 -38.6194 24
    endloop
  endfacet
  facet normal -0 0 1
    outer loop
      vertex -46.8137 -36.864 24
      vertex -46.0866 -38.6194 24
      vertex -46.45 -36.6847 24
    endloop
  endfacet
  facet normal 0 0 1
    outer loop
      vertex -46.0866 -38.6194 24
      vertex -46.8137 -36.864 24
      vertex -46.7059 -38.8296 24
    endloop
  endfacet
  facet normal -0 0 1
    outer loop
      vertex -47.1977 -36.9944 24
      vertex -46.7059 -38.8296 24
      vertex -46.8137 -36.864 24
    endloop
  endfacet
  facet normal 0 0 1
    outer loop
      vertex -47.1977 -36.9944 24
      vertex -47.3474 -38.9572 24
      vertex -46.7059 -38.8296 24
    endloop
  endfacet
  facet normal -0 0 1
    outer loop
      vertex -47.5954 -37.0735 24
      vertex -47.3474 -38.9572 24
      vertex -47.1977 -36.9944 24
    endloop
  endfacet
  facet normal -0 0 1
    outer loop
      vertex -48 -37.1 24
      vertex -47.3474 -38.9572 24
      vertex -47.5954 -37.0735 24
    endloop
  endfacet
  facet normal 0 0 1
    outer loop
      vertex -48 -37.1 24
      vertex -48 -39 24
      vertex -47.3474 -38.9572 24
    endloop
  endfacet
  facet normal 0 0 1
    outer loop
      vertex -48.4046 -37.0735 24
      vertex -48 -39 24
      vertex -48 -37.1 24
    endloop
  endfacet
  facet normal 0 0 1
    outer loop
      vertex -48.4046 -37.0735 24
      vertex -48.6526 -38.9572 24
      vertex -48 -39 24
    endloop
  endfacet
  facet normal 0 0 1
    outer loop
      vertex -48.8023 -36.9944 24
      vertex -48.6526 -38.9572 24
      vertex -48.4046 -37.0735 24
    endloop
  endfacet
  facet normal 0 0 1
    outer loop
      vertex -49.2941 -38.8296 24
      vertex -48.8023 -36.9944 24
      vertex -49.1863 -36.864 24
    endloop
  endfacet
  facet normal 0 0 1
    outer loop
      vertex -48.8023 -36.9944 24
      vertex -49.2941 -38.8296 24
      vertex -48.6526 -38.9572 24
    endloop
  endfacet
  facet normal 0 0 1
    outer loop
      vertex -49.9134 -38.6194 24
      vertex -49.1863 -36.864 24
      vertex -49.55 -36.6847 24
    endloop
  endfacet
  facet normal 0 0 1
    outer loop
      vertex -50.5 -38.3301 24
      vertex -49.55 -36.6847 24
      vertex -49.8872 -36.4594 24
    endloop
  endfacet
  facet normal 0 0 1
    outer loop
      vertex -49.1863 -36.864 24
      vertex -49.9134 -38.6194 24
      vertex -49.2941 -38.8296 24
    endloop
  endfacet
  facet normal 0 0 1
    outer loop
      vertex -51.0438 -37.9668 24
      vertex -49.8872 -36.4594 24
      vertex -50.192 -36.192 24
    endloop
  endfacet
  facet normal 0 0 1
    outer loop
      vertex -51.5355 -37.5355 24
      vertex -50.192 -36.192 24
      vertex -50.4594 -35.8872 24
    endloop
  endfacet
  facet normal 0 0 1
    outer loop
      vertex -49.55 -36.6847 24
      vertex -50.5 -38.3301 24
      vertex -49.9134 -38.6194 24
    endloop
  endfacet
  facet normal 0 0 1
    outer loop
      vertex -51.9668 -37.0438 24
      vertex -50.4594 -35.8872 24
      vertex -50.6847 -35.55 24
    endloop
  endfacet
  facet normal 0 0 1
    outer loop
      vertex -52.3301 -36.5 24
      vertex -50.6847 -35.55 24
      vertex -50.864 -35.1863 24
    endloop
  endfacet
  facet normal 0 0 1
    outer loop
      vertex -52.6194 -35.9134 24
      vertex -50.864 -35.1863 24
      vertex -50.9944 -34.8023 24
    endloop
  endfacet
  facet normal 0 0 1
    outer loop
      vertex -49.8872 -36.4594 24
      vertex -51.0438 -37.9668 24
      vertex -50.5 -38.3301 24
    endloop
  endfacet
  facet normal 0 0 1
    outer loop
      vertex -52.8296 -35.2941 24
      vertex -50.9944 -34.8023 24
      vertex -51.0735 -34.4046 24
    endloop
  endfacet
  facet normal 0 0 1
    outer loop
      vertex -52.9572 -34.6526 24
      vertex -51.0735 -34.4046 24
      vertex -51.1 -34 24
    endloop
  endfacet
  facet normal 0 0 1
    outer loop
      vertex -50.864 -32.8137 24
      vertex -52.6194 -32.0866 24
      vertex -50.9944 -33.1977 24
    endloop
  endfacet
  facet normal 0 0 1
    outer loop
      vertex -50.192 -36.192 24
      vertex -51.5355 -37.5355 24
      vertex -51.0438 -37.9668 24
    endloop
  endfacet
  facet normal -0 0 1
    outer loop
      vertex -52.8296 -32.7059 24
      vertex -50.9944 -33.1977 24
      vertex -52.6194 -32.0866 24
    endloop
  endfacet
  facet normal 0 0 1
    outer loop
      vertex -50.4594 -35.8872 24
      vertex -51.9668 -37.0438 24
      vertex -51.5355 -37.5355 24
    endloop
  endfacet
  facet normal 0 0 1
    outer loop
      vertex -50.9944 -33.1977 24
      vertex -52.8296 -32.7059 24
      vertex -51.0735 -33.5954 24
    endloop
  endfacet
  facet normal 0 0 1
    outer loop
      vertex -50.6847 -35.55 24
      vertex -52.3301 -36.5 24
      vertex -51.9668 -37.0438 24
    endloop
  endfacet
  facet normal -0 0 1
    outer loop
      vertex -52.9572 -33.3474 24
      vertex -51.0735 -33.5954 24
      vertex -52.8296 -32.7059 24
    endloop
  endfacet
  facet normal 0 0 1
    outer loop
      vertex -50.864 -35.1863 24
      vertex -52.6194 -35.9134 24
      vertex -52.3301 -36.5 24
    endloop
  endfacet
  facet normal 0 0 1
    outer loop
      vertex -51.0735 -33.5954 24
      vertex -52.9572 -33.3474 24
      vertex -51.1 -34 24
    endloop
  endfacet
  facet normal 0 0 1
    outer loop
      vertex -50.9944 -34.8023 24
      vertex -52.8296 -35.2941 24
      vertex -52.6194 -35.9134 24
    endloop
  endfacet
  facet normal 0 0 1
    outer loop
      vertex -53 -34 24
      vertex -51.1 -34 24
      vertex -52.9572 -33.3474 24
    endloop
  endfacet
  facet normal 0 0 1
    outer loop
      vertex -51.0735 -34.4046 24
      vertex -52.9572 -34.6526 24
      vertex -52.8296 -35.2941 24
    endloop
  endfacet
  facet normal 0 0 1
    outer loop
      vertex -51.1 -34 24
      vertex -53 -34 24
      vertex -52.9572 -34.6526 24
    endloop
  endfacet
  facet normal -0.195087 -0.980786 0
    outer loop
      vertex -49.2941 -38.8296 6
      vertex -48.6526 -38.9572 24
      vertex -49.2941 -38.8296 24
    endloop
  endfacet
  facet normal -0.195087 -0.980786 -0
    outer loop
      vertex -48.6526 -38.9572 24
      vertex -49.2941 -38.8296 6
      vertex -48.6526 -38.9572 6
    endloop
  endfacet
  facet normal -0.831509 0.555512 2.59926e-19
    outer loop
      vertex -52.3301 -31.5 6
      vertex -51.9668 -30.9562 24
      vertex -51.9668 -30.9562 6
    endloop
  endfacet
  facet normal -0.831509 0.555512 2.59926e-19
    outer loop
      vertex -51.9668 -30.9562 24
      vertex -52.3301 -31.5 6
      vertex -52.3301 -31.5 24
    endloop
  endfacet
  facet normal -0.0654432 -0.997856 0
    outer loop
      vertex -48.6526 -38.9572 6
      vertex -48 -39 24
      vertex -48.6526 -38.9572 24
    endloop
  endfacet
  facet normal -0.0654432 -0.997856 -0
    outer loop
      vertex -48 -39 24
      vertex -48.6526 -38.9572 6
      vertex -48 -39 6
    endloop
  endfacet
  facet normal 0.896928 0.442176 2.63555e-18
    outer loop
      vertex -50.6847 -35.55 24
      vertex -50.864 -35.1863 17.9
      vertex -50.864 -35.1863 24
    endloop
  endfacet
  facet normal 0.896928 0.442176 2.63555e-18
    outer loop
      vertex -50.864 -35.1863 17.9
      vertex -50.6847 -35.55 24
      vertex -50.6847 -35.55 17.9
    endloop
  endfacet
  facet normal -0.442176 0.896928 0
    outer loop
      vertex -46.45 -36.6847 17.9
      vertex -46.8137 -36.864 24
      vertex -46.45 -36.6847 24
    endloop
  endfacet
  facet normal -0.442176 0.896928 0
    outer loop
      vertex -46.8137 -36.864 24
      vertex -46.45 -36.6847 17.9
      vertex -46.8137 -36.864 17.9
    endloop
  endfacet
  facet normal -0.980789 -0.195073 4.49093e-19
    outer loop
      vertex -44.9265 -33.5954 17.9
      vertex -45.0056 -33.1977 24
      vertex -45.0056 -33.1977 17.9
    endloop
  endfacet
  facet normal -0.980789 -0.195073 4.49093e-19
    outer loop
      vertex -45.0056 -33.1977 24
      vertex -44.9265 -33.5954 17.9
      vertex -44.9265 -33.5954 24
    endloop
  endfacet
  facet normal -0.997862 -0.0653568 2.00862e-19
    outer loop
      vertex -44.9 -34 17.9
      vertex -44.9265 -33.5954 24
      vertex -44.9265 -33.5954 17.9
    endloop
  endfacet
  facet normal -0.997862 -0.0653568 2.00862e-19
    outer loop
      vertex -44.9265 -33.5954 24
      vertex -44.9 -34 17.9
      vertex -44.9 -34 24
    endloop
  endfacet
  facet normal -0.946893 -0.321549 8.57741e-20
    outer loop
      vertex -45.0056 -33.1977 17.9
      vertex -45.136 -32.8137 24
      vertex -45.136 -32.8137 17.9
    endloop
  endfacet
  facet normal -0.946893 -0.321549 8.57741e-20
    outer loop
      vertex -45.136 -32.8137 24
      vertex -45.0056 -33.1977 17.9
      vertex -45.0056 -33.1977 24
    endloop
  endfacet
  facet normal -0.751721 0.659482 2.74297e-18
    outer loop
      vertex -45.808 -36.192 17.9
      vertex -45.5406 -35.8872 24
      vertex -45.5406 -35.8872 17.9
    endloop
  endfacet
  facet normal -0.751721 0.659482 2.74297e-18
    outer loop
      vertex -45.5406 -35.8872 24
      vertex -45.808 -36.192 17.9
      vertex -45.808 -36.192 24
    endloop
  endfacet
  facet normal -0.321549 -0.946893 0
    outer loop
      vertex -47.1977 -31.0056 17.9
      vertex -46.8137 -31.136 24
      vertex -47.1977 -31.0056 24
    endloop
  endfacet
  facet normal -0.321549 -0.946893 -0
    outer loop
      vertex -46.8137 -31.136 24
      vertex -47.1977 -31.0056 17.9
      vertex -46.8137 -31.136 17.9
    endloop
  endfacet
  facet normal -0.555553 -0.831481 0
    outer loop
      vertex -46.45 -31.3153 17.9
      vertex -46.1128 -31.5406 24
      vertex -46.45 -31.3153 24
    endloop
  endfacet
  facet normal -0.555553 -0.831481 -0
    outer loop
      vertex -46.1128 -31.5406 24
      vertex -46.45 -31.3153 17.9
      vertex -46.1128 -31.5406 17.9
    endloop
  endfacet
  facet normal -0.896928 0.442176 -2.63555e-18
    outer loop
      vertex -45.3153 -35.55 17.9
      vertex -45.136 -35.1863 24
      vertex -45.136 -35.1863 17.9
    endloop
  endfacet
  facet normal -0.896928 0.442176 -2.63555e-18
    outer loop
      vertex -45.136 -35.1863 24
      vertex -45.3153 -35.55 17.9
      vertex -45.3153 -35.55 24
    endloop
  endfacet
  facet normal -0.321549 0.946893 0
    outer loop
      vertex -46.8137 -36.864 17.9
      vertex -47.1977 -36.9944 24
      vertex -46.8137 -36.864 24
    endloop
  endfacet
  facet normal -0.321549 0.946893 0
    outer loop
      vertex -47.1977 -36.9944 24
      vertex -46.8137 -36.864 17.9
      vertex -47.1977 -36.9944 17.9
    endloop
  endfacet
  facet normal -0.896928 -0.442176 2.63555e-18
    outer loop
      vertex -45.136 -32.8137 17.9
      vertex -45.3153 -32.45 24
      vertex -45.3153 -32.45 17.9
    endloop
  endfacet
  facet normal -0.896928 -0.442176 2.63555e-18
    outer loop
      vertex -45.3153 -32.45 24
      vertex -45.136 -32.8137 17.9
      vertex -45.136 -32.8137 24
    endloop
  endfacet
  facet normal 0.195073 -0.980789 0
    outer loop
      vertex -48.8023 -31.0056 17.9
      vertex -48.4046 -30.9265 24
      vertex -48.8023 -31.0056 24
    endloop
  endfacet
  facet normal 0.195073 -0.980789 0
    outer loop
      vertex -48.4046 -30.9265 24
      vertex -48.8023 -31.0056 17.9
      vertex -48.4046 -30.9265 17.9
    endloop
  endfacet
  facet normal 0.0653568 0.997862 -0
    outer loop
      vertex -48 -37.1 17.9
      vertex -48.4046 -37.0735 24
      vertex -48 -37.1 24
    endloop
  endfacet
  facet normal 0.0653568 0.997862 0
    outer loop
      vertex -48.4046 -37.0735 24
      vertex -48 -37.1 17.9
      vertex -48.4046 -37.0735 17.9
    endloop
  endfacet
  facet normal 0.555553 -0.831481 0
    outer loop
      vertex -49.8872 -31.5406 17.9
      vertex -49.55 -31.3153 24
      vertex -49.8872 -31.5406 24
    endloop
  endfacet
  facet normal 0.555553 -0.831481 0
    outer loop
      vertex -49.55 -31.3153 24
      vertex -49.8872 -31.5406 17.9
      vertex -49.55 -31.3153 17.9
    endloop
  endfacet
  facet normal 0.321549 0.946893 -0
    outer loop
      vertex -48.8023 -36.9944 17.9
      vertex -49.1863 -36.864 24
      vertex -48.8023 -36.9944 24
    endloop
  endfacet
  facet normal 0.321549 0.946893 0
    outer loop
      vertex -49.1863 -36.864 24
      vertex -48.8023 -36.9944 17.9
      vertex -49.1863 -36.864 17.9
    endloop
  endfacet
  facet normal -0.946893 0.321549 -8.57741e-20
    outer loop
      vertex -45.136 -35.1863 17.9
      vertex -45.0056 -34.8023 24
      vertex -45.0056 -34.8023 17.9
    endloop
  endfacet
  facet normal -0.946893 0.321549 -8.57741e-20
    outer loop
      vertex -45.0056 -34.8023 24
      vertex -45.136 -35.1863 17.9
      vertex -45.136 -35.1863 24
    endloop
  endfacet
  facet normal 0.831481 0.555553 -2.63034e-18
    outer loop
      vertex -50.4594 -35.8872 24
      vertex -50.6847 -35.55 17.9
      vertex -50.6847 -35.55 24
    endloop
  endfacet
  facet normal 0.831481 0.555553 -2.63034e-18
    outer loop
      vertex -50.6847 -35.55 17.9
      vertex -50.4594 -35.8872 24
      vertex -50.4594 -35.8872 17.9
    endloop
  endfacet
  facet normal 0.659482 0.751721 -0
    outer loop
      vertex -49.8872 -36.4594 17.9
      vertex -50.192 -36.192 24
      vertex -49.8872 -36.4594 24
    endloop
  endfacet
  facet normal 0.659482 0.751721 0
    outer loop
      vertex -50.192 -36.192 24
      vertex -49.8872 -36.4594 17.9
      vertex -50.192 -36.192 17.9
    endloop
  endfacet
  facet normal 0.659482 -0.751721 0
    outer loop
      vertex -50.192 -31.808 17.9
      vertex -49.8872 -31.5406 24
      vertex -50.192 -31.808 24
    endloop
  endfacet
  facet normal 0.659482 -0.751721 0
    outer loop
      vertex -49.8872 -31.5406 24
      vertex -50.192 -31.808 17.9
      vertex -49.8872 -31.5406 17.9
    endloop
  endfacet
  facet normal 0.946893 -0.321549 -8.57741e-20
    outer loop
      vertex -50.9944 -33.1977 24
      vertex -50.864 -32.8137 17.9
      vertex -50.864 -32.8137 24
    endloop
  endfacet
  facet normal 0.946893 -0.321549 -8.57741e-20
    outer loop
      vertex -50.864 -32.8137 17.9
      vertex -50.9944 -33.1977 24
      vertex -50.9944 -33.1977 17.9
    endloop
  endfacet
  facet normal 0.442176 -0.896928 0
    outer loop
      vertex -49.55 -31.3153 17.9
      vertex -49.1863 -31.136 24
      vertex -49.55 -31.3153 24
    endloop
  endfacet
  facet normal 0.442176 -0.896928 0
    outer loop
      vertex -49.1863 -31.136 24
      vertex -49.55 -31.3153 17.9
      vertex -49.1863 -31.136 17.9
    endloop
  endfacet
  facet normal 0.980789 -0.195073 -4.49093e-19
    outer loop
      vertex -51.0735 -33.5954 24
      vertex -50.9944 -33.1977 17.9
      vertex -50.9944 -33.1977 24
    endloop
  endfacet
  facet normal 0.980789 -0.195073 -4.49093e-19
    outer loop
      vertex -50.9944 -33.1977 17.9
      vertex -51.0735 -33.5954 24
      vertex -51.0735 -33.5954 17.9
    endloop
  endfacet
  facet normal 0.321549 -0.946893 0
    outer loop
      vertex -49.1863 -31.136 17.9
      vertex -48.8023 -31.0056 24
      vertex -49.1863 -31.136 24
    endloop
  endfacet
  facet normal 0.321549 -0.946893 0
    outer loop
      vertex -48.8023 -31.0056 24
      vertex -49.1863 -31.136 17.9
      vertex -48.8023 -31.0056 17.9
    endloop
  endfacet
  facet normal -0.659482 0.751721 0
    outer loop
      vertex -45.808 -36.192 17.9
      vertex -46.1128 -36.4594 24
      vertex -45.808 -36.192 24
    endloop
  endfacet
  facet normal -0.659482 0.751721 0
    outer loop
      vertex -46.1128 -36.4594 24
      vertex -45.808 -36.192 17.9
      vertex -46.1128 -36.4594 17.9
    endloop
  endfacet
  facet normal -0.0653568 -0.997862 0
    outer loop
      vertex -48 -30.9 17.9
      vertex -47.5954 -30.9265 24
      vertex -48 -30.9 24
    endloop
  endfacet
  facet normal -0.0653568 -0.997862 -0
    outer loop
      vertex -47.5954 -30.9265 24
      vertex -48 -30.9 17.9
      vertex -47.5954 -30.9265 17.9
    endloop
  endfacet
  facet normal -0.831481 -0.555553 -2.63034e-18
    outer loop
      vertex -45.3153 -32.45 17.9
      vertex -45.5406 -32.1128 24
      vertex -45.5406 -32.1128 17.9
    endloop
  endfacet
  facet normal -0.831481 -0.555553 -2.63034e-18
    outer loop
      vertex -45.5406 -32.1128 24
      vertex -45.3153 -32.45 17.9
      vertex -45.3153 -32.45 24
    endloop
  endfacet
  facet normal -0.195073 0.980789 0
    outer loop
      vertex -47.1977 -36.9944 17.9
      vertex -47.5954 -37.0735 24
      vertex -47.1977 -36.9944 24
    endloop
  endfacet
  facet normal -0.195073 0.980789 0
    outer loop
      vertex -47.5954 -37.0735 24
      vertex -47.1977 -36.9944 17.9
      vertex -47.5954 -37.0735 17.9
    endloop
  endfacet
  facet normal 0.980789 0.195073 4.49093e-19
    outer loop
      vertex -50.9944 -34.8023 24
      vertex -51.0735 -34.4046 17.9
      vertex -51.0735 -34.4046 24
    endloop
  endfacet
  facet normal 0.980789 0.195073 4.49093e-19
    outer loop
      vertex -51.0735 -34.4046 17.9
      vertex -50.9944 -34.8023 24
      vertex -50.9944 -34.8023 17.9
    endloop
  endfacet
  facet normal 0.751721 -0.659482 2.74297e-18
    outer loop
      vertex -50.4594 -32.1128 24
      vertex -50.192 -31.808 17.9
      vertex -50.192 -31.808 24
    endloop
  endfacet
  facet normal 0.751721 -0.659482 2.74297e-18
    outer loop
      vertex -50.192 -31.808 17.9
      vertex -50.4594 -32.1128 24
      vertex -50.4594 -32.1128 17.9
    endloop
  endfacet
  facet normal -0.659482 -0.751721 0
    outer loop
      vertex -46.1128 -31.5406 17.9
      vertex -45.808 -31.808 24
      vertex -46.1128 -31.5406 24
    endloop
  endfacet
  facet normal -0.659482 -0.751721 -0
    outer loop
      vertex -45.808 -31.808 24
      vertex -46.1128 -31.5406 17.9
      vertex -45.808 -31.808 17.9
    endloop
  endfacet
  facet normal -0.997862 0.0653568 -2.00862e-19
    outer loop
      vertex -44.9265 -34.4046 17.9
      vertex -44.9 -34 24
      vertex -44.9 -34 17.9
    endloop
  endfacet
  facet normal -0.997862 0.0653568 -2.00862e-19
    outer loop
      vertex -44.9 -34 24
      vertex -44.9265 -34.4046 17.9
      vertex -44.9265 -34.4046 24
    endloop
  endfacet
  facet normal -0.980789 0.195073 -4.49093e-19
    outer loop
      vertex -45.0056 -34.8023 17.9
      vertex -44.9265 -34.4046 24
      vertex -44.9265 -34.4046 17.9
    endloop
  endfacet
  facet normal -0.980789 0.195073 -4.49093e-19
    outer loop
      vertex -44.9265 -34.4046 24
      vertex -45.0056 -34.8023 17.9
      vertex -45.0056 -34.8023 24
    endloop
  endfacet
  facet normal -0.555553 0.831481 0
    outer loop
      vertex -46.1128 -36.4594 17.9
      vertex -46.45 -36.6847 24
      vertex -46.1128 -36.4594 24
    endloop
  endfacet
  facet normal -0.555553 0.831481 0
    outer loop
      vertex -46.45 -36.6847 24
      vertex -46.1128 -36.4594 17.9
      vertex -46.45 -36.6847 17.9
    endloop
  endfacet
  facet normal -0.195073 -0.980789 0
    outer loop
      vertex -47.5954 -30.9265 17.9
      vertex -47.1977 -31.0056 24
      vertex -47.5954 -30.9265 24
    endloop
  endfacet
  facet normal -0.195073 -0.980789 -0
    outer loop
      vertex -47.1977 -31.0056 24
      vertex -47.5954 -30.9265 17.9
      vertex -47.1977 -31.0056 17.9
    endloop
  endfacet
  facet normal -0.751721 -0.659482 -2.74297e-18
    outer loop
      vertex -45.5406 -32.1128 17.9
      vertex -45.808 -31.808 24
      vertex -45.808 -31.808 17.9
    endloop
  endfacet
  facet normal -0.751721 -0.659482 -2.74297e-18
    outer loop
      vertex -45.808 -31.808 24
      vertex -45.5406 -32.1128 17.9
      vertex -45.5406 -32.1128 24
    endloop
  endfacet
  facet normal -0.442176 -0.896928 0
    outer loop
      vertex -46.8137 -31.136 17.9
      vertex -46.45 -31.3153 24
      vertex -46.8137 -31.136 24
    endloop
  endfacet
  facet normal -0.442176 -0.896928 -0
    outer loop
      vertex -46.45 -31.3153 24
      vertex -46.8137 -31.136 17.9
      vertex -46.45 -31.3153 17.9
    endloop
  endfacet
  facet normal 0.997862 0.0653568 2.00862e-19
    outer loop
      vertex -51.0735 -34.4046 24
      vertex -51.1 -34 17.9
      vertex -51.1 -34 24
    endloop
  endfacet
  facet normal 0.997862 0.0653568 2.00862e-19
    outer loop
      vertex -51.1 -34 17.9
      vertex -51.0735 -34.4046 24
      vertex -51.0735 -34.4046 17.9
    endloop
  endfacet
  facet normal -0.831481 0.555553 2.63034e-18
    outer loop
      vertex -45.5406 -35.8872 17.9
      vertex -45.3153 -35.55 24
      vertex -45.3153 -35.55 17.9
    endloop
  endfacet
  facet normal -0.831481 0.555553 2.63034e-18
    outer loop
      vertex -45.3153 -35.55 24
      vertex -45.5406 -35.8872 17.9
      vertex -45.5406 -35.8872 24
    endloop
  endfacet
  facet normal 0.751721 0.659482 -2.74297e-18
    outer loop
      vertex -50.192 -36.192 24
      vertex -50.4594 -35.8872 17.9
      vertex -50.4594 -35.8872 24
    endloop
  endfacet
  facet normal 0.751721 0.659482 -2.74297e-18
    outer loop
      vertex -50.4594 -35.8872 17.9
      vertex -50.192 -36.192 24
      vertex -50.192 -36.192 17.9
    endloop
  endfacet
  facet normal 0.997862 -0.0653568 -2.00862e-19
    outer loop
      vertex -51.1 -34 24
      vertex -51.0735 -33.5954 17.9
      vertex -51.0735 -33.5954 24
    endloop
  endfacet
  facet normal 0.997862 -0.0653568 -2.00862e-19
    outer loop
      vertex -51.0735 -33.5954 17.9
      vertex -51.1 -34 24
      vertex -51.1 -34 17.9
    endloop
  endfacet
  facet normal 0.442176 0.896928 -0
    outer loop
      vertex -49.1863 -36.864 17.9
      vertex -49.55 -36.6847 24
      vertex -49.1863 -36.864 24
    endloop
  endfacet
  facet normal 0.442176 0.896928 0
    outer loop
      vertex -49.55 -36.6847 24
      vertex -49.1863 -36.864 17.9
      vertex -49.55 -36.6847 17.9
    endloop
  endfacet
  facet normal 0.946893 0.321549 8.57741e-20
    outer loop
      vertex -50.864 -35.1863 24
      vertex -50.9944 -34.8023 17.9
      vertex -50.9944 -34.8023 24
    endloop
  endfacet
  facet normal 0.946893 0.321549 8.57741e-20
    outer loop
      vertex -50.9944 -34.8023 17.9
      vertex -50.864 -35.1863 24
      vertex -50.864 -35.1863 17.9
    endloop
  endfacet
  facet normal 0.195073 0.980789 -0
    outer loop
      vertex -48.4046 -37.0735 17.9
      vertex -48.8023 -36.9944 24
      vertex -48.4046 -37.0735 24
    endloop
  endfacet
  facet normal 0.195073 0.980789 0
    outer loop
      vertex -48.8023 -36.9944 24
      vertex -48.4046 -37.0735 17.9
      vertex -48.8023 -36.9944 17.9
    endloop
  endfacet
  facet normal -0.0653568 0.997862 0
    outer loop
      vertex -47.5954 -37.0735 17.9
      vertex -48 -37.1 24
      vertex -47.5954 -37.0735 24
    endloop
  endfacet
  facet normal -0.0653568 0.997862 0
    outer loop
      vertex -48 -37.1 24
      vertex -47.5954 -37.0735 17.9
      vertex -48 -37.1 17.9
    endloop
  endfacet
  facet normal 0.0653568 -0.997862 0
    outer loop
      vertex -48.4046 -30.9265 17.9
      vertex -48 -30.9 24
      vertex -48.4046 -30.9265 24
    endloop
  endfacet
  facet normal 0.0653568 -0.997862 0
    outer loop
      vertex -48 -30.9 24
      vertex -48.4046 -30.9265 17.9
      vertex -48 -30.9 17.9
    endloop
  endfacet
  facet normal 0 0 1
    outer loop
      vertex -44.9265 -33.5954 17.9
      vertex -44.9265 -34.4046 17.9
      vertex -44.9 -34 17.9
    endloop
  endfacet
  facet normal 0 0 1
    outer loop
      vertex -45.0056 -33.1977 17.9
      vertex -44.9265 -34.4046 17.9
      vertex -44.9265 -33.5954 17.9
    endloop
  endfacet
  facet normal 0 0 1
    outer loop
      vertex -45.0056 -33.1977 17.9
      vertex -45.0056 -34.8023 17.9
      vertex -44.9265 -34.4046 17.9
    endloop
  endfacet
  facet normal 0 0 1
    outer loop
      vertex -45.136 -32.8137 17.9
      vertex -45.0056 -34.8023 17.9
      vertex -45.0056 -33.1977 17.9
    endloop
  endfacet
  facet normal 0 0 1
    outer loop
      vertex -45.136 -32.8137 17.9
      vertex -45.136 -35.1863 17.9
      vertex -45.0056 -34.8023 17.9
    endloop
  endfacet
  facet normal 0 0 1
    outer loop
      vertex -45.3153 -32.45 17.9
      vertex -45.136 -35.1863 17.9
      vertex -45.136 -32.8137 17.9
    endloop
  endfacet
  facet normal 0 0 1
    outer loop
      vertex -45.3153 -32.45 17.9
      vertex -45.3153 -35.55 17.9
      vertex -45.136 -35.1863 17.9
    endloop
  endfacet
  facet normal 0 0 1
    outer loop
      vertex -45.5406 -32.1128 17.9
      vertex -45.3153 -35.55 17.9
      vertex -45.3153 -32.45 17.9
    endloop
  endfacet
  facet normal 0 0 1
    outer loop
      vertex -45.5406 -32.1128 17.9
      vertex -45.5406 -35.8872 17.9
      vertex -45.3153 -35.55 17.9
    endloop
  endfacet
  facet normal 0 0 1
    outer loop
      vertex -45.808 -31.808 17.9
      vertex -45.5406 -35.8872 17.9
      vertex -45.5406 -32.1128 17.9
    endloop
  endfacet
  facet normal 0 0 1
    outer loop
      vertex -45.808 -31.808 17.9
      vertex -45.808 -36.192 17.9
      vertex -45.5406 -35.8872 17.9
    endloop
  endfacet
  facet normal 0 0 1
    outer loop
      vertex -46.1128 -31.5406 17.9
      vertex -45.808 -36.192 17.9
      vertex -45.808 -31.808 17.9
    endloop
  endfacet
  facet normal 0 0 1
    outer loop
      vertex -46.1128 -31.5406 17.9
      vertex -46.1128 -36.4594 17.9
      vertex -45.808 -36.192 17.9
    endloop
  endfacet
  facet normal 0 0 1
    outer loop
      vertex -46.45 -31.3153 17.9
      vertex -46.1128 -36.4594 17.9
      vertex -46.1128 -31.5406 17.9
    endloop
  endfacet
  facet normal 0 0 1
    outer loop
      vertex -46.45 -31.3153 17.9
      vertex -46.45 -36.6847 17.9
      vertex -46.1128 -36.4594 17.9
    endloop
  endfacet
  facet normal 0 0 1
    outer loop
      vertex -46.8137 -31.136 17.9
      vertex -46.45 -36.6847 17.9
      vertex -46.45 -31.3153 17.9
    endloop
  endfacet
  facet normal 0 0 1
    outer loop
      vertex -46.8137 -31.136 17.9
      vertex -46.8137 -36.864 17.9
      vertex -46.45 -36.6847 17.9
    endloop
  endfacet
  facet normal 0 0 1
    outer loop
      vertex -47.1977 -31.0056 17.9
      vertex -46.8137 -36.864 17.9
      vertex -46.8137 -31.136 17.9
    endloop
  endfacet
  facet normal 0 0 1
    outer loop
      vertex -47.1977 -31.0056 17.9
      vertex -47.1977 -36.9944 17.9
      vertex -46.8137 -36.864 17.9
    endloop
  endfacet
  facet normal 0 0 1
    outer loop
      vertex -47.5954 -30.9265 17.9
      vertex -47.1977 -36.9944 17.9
      vertex -47.1977 -31.0056 17.9
    endloop
  endfacet
  facet normal 0 0 1
    outer loop
      vertex -47.5954 -30.9265 17.9
      vertex -47.5954 -37.0735 17.9
      vertex -47.1977 -36.9944 17.9
    endloop
  endfacet
  facet normal 0 0 1
    outer loop
      vertex -48 -30.9 17.9
      vertex -47.5954 -37.0735 17.9
      vertex -47.5954 -30.9265 17.9
    endloop
  endfacet
  facet normal 0 0 1
    outer loop
      vertex -48 -30.9 17.9
      vertex -48 -37.1 17.9
      vertex -47.5954 -37.0735 17.9
    endloop
  endfacet
  facet normal -0 0 1
    outer loop
      vertex -48.4046 -30.9265 17.9
      vertex -48 -37.1 17.9
      vertex -48 -30.9 17.9
    endloop
  endfacet
  facet normal 0 0 1
    outer loop
      vertex -48.4046 -30.9265 17.9
      vertex -48.4046 -37.0735 17.9
      vertex -48 -37.1 17.9
    endloop
  endfacet
  facet normal -0 0 1
    outer loop
      vertex -48.8023 -31.0056 17.9
      vertex -48.4046 -37.0735 17.9
      vertex -48.4046 -30.9265 17.9
    endloop
  endfacet
  facet normal 0 0 1
    outer loop
      vertex -48.8023 -31.0056 17.9
      vertex -48.8023 -36.9944 17.9
      vertex -48.4046 -37.0735 17.9
    endloop
  endfacet
  facet normal -0 0 1
    outer loop
      vertex -49.1863 -31.136 17.9
      vertex -48.8023 -36.9944 17.9
      vertex -48.8023 -31.0056 17.9
    endloop
  endfacet
  facet normal 0 0 1
    outer loop
      vertex -49.1863 -31.136 17.9
      vertex -49.1863 -36.864 17.9
      vertex -48.8023 -36.9944 17.9
    endloop
  endfacet
  facet normal -0 0 1
    outer loop
      vertex -49.55 -31.3153 17.9
      vertex -49.1863 -36.864 17.9
      vertex -49.1863 -31.136 17.9
    endloop
  endfacet
  facet normal 0 0 1
    outer loop
      vertex -49.55 -31.3153 17.9
      vertex -49.55 -36.6847 17.9
      vertex -49.1863 -36.864 17.9
    endloop
  endfacet
  facet normal -0 0 1
    outer loop
      vertex -49.8872 -31.5406 17.9
      vertex -49.55 -36.6847 17.9
      vertex -49.55 -31.3153 17.9
    endloop
  endfacet
  facet normal 0 0 1
    outer loop
      vertex -49.8872 -31.5406 17.9
      vertex -49.8872 -36.4594 17.9
      vertex -49.55 -36.6847 17.9
    endloop
  endfacet
  facet normal -0 0 1
    outer loop
      vertex -50.192 -31.808 17.9
      vertex -49.8872 -36.4594 17.9
      vertex -49.8872 -31.5406 17.9
    endloop
  endfacet
  facet normal 0 0 1
    outer loop
      vertex -50.192 -31.808 17.9
      vertex -50.192 -36.192 17.9
      vertex -49.8872 -36.4594 17.9
    endloop
  endfacet
  facet normal -0 0 1
    outer loop
      vertex -50.4594 -32.1128 17.9
      vertex -50.192 -36.192 17.9
      vertex -50.192 -31.808 17.9
    endloop
  endfacet
  facet normal 0 0 1
    outer loop
      vertex -50.4594 -32.1128 17.9
      vertex -50.4594 -35.8872 17.9
      vertex -50.192 -36.192 17.9
    endloop
  endfacet
  facet normal -0 0 1
    outer loop
      vertex -50.6847 -32.45 17.9
      vertex -50.4594 -35.8872 17.9
      vertex -50.4594 -32.1128 17.9
    endloop
  endfacet
  facet normal 0 0 1
    outer loop
      vertex -50.6847 -32.45 17.9
      vertex -50.6847 -35.55 17.9
      vertex -50.4594 -35.8872 17.9
    endloop
  endfacet
  facet normal -0 0 1
    outer loop
      vertex -50.864 -32.8137 17.9
      vertex -50.6847 -35.55 17.9
      vertex -50.6847 -32.45 17.9
    endloop
  endfacet
  facet normal 0 0 1
    outer loop
      vertex -50.864 -32.8137 17.9
      vertex -50.864 -35.1863 17.9
      vertex -50.6847 -35.55 17.9
    endloop
  endfacet
  facet normal -0 0 1
    outer loop
      vertex -50.9944 -33.1977 17.9
      vertex -50.864 -35.1863 17.9
      vertex -50.864 -32.8137 17.9
    endloop
  endfacet
  facet normal 0 0 1
    outer loop
      vertex -50.9944 -33.1977 17.9
      vertex -50.9944 -34.8023 17.9
      vertex -50.864 -35.1863 17.9
    endloop
  endfacet
  facet normal -0 0 1
    outer loop
      vertex -51.0735 -33.5954 17.9
      vertex -50.9944 -34.8023 17.9
      vertex -50.9944 -33.1977 17.9
    endloop
  endfacet
  facet normal 0 0 1
    outer loop
      vertex -51.0735 -33.5954 17.9
      vertex -51.0735 -34.4046 17.9
      vertex -50.9944 -34.8023 17.9
    endloop
  endfacet
  facet normal 0 -0 1
    outer loop
      vertex -51.0735 -34.4046 17.9
      vertex -51.0735 -33.5954 17.9
      vertex -51.1 -34 17.9
    endloop
  endfacet
  facet normal 0.896928 -0.442176 -2.63555e-18
    outer loop
      vertex -50.864 -32.8137 24
      vertex -50.6847 -32.45 17.9
      vertex -50.6847 -32.45 24
    endloop
  endfacet
  facet normal 0.896928 -0.442176 -2.63555e-18
    outer loop
      vertex -50.6847 -32.45 17.9
      vertex -50.864 -32.8137 24
      vertex -50.864 -32.8137 17.9
    endloop
  endfacet
  facet normal 0.831481 -0.555553 2.63034e-18
    outer loop
      vertex -50.6847 -32.45 24
      vertex -50.4594 -32.1128 17.9
      vertex -50.4594 -32.1128 24
    endloop
  endfacet
  facet normal 0.831481 -0.555553 2.63034e-18
    outer loop
      vertex -50.4594 -32.1128 17.9
      vertex -50.6847 -32.45 24
      vertex -50.6847 -32.45 17.9
    endloop
  endfacet
  facet normal 0.555553 0.831481 -0
    outer loop
      vertex -49.55 -36.6847 17.9
      vertex -49.8872 -36.4594 24
      vertex -49.55 -36.6847 24
    endloop
  endfacet
  facet normal 0.555553 0.831481 0
    outer loop
      vertex -49.8872 -36.4594 24
      vertex -49.55 -36.6847 17.9
      vertex -49.8872 -36.4594 17.9
    endloop
  endfacet
  facet normal 0.980786 0.195087 -5.5301e-19
    outer loop
      vertex -43.0428 34.6526 24
      vertex -43.1704 35.2941 6
      vertex -43.1704 35.2941 24
    endloop
  endfacet
  facet normal 0.980786 0.195087 -5.5301e-19
    outer loop
      vertex -43.1704 35.2941 6
      vertex -43.0428 34.6526 24
      vertex -43.0428 34.6526 6
    endloop
  endfacet
  facet normal 0.997856 0.0654432 -7.37528e-20
    outer loop
      vertex -43 34 24
      vertex -43.0428 34.6526 6
      vertex -43.0428 34.6526 24
    endloop
  endfacet
  facet normal 0.997856 0.0654432 -7.37528e-20
    outer loop
      vertex -43.0428 34.6526 6
      vertex -43 34 24
      vertex -43 34 6
    endloop
  endfacet
  facet normal 0.321407 -0.946941 0
    outer loop
      vertex -46.7059 29.1704 10
      vertex -46.0866 29.3806 24
      vertex -46.7059 29.1704 24
    endloop
  endfacet
  facet normal 0.321407 -0.946941 0
    outer loop
      vertex -46.0866 29.3806 24
      vertex -46.7059 29.1704 10
      vertex -46.0866 29.3806 10
    endloop
  endfacet
  facet normal 0.831509 0.555512 9.24629e-19
    outer loop
      vertex -43.6699 36.5 24
      vertex -44.0332 37.0438 6
      vertex -44.0332 37.0438 24
    endloop
  endfacet
  facet normal 0.831509 0.555512 9.24629e-19
    outer loop
      vertex -44.0332 37.0438 6
      vertex -43.6699 36.5 24
      vertex -43.6699 36.5 6
    endloop
  endfacet
  facet normal -0.89686 0.442314 -3.25841e-19
    outer loop
      vertex -52.6194 35.9134 6
      vertex -52.3301 36.5 24
      vertex -52.3301 36.5 6
    endloop
  endfacet
  facet normal -0.89686 0.442314 -3.25841e-19
    outer loop
      vertex -52.3301 36.5 24
      vertex -52.6194 35.9134 6
      vertex -52.6194 35.9134 24
    endloop
  endfacet
  facet normal -0.555512 0.831509 0
    outer loop
      vertex -50.5 38.3301 6
      vertex -51.0438 37.9668 24
      vertex -50.5 38.3301 24
    endloop
  endfacet
  facet normal -0.555512 0.831509 0
    outer loop
      vertex -51.0438 37.9668 24
      vertex -50.5 38.3301 6
      vertex -51.0438 37.9668 6
    endloop
  endfacet
  facet normal -0.659424 0.751771 0
    outer loop
      vertex -51.0438 37.9668 6
      vertex -51.5355 37.5355 24
      vertex -51.0438 37.9668 24
    endloop
  endfacet
  facet normal -0.659424 0.751771 0
    outer loop
      vertex -51.5355 37.5355 24
      vertex -51.0438 37.9668 6
      vertex -51.5355 37.5355 6
    endloop
  endfacet
  facet normal -0.751771 0.659424 1.08779e-18
    outer loop
      vertex -51.9668 37.0438 6
      vertex -51.5355 37.5355 24
      vertex -51.5355 37.5355 6
    endloop
  endfacet
  facet normal -0.751771 0.659424 1.08779e-18
    outer loop
      vertex -51.5355 37.5355 24
      vertex -51.9668 37.0438 6
      vertex -51.9668 37.0438 24
    endloop
  endfacet
  facet normal 0.946941 -0.321407 7.55944e-19
    outer loop
      vertex -43.3806 32.0866 24
      vertex -43.1704 32.7059 6
      vertex -43.1704 32.7059 24
    endloop
  endfacet
  facet normal 0.946941 -0.321407 7.55944e-19
    outer loop
      vertex -43.1704 32.7059 6
      vertex -43.3806 32.0866 24
      vertex -43.3806 32.0866 6
    endloop
  endfacet
  facet normal -0.997856 0.0654432 7.37528e-20
    outer loop
      vertex -53 34 6
      vertex -52.9572 34.6526 24
      vertex -52.9572 34.6526 6
    endloop
  endfacet
  facet normal -0.997856 0.0654432 7.37528e-20
    outer loop
      vertex -52.9572 34.6526 24
      vertex -53 34 6
      vertex -53 34 24
    endloop
  endfacet
  facet normal 0.555512 0.831509 -0
    outer loop
      vertex -44.9562 37.9668 6
      vertex -45.5 38.3301 24
      vertex -44.9562 37.9668 24
    endloop
  endfacet
  facet normal 0.555512 0.831509 0
    outer loop
      vertex -45.5 38.3301 24
      vertex -44.9562 37.9668 6
      vertex -45.5 38.3301 6
    endloop
  endfacet
  facet normal -0.321407 -0.946941 0
    outer loop
      vertex -49.9134 29.3806 6
      vertex -49.2941 29.1704 24
      vertex -49.9134 29.3806 24
    endloop
  endfacet
  facet normal -0.321407 -0.946941 -0
    outer loop
      vertex -49.2941 29.1704 24
      vertex -49.9134 29.3806 6
      vertex -49.2941 29.1704 6
    endloop
  endfacet
  facet normal -0.751771 -0.659424 -6.01194e-19
    outer loop
      vertex -51.5355 30.4645 6
      vertex -51.9668 30.9562 24
      vertex -51.9668 30.9562 6
    endloop
  endfacet
  facet normal -0.751771 -0.659424 -6.01194e-19
    outer loop
      vertex -51.9668 30.9562 24
      vertex -51.5355 30.4645 6
      vertex -51.5355 30.4645 24
    endloop
  endfacet
  facet normal 0.195087 -0.980786 0
    outer loop
      vertex -47.3474 29.0428 10
      vertex -46.7059 29.1704 24
      vertex -47.3474 29.0428 24
    endloop
  endfacet
  facet normal 0.195087 -0.980786 0
    outer loop
      vertex -46.7059 29.1704 24
      vertex -47.3474 29.0428 10
      vertex -46.7059 29.1704 10
    endloop
  endfacet
  facet normal -0.321407 0.946941 0
    outer loop
      vertex -49.2941 38.8296 6
      vertex -49.9134 38.6194 24
      vertex -49.2941 38.8296 24
    endloop
  endfacet
  facet normal -0.321407 0.946941 0
    outer loop
      vertex -49.9134 38.6194 24
      vertex -49.2941 38.8296 6
      vertex -49.9134 38.6194 6
    endloop
  endfacet
  facet normal -0.831509 -0.555512 -2.59926e-19
    outer loop
      vertex -51.9668 30.9562 6
      vertex -52.3301 31.5 24
      vertex -52.3301 31.5 6
    endloop
  endfacet
  facet normal -0.831509 -0.555512 -2.59926e-19
    outer loop
      vertex -52.3301 31.5 24
      vertex -51.9668 30.9562 6
      vertex -51.9668 30.9562 24
    endloop
  endfacet
  facet normal 0.555512 -0.831509 0
    outer loop
      vertex -45.5 29.6699 6
      vertex -44.9562 30.0332 24
      vertex -45.5 29.6699 24
    endloop
  endfacet
  facet normal 0.555512 -0.831509 0
    outer loop
      vertex -44.9562 30.0332 24
      vertex -45.5 29.6699 6
      vertex -44.9562 30.0332 6
    endloop
  endfacet
  facet normal -0.946941 0.321407 7.55944e-19
    outer loop
      vertex -52.8296 35.2941 6
      vertex -52.6194 35.9134 24
      vertex -52.6194 35.9134 6
    endloop
  endfacet
  facet normal -0.946941 0.321407 7.55944e-19
    outer loop
      vertex -52.6194 35.9134 24
      vertex -52.8296 35.2941 6
      vertex -52.8296 35.2941 24
    endloop
  endfacet
  facet normal 0.321407 0.946941 -0
    outer loop
      vertex -46.0866 38.6194 6
      vertex -46.7059 38.8296 24
      vertex -46.0866 38.6194 24
    endloop
  endfacet
  facet normal 0.321407 0.946941 0
    outer loop
      vertex -46.7059 38.8296 24
      vertex -46.0866 38.6194 6
      vertex -46.7059 38.8296 6
    endloop
  endfacet
  facet normal 0.0654432 0.997856 -0
    outer loop
      vertex -47.3474 38.9572 6
      vertex -48 39 24
      vertex -47.3474 38.9572 24
    endloop
  endfacet
  facet normal 0.0654432 0.997856 0
    outer loop
      vertex -48 39 24
      vertex -47.3474 38.9572 6
      vertex -48 39 6
    endloop
  endfacet
  facet normal -0.442314 0.89686 0
    outer loop
      vertex -49.9134 38.6194 6
      vertex -50.5 38.3301 24
      vertex -49.9134 38.6194 24
    endloop
  endfacet
  facet normal -0.442314 0.89686 0
    outer loop
      vertex -50.5 38.3301 24
      vertex -49.9134 38.6194 6
      vertex -50.5 38.3301 6
    endloop
  endfacet
  facet normal 0.831509 -0.555512 2.59926e-19
    outer loop
      vertex -44.0332 30.9562 24
      vertex -43.6699 31.5 6
      vertex -43.6699 31.5 24
    endloop
  endfacet
  facet normal 0.831509 -0.555512 2.59926e-19
    outer loop
      vertex -43.6699 31.5 6
      vertex -44.0332 30.9562 24
      vertex -44.0332 30.9562 6
    endloop
  endfacet
  facet normal -0.997856 -0.0654432 -7.37528e-20
    outer loop
      vertex -52.9572 33.3474 6
      vertex -53 34 24
      vertex -53 34 6
    endloop
  endfacet
  facet normal -0.997856 -0.0654432 -7.37528e-20
    outer loop
      vertex -53 34 24
      vertex -52.9572 33.3474 6
      vertex -52.9572 33.3474 24
    endloop
  endfacet
  facet normal 0.980786 -0.195087 5.5301e-19
    outer loop
      vertex -43.1704 32.7059 24
      vertex -43.0428 33.3474 6
      vertex -43.0428 33.3474 24
    endloop
  endfacet
  facet normal 0.980786 -0.195087 5.5301e-19
    outer loop
      vertex -43.0428 33.3474 6
      vertex -43.1704 32.7059 24
      vertex -43.1704 32.7059 6
    endloop
  endfacet
  facet normal -0.946941 -0.321407 -7.55944e-19
    outer loop
      vertex -52.6194 32.0866 6
      vertex -52.8296 32.7059 24
      vertex -52.8296 32.7059 6
    endloop
  endfacet
  facet normal -0.946941 -0.321407 -7.55944e-19
    outer loop
      vertex -52.8296 32.7059 24
      vertex -52.6194 32.0866 6
      vertex -52.6194 32.0866 24
    endloop
  endfacet
  facet normal -0.659424 -0.751771 0
    outer loop
      vertex -51.5355 30.4645 6
      vertex -51.0438 30.0332 24
      vertex -51.5355 30.4645 24
    endloop
  endfacet
  facet normal -0.659424 -0.751771 -0
    outer loop
      vertex -51.0438 30.0332 24
      vertex -51.5355 30.4645 6
      vertex -51.0438 30.0332 6
    endloop
  endfacet
  facet normal 0.442314 0.89686 -0
    outer loop
      vertex -45.5 38.3301 6
      vertex -46.0866 38.6194 24
      vertex -45.5 38.3301 24
    endloop
  endfacet
  facet normal 0.442314 0.89686 0
    outer loop
      vertex -46.0866 38.6194 24
      vertex -45.5 38.3301 6
      vertex -46.0866 38.6194 6
    endloop
  endfacet
  facet normal -0.195087 0.980786 0
    outer loop
      vertex -48.6526 38.9572 6
      vertex -49.2941 38.8296 24
      vertex -48.6526 38.9572 24
    endloop
  endfacet
  facet normal -0.195087 0.980786 0
    outer loop
      vertex -49.2941 38.8296 24
      vertex -48.6526 38.9572 6
      vertex -49.2941 38.8296 6
    endloop
  endfacet
  facet normal 0.751771 0.659424 -1.08779e-18
    outer loop
      vertex -44.0332 37.0438 24
      vertex -44.4645 37.5355 6
      vertex -44.4645 37.5355 24
    endloop
  endfacet
  facet normal 0.751771 0.659424 -1.08779e-18
    outer loop
      vertex -44.4645 37.5355 6
      vertex -44.0332 37.0438 24
      vertex -44.0332 37.0438 6
    endloop
  endfacet
  facet normal 0.195087 0.980786 -0
    outer loop
      vertex -46.7059 38.8296 6
      vertex -47.3474 38.9572 24
      vertex -46.7059 38.8296 24
    endloop
  endfacet
  facet normal 0.195087 0.980786 0
    outer loop
      vertex -47.3474 38.9572 24
      vertex -46.7059 38.8296 6
      vertex -47.3474 38.9572 6
    endloop
  endfacet
  facet normal 0.751771 -0.659424 6.01194e-19
    outer loop
      vertex -44.4645 30.4645 24
      vertex -44.0332 30.9562 6
      vertex -44.0332 30.9562 24
    endloop
  endfacet
  facet normal 0.751771 -0.659424 6.01194e-19
    outer loop
      vertex -44.0332 30.9562 6
      vertex -44.4645 30.4645 24
      vertex -44.4645 30.4645 6
    endloop
  endfacet
  facet normal -0.442314 -0.89686 0
    outer loop
      vertex -50.5 29.6699 6
      vertex -49.9134 29.3806 24
      vertex -50.5 29.6699 24
    endloop
  endfacet
  facet normal -0.442314 -0.89686 -0
    outer loop
      vertex -49.9134 29.3806 24
      vertex -50.5 29.6699 6
      vertex -49.9134 29.3806 6
    endloop
  endfacet
  facet normal -0.0654432 0.997856 0
    outer loop
      vertex -48 39 6
      vertex -48.6526 38.9572 24
      vertex -48 39 24
    endloop
  endfacet
  facet normal -0.0654432 0.997856 0
    outer loop
      vertex -48.6526 38.9572 24
      vertex -48 39 6
      vertex -48.6526 38.9572 6
    endloop
  endfacet
  facet normal -0.980786 0.195087 5.5301e-19
    outer loop
      vertex -52.9572 34.6526 6
      vertex -52.8296 35.2941 24
      vertex -52.8296 35.2941 6
    endloop
  endfacet
  facet normal -0.980786 0.195087 5.5301e-19
    outer loop
      vertex -52.8296 35.2941 24
      vertex -52.9572 34.6526 6
      vertex -52.9572 34.6526 24
    endloop
  endfacet
  facet normal 0.0654432 -0.997856 -3.05809e-07
    outer loop
      vertex -48 29 24
      vertex -47.7744 29.0148 10
      vertex -47.3474 29.0428 24
    endloop
  endfacet
  facet normal 0.0654621 -0.997855 0
    outer loop
      vertex -48 29 6
      vertex -47.7744 29.0148 10
      vertex -48 29 24
    endloop
  endfacet
  facet normal 0.0654621 -0.997855 0
    outer loop
      vertex -47.7744 29.0148 10
      vertex -48 29 6
      vertex -47.7744 29.0148 6
    endloop
  endfacet
  facet normal 0.0654332 -0.997857 0
    outer loop
      vertex -47.3474 29.0428 24
      vertex -47.7744 29.0148 10
      vertex -47.3474 29.0428 10
    endloop
  endfacet
  facet normal 0.44224 -0.896897 -2.49734e-19
    outer loop
      vertex -45.8627 29.491 10
      vertex -46.0866 29.3806 24
      vertex -46.0866 29.3806 10
    endloop
  endfacet
  facet normal 0.442314 -0.89686 1.48851e-06
    outer loop
      vertex -46.0866 29.3806 24
      vertex -45.8627 29.491 10
      vertex -45.5 29.6699 24
    endloop
  endfacet
  facet normal 0.442361 -0.896837 1.67913e-18
    outer loop
      vertex -45.5 29.6699 6
      vertex -45.8627 29.491 10
      vertex -45.8627 29.491 6
    endloop
  endfacet
  facet normal 0.442361 -0.896837 3.73139e-19
    outer loop
      vertex -45.8627 29.491 10
      vertex -45.5 29.6699 6
      vertex -45.5 29.6699 24
    endloop
  endfacet
  facet normal 0.659424 -0.751771 0
    outer loop
      vertex -44.9562 30.0332 6
      vertex -44.4645 30.4645 24
      vertex -44.9562 30.0332 24
    endloop
  endfacet
  facet normal 0.659424 -0.751771 0
    outer loop
      vertex -44.4645 30.4645 24
      vertex -44.9562 30.0332 6
      vertex -44.4645 30.4645 6
    endloop
  endfacet
  facet normal -0.89686 -0.442314 3.25841e-19
    outer loop
      vertex -52.3301 31.5 6
      vertex -52.6194 32.0866 24
      vertex -52.6194 32.0866 6
    endloop
  endfacet
  facet normal -0.89686 -0.442314 3.25841e-19
    outer loop
      vertex -52.6194 32.0866 24
      vertex -52.3301 31.5 6
      vertex -52.3301 31.5 24
    endloop
  endfacet
  facet normal 0.89686 -0.442314 -3.25841e-19
    outer loop
      vertex -43.6699 31.5 24
      vertex -43.3806 32.0866 6
      vertex -43.3806 32.0866 24
    endloop
  endfacet
  facet normal 0.89686 -0.442314 -3.25841e-19
    outer loop
      vertex -43.3806 32.0866 6
      vertex -43.6699 31.5 24
      vertex -43.6699 31.5 6
    endloop
  endfacet
  facet normal 0.659424 0.751771 -0
    outer loop
      vertex -44.4645 37.5355 6
      vertex -44.9562 37.9668 24
      vertex -44.4645 37.5355 24
    endloop
  endfacet
  facet normal 0.659424 0.751771 0
    outer loop
      vertex -44.9562 37.9668 24
      vertex -44.4645 37.5355 6
      vertex -44.9562 37.9668 6
    endloop
  endfacet
  facet normal 0.997856 -0.0654432 7.37528e-20
    outer loop
      vertex -43.0428 33.3474 24
      vertex -43 34 6
      vertex -43 34 24
    endloop
  endfacet
  facet normal 0.997856 -0.0654432 7.37528e-20
    outer loop
      vertex -43 34 6
      vertex -43.0428 33.3474 24
      vertex -43.0428 33.3474 6
    endloop
  endfacet
  facet normal -0.555512 -0.831509 0
    outer loop
      vertex -51.0438 30.0332 6
      vertex -50.5 29.6699 24
      vertex -51.0438 30.0332 24
    endloop
  endfacet
  facet normal -0.555512 -0.831509 -0
    outer loop
      vertex -50.5 29.6699 24
      vertex -51.0438 30.0332 6
      vertex -50.5 29.6699 6
    endloop
  endfacet
  facet normal 0.89686 0.442314 3.25841e-19
    outer loop
      vertex -43.3806 35.9134 24
      vertex -43.6699 36.5 6
      vertex -43.6699 36.5 24
    endloop
  endfacet
  facet normal 0.89686 0.442314 3.25841e-19
    outer loop
      vertex -43.6699 36.5 6
      vertex -43.3806 35.9134 24
      vertex -43.3806 35.9134 6
    endloop
  endfacet
  facet normal 0.946941 0.321407 -7.55944e-19
    outer loop
      vertex -43.1704 35.2941 24
      vertex -43.3806 35.9134 6
      vertex -43.3806 35.9134 24
    endloop
  endfacet
  facet normal 0.946941 0.321407 -7.55944e-19
    outer loop
      vertex -43.3806 35.9134 6
      vertex -43.1704 35.2941 24
      vertex -43.1704 35.2941 6
    endloop
  endfacet
  facet normal -0.980786 -0.195087 -5.5301e-19
    outer loop
      vertex -52.8296 32.7059 6
      vertex -52.9572 33.3474 24
      vertex -52.9572 33.3474 6
    endloop
  endfacet
  facet normal -0.980786 -0.195087 -5.5301e-19
    outer loop
      vertex -52.9572 33.3474 24
      vertex -52.8296 32.7059 6
      vertex -52.8296 32.7059 24
    endloop
  endfacet
  facet normal 0 0 1
    outer loop
      vertex -44.9 34 24
      vertex -43 34 24
      vertex -43.0428 34.6526 24
    endloop
  endfacet
  facet normal 0 0 1
    outer loop
      vertex -44.9265 34.4046 24
      vertex -43.0428 34.6526 24
      vertex -43.1704 35.2941 24
    endloop
  endfacet
  facet normal 0 0 1
    outer loop
      vertex -43 34 24
      vertex -44.9 34 24
      vertex -43.0428 33.3474 24
    endloop
  endfacet
  facet normal 0 0 1
    outer loop
      vertex -45.0056 34.8023 24
      vertex -43.1704 35.2941 24
      vertex -43.3806 35.9134 24
    endloop
  endfacet
  facet normal -0 0 1
    outer loop
      vertex -44.9265 33.5954 24
      vertex -43.0428 33.3474 24
      vertex -44.9 34 24
    endloop
  endfacet
  facet normal 0 0 1
    outer loop
      vertex -45.136 35.1863 24
      vertex -43.3806 35.9134 24
      vertex -43.6699 36.5 24
    endloop
  endfacet
  facet normal 0 0 1
    outer loop
      vertex -43.0428 33.3474 24
      vertex -44.9265 33.5954 24
      vertex -43.1704 32.7059 24
    endloop
  endfacet
  facet normal 0 0 1
    outer loop
      vertex -45.3153 35.55 24
      vertex -43.6699 36.5 24
      vertex -44.0332 37.0438 24
    endloop
  endfacet
  facet normal -0 0 1
    outer loop
      vertex -45.0056 33.1977 24
      vertex -43.1704 32.7059 24
      vertex -44.9265 33.5954 24
    endloop
  endfacet
  facet normal 0 0 1
    outer loop
      vertex -45.5406 35.8872 24
      vertex -44.0332 37.0438 24
      vertex -44.4645 37.5355 24
    endloop
  endfacet
  facet normal 0 0 1
    outer loop
      vertex -43.1704 32.7059 24
      vertex -45.0056 33.1977 24
      vertex -43.3806 32.0866 24
    endloop
  endfacet
  facet normal -0 0 1
    outer loop
      vertex -45.136 32.8137 24
      vertex -43.3806 32.0866 24
      vertex -45.0056 33.1977 24
    endloop
  endfacet
  facet normal 0 0 1
    outer loop
      vertex -43.0428 34.6526 24
      vertex -44.9265 34.4046 24
      vertex -44.9 34 24
    endloop
  endfacet
  facet normal 0 0 1
    outer loop
      vertex -45.808 36.192 24
      vertex -44.4645 37.5355 24
      vertex -44.9562 37.9668 24
    endloop
  endfacet
  facet normal 0 0 1
    outer loop
      vertex -43.1704 35.2941 24
      vertex -45.0056 34.8023 24
      vertex -44.9265 34.4046 24
    endloop
  endfacet
  facet normal 0 0 1
    outer loop
      vertex -43.3806 35.9134 24
      vertex -45.136 35.1863 24
      vertex -45.0056 34.8023 24
    endloop
  endfacet
  facet normal 0 0 1
    outer loop
      vertex -43.6699 36.5 24
      vertex -45.3153 35.55 24
      vertex -45.136 35.1863 24
    endloop
  endfacet
  facet normal 0 0 1
    outer loop
      vertex -46.1128 36.4594 24
      vertex -44.9562 37.9668 24
      vertex -45.5 38.3301 24
    endloop
  endfacet
  facet normal 0 0 1
    outer loop
      vertex -44.0332 37.0438 24
      vertex -45.5406 35.8872 24
      vertex -45.3153 35.55 24
    endloop
  endfacet
  facet normal 0 0 1
    outer loop
      vertex -44.4645 37.5355 24
      vertex -45.808 36.192 24
      vertex -45.5406 35.8872 24
    endloop
  endfacet
  facet normal 0 0 1
    outer loop
      vertex -46.45 36.6847 24
      vertex -45.5 38.3301 24
      vertex -46.0866 38.6194 24
    endloop
  endfacet
  facet normal 0 0 1
    outer loop
      vertex -44.9562 37.9668 24
      vertex -46.1128 36.4594 24
      vertex -45.808 36.192 24
    endloop
  endfacet
  facet normal 0 0 1
    outer loop
      vertex -45.5 38.3301 24
      vertex -46.45 36.6847 24
      vertex -46.1128 36.4594 24
    endloop
  endfacet
  facet normal 0 0 1
    outer loop
      vertex -46.8137 36.864 24
      vertex -46.0866 38.6194 24
      vertex -46.7059 38.8296 24
    endloop
  endfacet
  facet normal 0 0 1
    outer loop
      vertex -46.0866 38.6194 24
      vertex -46.8137 36.864 24
      vertex -46.45 36.6847 24
    endloop
  endfacet
  facet normal 0 0 1
    outer loop
      vertex -46.7059 38.8296 24
      vertex -47.1977 36.9944 24
      vertex -46.8137 36.864 24
    endloop
  endfacet
  facet normal 0 0 1
    outer loop
      vertex -47.3474 38.9572 24
      vertex -47.1977 36.9944 24
      vertex -46.7059 38.8296 24
    endloop
  endfacet
  facet normal 0 0 1
    outer loop
      vertex -47.3474 38.9572 24
      vertex -47.5954 37.0735 24
      vertex -47.1977 36.9944 24
    endloop
  endfacet
  facet normal 0 0 1
    outer loop
      vertex -48 39 24
      vertex -47.5954 37.0735 24
      vertex -47.3474 38.9572 24
    endloop
  endfacet
  facet normal 0 0 1
    outer loop
      vertex -48 39 24
      vertex -48 37.1 24
      vertex -47.5954 37.0735 24
    endloop
  endfacet
  facet normal 0 0 1
    outer loop
      vertex -48 39 24
      vertex -48.4046 37.0735 24
      vertex -48 37.1 24
    endloop
  endfacet
  facet normal -0 0 1
    outer loop
      vertex -48.6526 38.9572 24
      vertex -48.4046 37.0735 24
      vertex -48 39 24
    endloop
  endfacet
  facet normal 0 0 1
    outer loop
      vertex -48.6526 38.9572 24
      vertex -48.8023 36.9944 24
      vertex -48.4046 37.0735 24
    endloop
  endfacet
  facet normal -0 0 1
    outer loop
      vertex -49.2941 38.8296 24
      vertex -48.8023 36.9944 24
      vertex -48.6526 38.9572 24
    endloop
  endfacet
  facet normal 0 0 1
    outer loop
      vertex -48.8023 36.9944 24
      vertex -49.2941 38.8296 24
      vertex -49.1863 36.864 24
    endloop
  endfacet
  facet normal -0 0 1
    outer loop
      vertex -49.9134 38.6194 24
      vertex -49.1863 36.864 24
      vertex -49.2941 38.8296 24
    endloop
  endfacet
  facet normal 0 0 1
    outer loop
      vertex -49.1863 36.864 24
      vertex -49.9134 38.6194 24
      vertex -49.55 36.6847 24
    endloop
  endfacet
  facet normal -0 0 1
    outer loop
      vertex -50.5 38.3301 24
      vertex -49.55 36.6847 24
      vertex -49.9134 38.6194 24
    endloop
  endfacet
  facet normal 0 0 1
    outer loop
      vertex -49.55 36.6847 24
      vertex -50.5 38.3301 24
      vertex -49.8872 36.4594 24
    endloop
  endfacet
  facet normal -0 0 1
    outer loop
      vertex -51.0438 37.9668 24
      vertex -49.8872 36.4594 24
      vertex -50.5 38.3301 24
    endloop
  endfacet
  facet normal 0 0 1
    outer loop
      vertex -49.8872 36.4594 24
      vertex -51.0438 37.9668 24
      vertex -50.192 36.192 24
    endloop
  endfacet
  facet normal -0 0 1
    outer loop
      vertex -51.5355 37.5355 24
      vertex -50.192 36.192 24
      vertex -51.0438 37.9668 24
    endloop
  endfacet
  facet normal 0 0 1
    outer loop
      vertex -50.192 36.192 24
      vertex -51.5355 37.5355 24
      vertex -50.4594 35.8872 24
    endloop
  endfacet
  facet normal -0 0 1
    outer loop
      vertex -51.9668 37.0438 24
      vertex -50.4594 35.8872 24
      vertex -51.5355 37.5355 24
    endloop
  endfacet
  facet normal 0 0 1
    outer loop
      vertex -50.4594 35.8872 24
      vertex -51.9668 37.0438 24
      vertex -50.6847 35.55 24
    endloop
  endfacet
  facet normal -0 0 1
    outer loop
      vertex -52.3301 36.5 24
      vertex -50.6847 35.55 24
      vertex -51.9668 37.0438 24
    endloop
  endfacet
  facet normal 0 0 1
    outer loop
      vertex -50.6847 35.55 24
      vertex -52.3301 36.5 24
      vertex -50.864 35.1863 24
    endloop
  endfacet
  facet normal -0 0 1
    outer loop
      vertex -52.6194 35.9134 24
      vertex -50.864 35.1863 24
      vertex -52.3301 36.5 24
    endloop
  endfacet
  facet normal 0 0 1
    outer loop
      vertex -43.3806 32.0866 24
      vertex -45.136 32.8137 24
      vertex -43.6699 31.5 24
    endloop
  endfacet
  facet normal -0 0 1
    outer loop
      vertex -45.3153 32.45 24
      vertex -43.6699 31.5 24
      vertex -45.136 32.8137 24
    endloop
  endfacet
  facet normal 0 0 1
    outer loop
      vertex -43.6699 31.5 24
      vertex -45.3153 32.45 24
      vertex -44.0332 30.9562 24
    endloop
  endfacet
  facet normal -0 0 1
    outer loop
      vertex -45.5406 32.1128 24
      vertex -44.0332 30.9562 24
      vertex -45.3153 32.45 24
    endloop
  endfacet
  facet normal 0 0 1
    outer loop
      vertex -44.0332 30.9562 24
      vertex -45.5406 32.1128 24
      vertex -44.4645 30.4645 24
    endloop
  endfacet
  facet normal -0 0 1
    outer loop
      vertex -45.808 31.808 24
      vertex -44.4645 30.4645 24
      vertex -45.5406 32.1128 24
    endloop
  endfacet
  facet normal 0 0 1
    outer loop
      vertex -44.4645 30.4645 24
      vertex -45.808 31.808 24
      vertex -44.9562 30.0332 24
    endloop
  endfacet
  facet normal -0 0 1
    outer loop
      vertex -46.1128 31.5406 24
      vertex -44.9562 30.0332 24
      vertex -45.808 31.808 24
    endloop
  endfacet
  facet normal 0 0 1
    outer loop
      vertex -44.9562 30.0332 24
      vertex -46.1128 31.5406 24
      vertex -45.5 29.6699 24
    endloop
  endfacet
  facet normal -0 0 1
    outer loop
      vertex -46.45 31.3153 24
      vertex -45.5 29.6699 24
      vertex -46.1128 31.5406 24
    endloop
  endfacet
  facet normal 0 0 1
    outer loop
      vertex -45.5 29.6699 24
      vertex -46.45 31.3153 24
      vertex -46.0866 29.3806 24
    endloop
  endfacet
  facet normal -0 0 1
    outer loop
      vertex -46.8137 31.136 24
      vertex -46.0866 29.3806 24
      vertex -46.45 31.3153 24
    endloop
  endfacet
  facet normal 0 0 1
    outer loop
      vertex -46.0866 29.3806 24
      vertex -46.8137 31.136 24
      vertex -46.7059 29.1704 24
    endloop
  endfacet
  facet normal -0 0 1
    outer loop
      vertex -47.1977 31.0056 24
      vertex -46.7059 29.1704 24
      vertex -46.8137 31.136 24
    endloop
  endfacet
  facet normal 0 0 1
    outer loop
      vertex -47.1977 31.0056 24
      vertex -47.3474 29.0428 24
      vertex -46.7059 29.1704 24
    endloop
  endfacet
  facet normal -0 0 1
    outer loop
      vertex -47.5954 30.9265 24
      vertex -47.3474 29.0428 24
      vertex -47.1977 31.0056 24
    endloop
  endfacet
  facet normal -0 0 1
    outer loop
      vertex -48 30.9 24
      vertex -47.3474 29.0428 24
      vertex -47.5954 30.9265 24
    endloop
  endfacet
  facet normal 0 0 1
    outer loop
      vertex -48 30.9 24
      vertex -48 29 24
      vertex -47.3474 29.0428 24
    endloop
  endfacet
  facet normal 0 0 1
    outer loop
      vertex -48.4046 30.9265 24
      vertex -48 29 24
      vertex -48 30.9 24
    endloop
  endfacet
  facet normal 0 0 1
    outer loop
      vertex -48.4046 30.9265 24
      vertex -48.6526 29.0428 24
      vertex -48 29 24
    endloop
  endfacet
  facet normal 0 0 1
    outer loop
      vertex -48.8023 31.0056 24
      vertex -48.6526 29.0428 24
      vertex -48.4046 30.9265 24
    endloop
  endfacet
  facet normal 0 0 1
    outer loop
      vertex -49.2941 29.1704 24
      vertex -48.8023 31.0056 24
      vertex -49.1863 31.136 24
    endloop
  endfacet
  facet normal 0 0 1
    outer loop
      vertex -48.8023 31.0056 24
      vertex -49.2941 29.1704 24
      vertex -48.6526 29.0428 24
    endloop
  endfacet
  facet normal 0 0 1
    outer loop
      vertex -49.9134 29.3806 24
      vertex -49.1863 31.136 24
      vertex -49.55 31.3153 24
    endloop
  endfacet
  facet normal 0 0 1
    outer loop
      vertex -50.5 29.6699 24
      vertex -49.55 31.3153 24
      vertex -49.8872 31.5406 24
    endloop
  endfacet
  facet normal 0 0 1
    outer loop
      vertex -49.1863 31.136 24
      vertex -49.9134 29.3806 24
      vertex -49.2941 29.1704 24
    endloop
  endfacet
  facet normal 0 0 1
    outer loop
      vertex -51.0438 30.0332 24
      vertex -49.8872 31.5406 24
      vertex -50.192 31.808 24
    endloop
  endfacet
  facet normal 0 0 1
    outer loop
      vertex -51.5355 30.4645 24
      vertex -50.192 31.808 24
      vertex -50.4594 32.1128 24
    endloop
  endfacet
  facet normal 0 0 1
    outer loop
      vertex -49.55 31.3153 24
      vertex -50.5 29.6699 24
      vertex -49.9134 29.3806 24
    endloop
  endfacet
  facet normal 0 0 1
    outer loop
      vertex -51.9668 30.9562 24
      vertex -50.4594 32.1128 24
      vertex -50.6847 32.45 24
    endloop
  endfacet
  facet normal 0 0 1
    outer loop
      vertex -52.3301 31.5 24
      vertex -50.6847 32.45 24
      vertex -50.864 32.8137 24
    endloop
  endfacet
  facet normal 0 0 1
    outer loop
      vertex -52.6194 32.0866 24
      vertex -50.864 32.8137 24
      vertex -50.9944 33.1977 24
    endloop
  endfacet
  facet normal 0 0 1
    outer loop
      vertex -49.8872 31.5406 24
      vertex -51.0438 30.0332 24
      vertex -50.5 29.6699 24
    endloop
  endfacet
  facet normal 0 0 1
    outer loop
      vertex -52.8296 32.7059 24
      vertex -50.9944 33.1977 24
      vertex -51.0735 33.5954 24
    endloop
  endfacet
  facet normal 0 0 1
    outer loop
      vertex -52.9572 33.3474 24
      vertex -51.0735 33.5954 24
      vertex -51.1 34 24
    endloop
  endfacet
  facet normal 0 0 1
    outer loop
      vertex -50.864 35.1863 24
      vertex -52.6194 35.9134 24
      vertex -50.9944 34.8023 24
    endloop
  endfacet
  facet normal 0 0 1
    outer loop
      vertex -50.192 31.808 24
      vertex -51.5355 30.4645 24
      vertex -51.0438 30.0332 24
    endloop
  endfacet
  facet normal -0 0 1
    outer loop
      vertex -52.8296 35.2941 24
      vertex -50.9944 34.8023 24
      vertex -52.6194 35.9134 24
    endloop
  endfacet
  facet normal 0 0 1
    outer loop
      vertex -50.4594 32.1128 24
      vertex -51.9668 30.9562 24
      vertex -51.5355 30.4645 24
    endloop
  endfacet
  facet normal 0 0 1
    outer loop
      vertex -50.9944 34.8023 24
      vertex -52.8296 35.2941 24
      vertex -51.0735 34.4046 24
    endloop
  endfacet
  facet normal 0 0 1
    outer loop
      vertex -50.6847 32.45 24
      vertex -52.3301 31.5 24
      vertex -51.9668 30.9562 24
    endloop
  endfacet
  facet normal -0 0 1
    outer loop
      vertex -52.9572 34.6526 24
      vertex -51.0735 34.4046 24
      vertex -52.8296 35.2941 24
    endloop
  endfacet
  facet normal 0 0 1
    outer loop
      vertex -50.864 32.8137 24
      vertex -52.6194 32.0866 24
      vertex -52.3301 31.5 24
    endloop
  endfacet
  facet normal 0 0 1
    outer loop
      vertex -51.0735 34.4046 24
      vertex -52.9572 34.6526 24
      vertex -51.1 34 24
    endloop
  endfacet
  facet normal 0 0 1
    outer loop
      vertex -50.9944 33.1977 24
      vertex -52.8296 32.7059 24
      vertex -52.6194 32.0866 24
    endloop
  endfacet
  facet normal 0 0 1
    outer loop
      vertex -53 34 24
      vertex -51.1 34 24
      vertex -52.9572 34.6526 24
    endloop
  endfacet
  facet normal 0 0 1
    outer loop
      vertex -51.0735 33.5954 24
      vertex -52.9572 33.3474 24
      vertex -52.8296 32.7059 24
    endloop
  endfacet
  facet normal 0 0 1
    outer loop
      vertex -51.1 34 24
      vertex -53 34 24
      vertex -52.9572 33.3474 24
    endloop
  endfacet
  facet normal -0.195087 -0.980786 0
    outer loop
      vertex -49.2941 29.1704 6
      vertex -48.6526 29.0428 24
      vertex -49.2941 29.1704 24
    endloop
  endfacet
  facet normal -0.195087 -0.980786 -0
    outer loop
      vertex -48.6526 29.0428 24
      vertex -49.2941 29.1704 6
      vertex -48.6526 29.0428 6
    endloop
  endfacet
  facet normal -0.831509 0.555512 -9.24629e-19
    outer loop
      vertex -52.3301 36.5 6
      vertex -51.9668 37.0438 24
      vertex -51.9668 37.0438 6
    endloop
  endfacet
  facet normal -0.831509 0.555512 -9.24629e-19
    outer loop
      vertex -51.9668 37.0438 24
      vertex -52.3301 36.5 6
      vertex -52.3301 36.5 24
    endloop
  endfacet
  facet normal -0.0654432 -0.997856 0
    outer loop
      vertex -48.6526 29.0428 6
      vertex -48 29 24
      vertex -48.6526 29.0428 24
    endloop
  endfacet
  facet normal -0.0654432 -0.997856 -0
    outer loop
      vertex -48 29 24
      vertex -48.6526 29.0428 6
      vertex -48 29 6
    endloop
  endfacet
  facet normal 0.896928 0.442176 2.63555e-18
    outer loop
      vertex -50.6847 32.45 24
      vertex -50.864 32.8137 17.9
      vertex -50.864 32.8137 24
    endloop
  endfacet
  facet normal 0.896928 0.442176 2.63555e-18
    outer loop
      vertex -50.864 32.8137 17.9
      vertex -50.6847 32.45 24
      vertex -50.6847 32.45 17.9
    endloop
  endfacet
  facet normal -0.442176 0.896928 0
    outer loop
      vertex -46.45 31.3153 17.9
      vertex -46.8137 31.136 24
      vertex -46.45 31.3153 24
    endloop
  endfacet
  facet normal -0.442176 0.896928 0
    outer loop
      vertex -46.8137 31.136 24
      vertex -46.45 31.3153 17.9
      vertex -46.8137 31.136 17.9
    endloop
  endfacet
  facet normal -0.980789 -0.195073 4.49093e-19
    outer loop
      vertex -44.9265 34.4046 17.9
      vertex -45.0056 34.8023 24
      vertex -45.0056 34.8023 17.9
    endloop
  endfacet
  facet normal -0.980789 -0.195073 4.49093e-19
    outer loop
      vertex -45.0056 34.8023 24
      vertex -44.9265 34.4046 17.9
      vertex -44.9265 34.4046 24
    endloop
  endfacet
  facet normal -0.997862 -0.0653568 2.00862e-19
    outer loop
      vertex -44.9 34 17.9
      vertex -44.9265 34.4046 24
      vertex -44.9265 34.4046 17.9
    endloop
  endfacet
  facet normal -0.997862 -0.0653568 2.00862e-19
    outer loop
      vertex -44.9265 34.4046 24
      vertex -44.9 34 17.9
      vertex -44.9 34 24
    endloop
  endfacet
  facet normal -0.946893 -0.321549 8.57741e-20
    outer loop
      vertex -45.0056 34.8023 17.9
      vertex -45.136 35.1863 24
      vertex -45.136 35.1863 17.9
    endloop
  endfacet
  facet normal -0.946893 -0.321549 8.57741e-20
    outer loop
      vertex -45.136 35.1863 24
      vertex -45.0056 34.8023 17.9
      vertex -45.0056 34.8023 24
    endloop
  endfacet
  facet normal -0.751721 0.659482 2.74297e-18
    outer loop
      vertex -45.808 31.808 17.9
      vertex -45.5406 32.1128 24
      vertex -45.5406 32.1128 17.9
    endloop
  endfacet
  facet normal -0.751721 0.659482 2.74297e-18
    outer loop
      vertex -45.5406 32.1128 24
      vertex -45.808 31.808 17.9
      vertex -45.808 31.808 24
    endloop
  endfacet
  facet normal -0.321549 -0.946893 0
    outer loop
      vertex -47.1977 36.9944 17.9
      vertex -46.8137 36.864 24
      vertex -47.1977 36.9944 24
    endloop
  endfacet
  facet normal -0.321549 -0.946893 -0
    outer loop
      vertex -46.8137 36.864 24
      vertex -47.1977 36.9944 17.9
      vertex -46.8137 36.864 17.9
    endloop
  endfacet
  facet normal -0.555553 -0.831481 0
    outer loop
      vertex -46.45 36.6847 17.9
      vertex -46.1128 36.4594 24
      vertex -46.45 36.6847 24
    endloop
  endfacet
  facet normal -0.555553 -0.831481 -0
    outer loop
      vertex -46.1128 36.4594 24
      vertex -46.45 36.6847 17.9
      vertex -46.1128 36.4594 17.9
    endloop
  endfacet
  facet normal -0.896928 0.442176 -2.63555e-18
    outer loop
      vertex -45.3153 32.45 17.9
      vertex -45.136 32.8137 24
      vertex -45.136 32.8137 17.9
    endloop
  endfacet
  facet normal -0.896928 0.442176 -2.63555e-18
    outer loop
      vertex -45.136 32.8137 24
      vertex -45.3153 32.45 17.9
      vertex -45.3153 32.45 24
    endloop
  endfacet
  facet normal -0.321549 0.946893 0
    outer loop
      vertex -46.8137 31.136 17.9
      vertex -47.1977 31.0056 24
      vertex -46.8137 31.136 24
    endloop
  endfacet
  facet normal -0.321549 0.946893 0
    outer loop
      vertex -47.1977 31.0056 24
      vertex -46.8137 31.136 17.9
      vertex -47.1977 31.0056 17.9
    endloop
  endfacet
  facet normal -0.896928 -0.442176 2.63555e-18
    outer loop
      vertex -45.136 35.1863 17.9
      vertex -45.3153 35.55 24
      vertex -45.3153 35.55 17.9
    endloop
  endfacet
  facet normal -0.896928 -0.442176 2.63555e-18
    outer loop
      vertex -45.3153 35.55 24
      vertex -45.136 35.1863 17.9
      vertex -45.136 35.1863 24
    endloop
  endfacet
  facet normal 0.195073 -0.980789 0
    outer loop
      vertex -48.8023 36.9944 17.9
      vertex -48.4046 37.0735 24
      vertex -48.8023 36.9944 24
    endloop
  endfacet
  facet normal 0.195073 -0.980789 0
    outer loop
      vertex -48.4046 37.0735 24
      vertex -48.8023 36.9944 17.9
      vertex -48.4046 37.0735 17.9
    endloop
  endfacet
  facet normal 0.0653568 0.997862 -0
    outer loop
      vertex -48 30.9 17.9
      vertex -48.4046 30.9265 24
      vertex -48 30.9 24
    endloop
  endfacet
  facet normal 0.0653568 0.997862 0
    outer loop
      vertex -48.4046 30.9265 24
      vertex -48 30.9 17.9
      vertex -48.4046 30.9265 17.9
    endloop
  endfacet
  facet normal 0.555553 -0.831481 0
    outer loop
      vertex -49.8872 36.4594 17.9
      vertex -49.55 36.6847 24
      vertex -49.8872 36.4594 24
    endloop
  endfacet
  facet normal 0.555553 -0.831481 0
    outer loop
      vertex -49.55 36.6847 24
      vertex -49.8872 36.4594 17.9
      vertex -49.55 36.6847 17.9
    endloop
  endfacet
  facet normal 0.321549 0.946893 -0
    outer loop
      vertex -48.8023 31.0056 17.9
      vertex -49.1863 31.136 24
      vertex -48.8023 31.0056 24
    endloop
  endfacet
  facet normal 0.321549 0.946893 0
    outer loop
      vertex -49.1863 31.136 24
      vertex -48.8023 31.0056 17.9
      vertex -49.1863 31.136 17.9
    endloop
  endfacet
  facet normal -0.946893 0.321549 -8.57741e-20
    outer loop
      vertex -45.136 32.8137 17.9
      vertex -45.0056 33.1977 24
      vertex -45.0056 33.1977 17.9
    endloop
  endfacet
  facet normal -0.946893 0.321549 -8.57741e-20
    outer loop
      vertex -45.0056 33.1977 24
      vertex -45.136 32.8137 17.9
      vertex -45.136 32.8137 24
    endloop
  endfacet
  facet normal 0.831481 0.555553 -2.63034e-18
    outer loop
      vertex -50.4594 32.1128 24
      vertex -50.6847 32.45 17.9
      vertex -50.6847 32.45 24
    endloop
  endfacet
  facet normal 0.831481 0.555553 -2.63034e-18
    outer loop
      vertex -50.6847 32.45 17.9
      vertex -50.4594 32.1128 24
      vertex -50.4594 32.1128 17.9
    endloop
  endfacet
  facet normal 0.659482 0.751721 -0
    outer loop
      vertex -49.8872 31.5406 17.9
      vertex -50.192 31.808 24
      vertex -49.8872 31.5406 24
    endloop
  endfacet
  facet normal 0.659482 0.751721 0
    outer loop
      vertex -50.192 31.808 24
      vertex -49.8872 31.5406 17.9
      vertex -50.192 31.808 17.9
    endloop
  endfacet
  facet normal 0.659482 -0.751721 0
    outer loop
      vertex -50.192 36.192 17.9
      vertex -49.8872 36.4594 24
      vertex -50.192 36.192 24
    endloop
  endfacet
  facet normal 0.659482 -0.751721 0
    outer loop
      vertex -49.8872 36.4594 24
      vertex -50.192 36.192 17.9
      vertex -49.8872 36.4594 17.9
    endloop
  endfacet
  facet normal 0.946893 -0.321549 -8.57741e-20
    outer loop
      vertex -50.9944 34.8023 24
      vertex -50.864 35.1863 17.9
      vertex -50.864 35.1863 24
    endloop
  endfacet
  facet normal 0.946893 -0.321549 -8.57741e-20
    outer loop
      vertex -50.864 35.1863 17.9
      vertex -50.9944 34.8023 24
      vertex -50.9944 34.8023 17.9
    endloop
  endfacet
  facet normal 0.442176 -0.896928 0
    outer loop
      vertex -49.55 36.6847 17.9
      vertex -49.1863 36.864 24
      vertex -49.55 36.6847 24
    endloop
  endfacet
  facet normal 0.442176 -0.896928 0
    outer loop
      vertex -49.1863 36.864 24
      vertex -49.55 36.6847 17.9
      vertex -49.1863 36.864 17.9
    endloop
  endfacet
  facet normal 0.980789 -0.195073 -4.49093e-19
    outer loop
      vertex -51.0735 34.4046 24
      vertex -50.9944 34.8023 17.9
      vertex -50.9944 34.8023 24
    endloop
  endfacet
  facet normal 0.980789 -0.195073 -4.49093e-19
    outer loop
      vertex -50.9944 34.8023 17.9
      vertex -51.0735 34.4046 24
      vertex -51.0735 34.4046 17.9
    endloop
  endfacet
  facet normal 0.321549 -0.946893 0
    outer loop
      vertex -49.1863 36.864 17.9
      vertex -48.8023 36.9944 24
      vertex -49.1863 36.864 24
    endloop
  endfacet
  facet normal 0.321549 -0.946893 0
    outer loop
      vertex -48.8023 36.9944 24
      vertex -49.1863 36.864 17.9
      vertex -48.8023 36.9944 17.9
    endloop
  endfacet
  facet normal -0.659482 0.751721 0
    outer loop
      vertex -45.808 31.808 17.9
      vertex -46.1128 31.5406 24
      vertex -45.808 31.808 24
    endloop
  endfacet
  facet normal -0.659482 0.751721 0
    outer loop
      vertex -46.1128 31.5406 24
      vertex -45.808 31.808 17.9
      vertex -46.1128 31.5406 17.9
    endloop
  endfacet
  facet normal -0.0653568 -0.997862 0
    outer loop
      vertex -48 37.1 17.9
      vertex -47.5954 37.0735 24
      vertex -48 37.1 24
    endloop
  endfacet
  facet normal -0.0653568 -0.997862 -0
    outer loop
      vertex -47.5954 37.0735 24
      vertex -48 37.1 17.9
      vertex -47.5954 37.0735 17.9
    endloop
  endfacet
  facet normal -0.831481 -0.555553 -2.63034e-18
    outer loop
      vertex -45.3153 35.55 17.9
      vertex -45.5406 35.8872 24
      vertex -45.5406 35.8872 17.9
    endloop
  endfacet
  facet normal -0.831481 -0.555553 -2.63034e-18
    outer loop
      vertex -45.5406 35.8872 24
      vertex -45.3153 35.55 17.9
      vertex -45.3153 35.55 24
    endloop
  endfacet
  facet normal -0.195073 0.980789 0
    outer loop
      vertex -47.1977 31.0056 17.9
      vertex -47.5954 30.9265 24
      vertex -47.1977 31.0056 24
    endloop
  endfacet
  facet normal -0.195073 0.980789 0
    outer loop
      vertex -47.5954 30.9265 24
      vertex -47.1977 31.0056 17.9
      vertex -47.5954 30.9265 17.9
    endloop
  endfacet
  facet normal 0.980789 0.195073 4.49093e-19
    outer loop
      vertex -50.9944 33.1977 24
      vertex -51.0735 33.5954 17.9
      vertex -51.0735 33.5954 24
    endloop
  endfacet
  facet normal 0.980789 0.195073 4.49093e-19
    outer loop
      vertex -51.0735 33.5954 17.9
      vertex -50.9944 33.1977 24
      vertex -50.9944 33.1977 17.9
    endloop
  endfacet
  facet normal 0.751721 -0.659482 2.74297e-18
    outer loop
      vertex -50.4594 35.8872 24
      vertex -50.192 36.192 17.9
      vertex -50.192 36.192 24
    endloop
  endfacet
  facet normal 0.751721 -0.659482 2.74297e-18
    outer loop
      vertex -50.192 36.192 17.9
      vertex -50.4594 35.8872 24
      vertex -50.4594 35.8872 17.9
    endloop
  endfacet
  facet normal -0.659482 -0.751721 0
    outer loop
      vertex -46.1128 36.4594 17.9
      vertex -45.808 36.192 24
      vertex -46.1128 36.4594 24
    endloop
  endfacet
  facet normal -0.659482 -0.751721 -0
    outer loop
      vertex -45.808 36.192 24
      vertex -46.1128 36.4594 17.9
      vertex -45.808 36.192 17.9
    endloop
  endfacet
  facet normal -0.997862 0.0653568 -2.00862e-19
    outer loop
      vertex -44.9265 33.5954 17.9
      vertex -44.9 34 24
      vertex -44.9 34 17.9
    endloop
  endfacet
  facet normal -0.997862 0.0653568 -2.00862e-19
    outer loop
      vertex -44.9 34 24
      vertex -44.9265 33.5954 17.9
      vertex -44.9265 33.5954 24
    endloop
  endfacet
  facet normal -0.980789 0.195073 -4.49093e-19
    outer loop
      vertex -45.0056 33.1977 17.9
      vertex -44.9265 33.5954 24
      vertex -44.9265 33.5954 17.9
    endloop
  endfacet
  facet normal -0.980789 0.195073 -4.49093e-19
    outer loop
      vertex -44.9265 33.5954 24
      vertex -45.0056 33.1977 17.9
      vertex -45.0056 33.1977 24
    endloop
  endfacet
  facet normal -0.555553 0.831481 0
    outer loop
      vertex -46.1128 31.5406 17.9
      vertex -46.45 31.3153 24
      vertex -46.1128 31.5406 24
    endloop
  endfacet
  facet normal -0.555553 0.831481 0
    outer loop
      vertex -46.45 31.3153 24
      vertex -46.1128 31.5406 17.9
      vertex -46.45 31.3153 17.9
    endloop
  endfacet
  facet normal -0.195073 -0.980789 0
    outer loop
      vertex -47.5954 37.0735 17.9
      vertex -47.1977 36.9944 24
      vertex -47.5954 37.0735 24
    endloop
  endfacet
  facet normal -0.195073 -0.980789 -0
    outer loop
      vertex -47.1977 36.9944 24
      vertex -47.5954 37.0735 17.9
      vertex -47.1977 36.9944 17.9
    endloop
  endfacet
  facet normal -0.751721 -0.659482 -2.74297e-18
    outer loop
      vertex -45.5406 35.8872 17.9
      vertex -45.808 36.192 24
      vertex -45.808 36.192 17.9
    endloop
  endfacet
  facet normal -0.751721 -0.659482 -2.74297e-18
    outer loop
      vertex -45.808 36.192 24
      vertex -45.5406 35.8872 17.9
      vertex -45.5406 35.8872 24
    endloop
  endfacet
  facet normal -0.442176 -0.896928 0
    outer loop
      vertex -46.8137 36.864 17.9
      vertex -46.45 36.6847 24
      vertex -46.8137 36.864 24
    endloop
  endfacet
  facet normal -0.442176 -0.896928 -0
    outer loop
      vertex -46.45 36.6847 24
      vertex -46.8137 36.864 17.9
      vertex -46.45 36.6847 17.9
    endloop
  endfacet
  facet normal 0.997862 0.0653568 2.00862e-19
    outer loop
      vertex -51.0735 33.5954 24
      vertex -51.1 34 17.9
      vertex -51.1 34 24
    endloop
  endfacet
  facet normal 0.997862 0.0653568 2.00862e-19
    outer loop
      vertex -51.1 34 17.9
      vertex -51.0735 33.5954 24
      vertex -51.0735 33.5954 17.9
    endloop
  endfacet
  facet normal -0.831481 0.555553 2.63034e-18
    outer loop
      vertex -45.5406 32.1128 17.9
      vertex -45.3153 32.45 24
      vertex -45.3153 32.45 17.9
    endloop
  endfacet
  facet normal -0.831481 0.555553 2.63034e-18
    outer loop
      vertex -45.3153 32.45 24
      vertex -45.5406 32.1128 17.9
      vertex -45.5406 32.1128 24
    endloop
  endfacet
  facet normal 0.751721 0.659482 -2.74297e-18
    outer loop
      vertex -50.192 31.808 24
      vertex -50.4594 32.1128 17.9
      vertex -50.4594 32.1128 24
    endloop
  endfacet
  facet normal 0.751721 0.659482 -2.74297e-18
    outer loop
      vertex -50.4594 32.1128 17.9
      vertex -50.192 31.808 24
      vertex -50.192 31.808 17.9
    endloop
  endfacet
  facet normal 0.997862 -0.0653568 -2.00862e-19
    outer loop
      vertex -51.1 34 24
      vertex -51.0735 34.4046 17.9
      vertex -51.0735 34.4046 24
    endloop
  endfacet
  facet normal 0.997862 -0.0653568 -2.00862e-19
    outer loop
      vertex -51.0735 34.4046 17.9
      vertex -51.1 34 24
      vertex -51.1 34 17.9
    endloop
  endfacet
  facet normal 0.442176 0.896928 -0
    outer loop
      vertex -49.1863 31.136 17.9
      vertex -49.55 31.3153 24
      vertex -49.1863 31.136 24
    endloop
  endfacet
  facet normal 0.442176 0.896928 0
    outer loop
      vertex -49.55 31.3153 24
      vertex -49.1863 31.136 17.9
      vertex -49.55 31.3153 17.9
    endloop
  endfacet
  facet normal 0.946893 0.321549 8.57741e-20
    outer loop
      vertex -50.864 32.8137 24
      vertex -50.9944 33.1977 17.9
      vertex -50.9944 33.1977 24
    endloop
  endfacet
  facet normal 0.946893 0.321549 8.57741e-20
    outer loop
      vertex -50.9944 33.1977 17.9
      vertex -50.864 32.8137 24
      vertex -50.864 32.8137 17.9
    endloop
  endfacet
  facet normal 0.195073 0.980789 -0
    outer loop
      vertex -48.4046 30.9265 17.9
      vertex -48.8023 31.0056 24
      vertex -48.4046 30.9265 24
    endloop
  endfacet
  facet normal 0.195073 0.980789 0
    outer loop
      vertex -48.8023 31.0056 24
      vertex -48.4046 30.9265 17.9
      vertex -48.8023 31.0056 17.9
    endloop
  endfacet
  facet normal -0.0653568 0.997862 0
    outer loop
      vertex -47.5954 30.9265 17.9
      vertex -48 30.9 24
      vertex -47.5954 30.9265 24
    endloop
  endfacet
  facet normal -0.0653568 0.997862 0
    outer loop
      vertex -48 30.9 24
      vertex -47.5954 30.9265 17.9
      vertex -48 30.9 17.9
    endloop
  endfacet
  facet normal 0.0653568 -0.997862 0
    outer loop
      vertex -48.4046 37.0735 17.9
      vertex -48 37.1 24
      vertex -48.4046 37.0735 24
    endloop
  endfacet
  facet normal 0.0653568 -0.997862 0
    outer loop
      vertex -48 37.1 24
      vertex -48.4046 37.0735 17.9
      vertex -48 37.1 17.9
    endloop
  endfacet
  facet normal 0 0 1
    outer loop
      vertex -44.9265 34.4046 17.9
      vertex -44.9265 33.5954 17.9
      vertex -44.9 34 17.9
    endloop
  endfacet
  facet normal 0 0 1
    outer loop
      vertex -45.0056 34.8023 17.9
      vertex -44.9265 33.5954 17.9
      vertex -44.9265 34.4046 17.9
    endloop
  endfacet
  facet normal 0 0 1
    outer loop
      vertex -45.0056 34.8023 17.9
      vertex -45.0056 33.1977 17.9
      vertex -44.9265 33.5954 17.9
    endloop
  endfacet
  facet normal 0 0 1
    outer loop
      vertex -45.136 35.1863 17.9
      vertex -45.0056 33.1977 17.9
      vertex -45.0056 34.8023 17.9
    endloop
  endfacet
  facet normal 0 0 1
    outer loop
      vertex -45.136 35.1863 17.9
      vertex -45.136 32.8137 17.9
      vertex -45.0056 33.1977 17.9
    endloop
  endfacet
  facet normal 0 0 1
    outer loop
      vertex -45.3153 35.55 17.9
      vertex -45.136 32.8137 17.9
      vertex -45.136 35.1863 17.9
    endloop
  endfacet
  facet normal 0 0 1
    outer loop
      vertex -45.3153 35.55 17.9
      vertex -45.3153 32.45 17.9
      vertex -45.136 32.8137 17.9
    endloop
  endfacet
  facet normal 0 0 1
    outer loop
      vertex -45.5406 35.8872 17.9
      vertex -45.3153 32.45 17.9
      vertex -45.3153 35.55 17.9
    endloop
  endfacet
  facet normal 0 0 1
    outer loop
      vertex -45.5406 35.8872 17.9
      vertex -45.5406 32.1128 17.9
      vertex -45.3153 32.45 17.9
    endloop
  endfacet
  facet normal 0 0 1
    outer loop
      vertex -45.808 36.192 17.9
      vertex -45.5406 32.1128 17.9
      vertex -45.5406 35.8872 17.9
    endloop
  endfacet
  facet normal 0 0 1
    outer loop
      vertex -45.808 36.192 17.9
      vertex -45.808 31.808 17.9
      vertex -45.5406 32.1128 17.9
    endloop
  endfacet
  facet normal 0 0 1
    outer loop
      vertex -46.1128 36.4594 17.9
      vertex -45.808 31.808 17.9
      vertex -45.808 36.192 17.9
    endloop
  endfacet
  facet normal 0 0 1
    outer loop
      vertex -46.1128 36.4594 17.9
      vertex -46.1128 31.5406 17.9
      vertex -45.808 31.808 17.9
    endloop
  endfacet
  facet normal 0 0 1
    outer loop
      vertex -46.45 36.6847 17.9
      vertex -46.1128 31.5406 17.9
      vertex -46.1128 36.4594 17.9
    endloop
  endfacet
  facet normal 0 0 1
    outer loop
      vertex -46.45 36.6847 17.9
      vertex -46.45 31.3153 17.9
      vertex -46.1128 31.5406 17.9
    endloop
  endfacet
  facet normal 0 0 1
    outer loop
      vertex -46.8137 36.864 17.9
      vertex -46.45 31.3153 17.9
      vertex -46.45 36.6847 17.9
    endloop
  endfacet
  facet normal 0 0 1
    outer loop
      vertex -46.8137 36.864 17.9
      vertex -46.8137 31.136 17.9
      vertex -46.45 31.3153 17.9
    endloop
  endfacet
  facet normal 0 0 1
    outer loop
      vertex -47.1977 36.9944 17.9
      vertex -46.8137 31.136 17.9
      vertex -46.8137 36.864 17.9
    endloop
  endfacet
  facet normal 0 0 1
    outer loop
      vertex -47.1977 36.9944 17.9
      vertex -47.1977 31.0056 17.9
      vertex -46.8137 31.136 17.9
    endloop
  endfacet
  facet normal 0 0 1
    outer loop
      vertex -47.5954 37.0735 17.9
      vertex -47.1977 31.0056 17.9
      vertex -47.1977 36.9944 17.9
    endloop
  endfacet
  facet normal 0 0 1
    outer loop
      vertex -47.5954 37.0735 17.9
      vertex -47.5954 30.9265 17.9
      vertex -47.1977 31.0056 17.9
    endloop
  endfacet
  facet normal 0 0 1
    outer loop
      vertex -48 37.1 17.9
      vertex -47.5954 30.9265 17.9
      vertex -47.5954 37.0735 17.9
    endloop
  endfacet
  facet normal 0 0 1
    outer loop
      vertex -48 37.1 17.9
      vertex -48 30.9 17.9
      vertex -47.5954 30.9265 17.9
    endloop
  endfacet
  facet normal -0 0 1
    outer loop
      vertex -48.4046 37.0735 17.9
      vertex -48 30.9 17.9
      vertex -48 37.1 17.9
    endloop
  endfacet
  facet normal 0 0 1
    outer loop
      vertex -48.4046 37.0735 17.9
      vertex -48.4046 30.9265 17.9
      vertex -48 30.9 17.9
    endloop
  endfacet
  facet normal -0 0 1
    outer loop
      vertex -48.8023 36.9944 17.9
      vertex -48.4046 30.9265 17.9
      vertex -48.4046 37.0735 17.9
    endloop
  endfacet
  facet normal 0 0 1
    outer loop
      vertex -48.8023 36.9944 17.9
      vertex -48.8023 31.0056 17.9
      vertex -48.4046 30.9265 17.9
    endloop
  endfacet
  facet normal -0 0 1
    outer loop
      vertex -49.1863 36.864 17.9
      vertex -48.8023 31.0056 17.9
      vertex -48.8023 36.9944 17.9
    endloop
  endfacet
  facet normal 0 0 1
    outer loop
      vertex -49.1863 36.864 17.9
      vertex -49.1863 31.136 17.9
      vertex -48.8023 31.0056 17.9
    endloop
  endfacet
  facet normal -0 0 1
    outer loop
      vertex -49.55 36.6847 17.9
      vertex -49.1863 31.136 17.9
      vertex -49.1863 36.864 17.9
    endloop
  endfacet
  facet normal 0 0 1
    outer loop
      vertex -49.55 36.6847 17.9
      vertex -49.55 31.3153 17.9
      vertex -49.1863 31.136 17.9
    endloop
  endfacet
  facet normal -0 0 1
    outer loop
      vertex -49.8872 36.4594 17.9
      vertex -49.55 31.3153 17.9
      vertex -49.55 36.6847 17.9
    endloop
  endfacet
  facet normal 0 0 1
    outer loop
      vertex -49.8872 36.4594 17.9
      vertex -49.8872 31.5406 17.9
      vertex -49.55 31.3153 17.9
    endloop
  endfacet
  facet normal -0 0 1
    outer loop
      vertex -50.192 36.192 17.9
      vertex -49.8872 31.5406 17.9
      vertex -49.8872 36.4594 17.9
    endloop
  endfacet
  facet normal 0 0 1
    outer loop
      vertex -50.192 36.192 17.9
      vertex -50.192 31.808 17.9
      vertex -49.8872 31.5406 17.9
    endloop
  endfacet
  facet normal -0 0 1
    outer loop
      vertex -50.4594 35.8872 17.9
      vertex -50.192 31.808 17.9
      vertex -50.192 36.192 17.9
    endloop
  endfacet
  facet normal 0 0 1
    outer loop
      vertex -50.4594 35.8872 17.9
      vertex -50.4594 32.1128 17.9
      vertex -50.192 31.808 17.9
    endloop
  endfacet
  facet normal -0 0 1
    outer loop
      vertex -50.6847 35.55 17.9
      vertex -50.4594 32.1128 17.9
      vertex -50.4594 35.8872 17.9
    endloop
  endfacet
  facet normal 0 0 1
    outer loop
      vertex -50.6847 35.55 17.9
      vertex -50.6847 32.45 17.9
      vertex -50.4594 32.1128 17.9
    endloop
  endfacet
  facet normal -0 0 1
    outer loop
      vertex -50.864 35.1863 17.9
      vertex -50.6847 32.45 17.9
      vertex -50.6847 35.55 17.9
    endloop
  endfacet
  facet normal 0 0 1
    outer loop
      vertex -50.864 35.1863 17.9
      vertex -50.864 32.8137 17.9
      vertex -50.6847 32.45 17.9
    endloop
  endfacet
  facet normal -0 0 1
    outer loop
      vertex -50.9944 34.8023 17.9
      vertex -50.864 32.8137 17.9
      vertex -50.864 35.1863 17.9
    endloop
  endfacet
  facet normal 0 0 1
    outer loop
      vertex -50.9944 34.8023 17.9
      vertex -50.9944 33.1977 17.9
      vertex -50.864 32.8137 17.9
    endloop
  endfacet
  facet normal -0 0 1
    outer loop
      vertex -51.0735 34.4046 17.9
      vertex -50.9944 33.1977 17.9
      vertex -50.9944 34.8023 17.9
    endloop
  endfacet
  facet normal 0 0 1
    outer loop
      vertex -51.0735 34.4046 17.9
      vertex -51.0735 33.5954 17.9
      vertex -50.9944 33.1977 17.9
    endloop
  endfacet
  facet normal 0 -0 1
    outer loop
      vertex -51.0735 33.5954 17.9
      vertex -51.0735 34.4046 17.9
      vertex -51.1 34 17.9
    endloop
  endfacet
  facet normal 0.896928 -0.442176 -2.63555e-18
    outer loop
      vertex -50.864 35.1863 24
      vertex -50.6847 35.55 17.9
      vertex -50.6847 35.55 24
    endloop
  endfacet
  facet normal 0.896928 -0.442176 -2.63555e-18
    outer loop
      vertex -50.6847 35.55 17.9
      vertex -50.864 35.1863 24
      vertex -50.864 35.1863 17.9
    endloop
  endfacet
  facet normal 0.831481 -0.555553 2.63034e-18
    outer loop
      vertex -50.6847 35.55 24
      vertex -50.4594 35.8872 17.9
      vertex -50.4594 35.8872 24
    endloop
  endfacet
  facet normal 0.831481 -0.555553 2.63034e-18
    outer loop
      vertex -50.4594 35.8872 17.9
      vertex -50.6847 35.55 24
      vertex -50.6847 35.55 17.9
    endloop
  endfacet
  facet normal 0.555553 0.831481 -0
    outer loop
      vertex -49.55 31.3153 17.9
      vertex -49.8872 31.5406 24
      vertex -49.55 31.3153 24
    endloop
  endfacet
  facet normal 0.555553 0.831481 0
    outer loop
      vertex -49.8872 31.5406 24
      vertex -49.55 31.3153 17.9
      vertex -49.8872 31.5406 17.9
    endloop
  endfacet
  facet normal 0.980786 0.195087 -5.5301e-19
    outer loop
      vertex 52.9572 -33.3474 24
      vertex 52.8296 -32.7059 6
      vertex 52.8296 -32.7059 24
    endloop
  endfacet
  facet normal 0.980786 0.195087 -5.5301e-19
    outer loop
      vertex 52.8296 -32.7059 6
      vertex 52.9572 -33.3474 24
      vertex 52.9572 -33.3474 6
    endloop
  endfacet
  facet normal 0.997856 0.0654432 -7.37528e-20
    outer loop
      vertex 53 -34 24
      vertex 52.9572 -33.3474 6
      vertex 52.9572 -33.3474 24
    endloop
  endfacet
  facet normal 0.997856 0.0654432 -7.37528e-20
    outer loop
      vertex 52.9572 -33.3474 6
      vertex 53 -34 24
      vertex 53 -34 6
    endloop
  endfacet
  facet normal 0.321407 -0.946941 0
    outer loop
      vertex 49.2941 -38.8296 6
      vertex 49.9134 -38.6194 24
      vertex 49.2941 -38.8296 24
    endloop
  endfacet
  facet normal 0.321407 -0.946941 0
    outer loop
      vertex 49.9134 -38.6194 24
      vertex 49.2941 -38.8296 6
      vertex 49.9134 -38.6194 6
    endloop
  endfacet
  facet normal 0.831509 0.555512 -2.59926e-19
    outer loop
      vertex 52.3301 -31.5 24
      vertex 51.9668 -30.9562 6
      vertex 51.9668 -30.9562 24
    endloop
  endfacet
  facet normal 0.831509 0.555512 -2.59926e-19
    outer loop
      vertex 51.9668 -30.9562 6
      vertex 52.3301 -31.5 24
      vertex 52.3301 -31.5 6
    endloop
  endfacet
  facet normal -0.89686 0.442314 -3.25841e-19
    outer loop
      vertex 43.3806 -32.0866 6
      vertex 43.6699 -31.5 24
      vertex 43.6699 -31.5 6
    endloop
  endfacet
  facet normal -0.89686 0.442314 -3.25841e-19
    outer loop
      vertex 43.6699 -31.5 24
      vertex 43.3806 -32.0866 6
      vertex 43.3806 -32.0866 24
    endloop
  endfacet
  facet normal -0.555512 0.831509 0
    outer loop
      vertex 45.5 -29.6699 6
      vertex 44.9562 -30.0332 24
      vertex 45.5 -29.6699 24
    endloop
  endfacet
  facet normal -0.555512 0.831509 0
    outer loop
      vertex 44.9562 -30.0332 24
      vertex 45.5 -29.6699 6
      vertex 44.9562 -30.0332 6
    endloop
  endfacet
  facet normal -0.659424 0.751771 0
    outer loop
      vertex 44.9562 -30.0332 6
      vertex 44.4645 -30.4645 24
      vertex 44.9562 -30.0332 24
    endloop
  endfacet
  facet normal -0.659424 0.751771 0
    outer loop
      vertex 44.4645 -30.4645 24
      vertex 44.9562 -30.0332 6
      vertex 44.4645 -30.4645 6
    endloop
  endfacet
  facet normal -0.751771 0.659424 6.01194e-19
    outer loop
      vertex 44.0332 -30.9562 6
      vertex 44.4645 -30.4645 24
      vertex 44.4645 -30.4645 6
    endloop
  endfacet
  facet normal -0.751771 0.659424 6.01194e-19
    outer loop
      vertex 44.4645 -30.4645 24
      vertex 44.0332 -30.9562 6
      vertex 44.0332 -30.9562 24
    endloop
  endfacet
  facet normal 0.946941 -0.321407 7.55944e-19
    outer loop
      vertex 52.6194 -35.9134 24
      vertex 52.8296 -35.2941 6
      vertex 52.8296 -35.2941 24
    endloop
  endfacet
  facet normal 0.946941 -0.321407 7.55944e-19
    outer loop
      vertex 52.8296 -35.2941 6
      vertex 52.6194 -35.9134 24
      vertex 52.6194 -35.9134 6
    endloop
  endfacet
  facet normal -0.997856 0.0654432 7.37528e-20
    outer loop
      vertex 43 -34 6
      vertex 43.0428 -33.3474 24
      vertex 43.0428 -33.3474 6
    endloop
  endfacet
  facet normal -0.997856 0.0654432 7.37528e-20
    outer loop
      vertex 43.0428 -33.3474 24
      vertex 43 -34 6
      vertex 43 -34 24
    endloop
  endfacet
  facet normal 0.555512 0.831509 -0
    outer loop
      vertex 51.0438 -30.0332 6
      vertex 50.5 -29.6699 24
      vertex 51.0438 -30.0332 24
    endloop
  endfacet
  facet normal 0.555512 0.831509 0
    outer loop
      vertex 50.5 -29.6699 24
      vertex 51.0438 -30.0332 6
      vertex 50.5 -29.6699 6
    endloop
  endfacet
  facet normal -0.321407 -0.946941 0
    outer loop
      vertex 46.0866 -38.6194 6
      vertex 46.7059 -38.8296 24
      vertex 46.0866 -38.6194 24
    endloop
  endfacet
  facet normal -0.321407 -0.946941 -0
    outer loop
      vertex 46.7059 -38.8296 24
      vertex 46.0866 -38.6194 6
      vertex 46.7059 -38.8296 6
    endloop
  endfacet
  facet normal -0.751771 -0.659424 -1.08779e-18
    outer loop
      vertex 44.4645 -37.5355 6
      vertex 44.0332 -37.0438 24
      vertex 44.0332 -37.0438 6
    endloop
  endfacet
  facet normal -0.751771 -0.659424 -1.08779e-18
    outer loop
      vertex 44.0332 -37.0438 24
      vertex 44.4645 -37.5355 6
      vertex 44.4645 -37.5355 24
    endloop
  endfacet
  facet normal 0.195087 -0.980786 0
    outer loop
      vertex 48.6526 -38.9572 6
      vertex 49.2941 -38.8296 24
      vertex 48.6526 -38.9572 24
    endloop
  endfacet
  facet normal 0.195087 -0.980786 0
    outer loop
      vertex 49.2941 -38.8296 24
      vertex 48.6526 -38.9572 6
      vertex 49.2941 -38.8296 6
    endloop
  endfacet
  facet normal -0.321407 0.946941 0
    outer loop
      vertex 46.7059 -29.1704 6
      vertex 46.0866 -29.3806 24
      vertex 46.7059 -29.1704 24
    endloop
  endfacet
  facet normal -0.321407 0.946941 0
    outer loop
      vertex 46.0866 -29.3806 24
      vertex 46.7059 -29.1704 6
      vertex 46.0866 -29.3806 6
    endloop
  endfacet
  facet normal -0.831509 -0.555512 9.24629e-19
    outer loop
      vertex 44.0332 -37.0438 6
      vertex 43.6699 -36.5 24
      vertex 43.6699 -36.5 6
    endloop
  endfacet
  facet normal -0.831509 -0.555512 9.24629e-19
    outer loop
      vertex 43.6699 -36.5 24
      vertex 44.0332 -37.0438 6
      vertex 44.0332 -37.0438 24
    endloop
  endfacet
  facet normal 0.555512 -0.831509 0
    outer loop
      vertex 50.5 -38.3301 6
      vertex 51.0438 -37.9668 24
      vertex 50.5 -38.3301 24
    endloop
  endfacet
  facet normal 0.555512 -0.831509 0
    outer loop
      vertex 51.0438 -37.9668 24
      vertex 50.5 -38.3301 6
      vertex 51.0438 -37.9668 6
    endloop
  endfacet
  facet normal -0.946941 0.321407 7.55944e-19
    outer loop
      vertex 43.1704 -32.7059 6
      vertex 43.3806 -32.0866 24
      vertex 43.3806 -32.0866 6
    endloop
  endfacet
  facet normal -0.946941 0.321407 7.55944e-19
    outer loop
      vertex 43.3806 -32.0866 24
      vertex 43.1704 -32.7059 6
      vertex 43.1704 -32.7059 24
    endloop
  endfacet
  facet normal 0.321407 0.946941 -0
    outer loop
      vertex 49.9134 -29.3806 6
      vertex 49.2941 -29.1704 24
      vertex 49.9134 -29.3806 24
    endloop
  endfacet
  facet normal 0.321407 0.946941 0
    outer loop
      vertex 49.2941 -29.1704 24
      vertex 49.9134 -29.3806 6
      vertex 49.2941 -29.1704 6
    endloop
  endfacet
  facet normal 0.0654432 0.997856 -0
    outer loop
      vertex 48.6526 -29.0428 6
      vertex 48 -29 24
      vertex 48.6526 -29.0428 24
    endloop
  endfacet
  facet normal 0.0654432 0.997856 0
    outer loop
      vertex 48 -29 24
      vertex 48.6526 -29.0428 6
      vertex 48 -29 6
    endloop
  endfacet
  facet normal -0.442314 0.89686 0
    outer loop
      vertex 46.0866 -29.3806 6
      vertex 45.5 -29.6699 24
      vertex 46.0866 -29.3806 24
    endloop
  endfacet
  facet normal -0.442314 0.89686 0
    outer loop
      vertex 45.5 -29.6699 24
      vertex 46.0866 -29.3806 6
      vertex 45.5 -29.6699 6
    endloop
  endfacet
  facet normal 0.831509 -0.555512 -9.24629e-19
    outer loop
      vertex 51.9668 -37.0438 24
      vertex 52.3301 -36.5 6
      vertex 52.3301 -36.5 24
    endloop
  endfacet
  facet normal 0.831509 -0.555512 -9.24629e-19
    outer loop
      vertex 52.3301 -36.5 6
      vertex 51.9668 -37.0438 24
      vertex 51.9668 -37.0438 6
    endloop
  endfacet
  facet normal -0.997856 -0.0654432 -7.37528e-20
    outer loop
      vertex 43.0428 -34.6526 6
      vertex 43 -34 24
      vertex 43 -34 6
    endloop
  endfacet
  facet normal -0.997856 -0.0654432 -7.37528e-20
    outer loop
      vertex 43 -34 24
      vertex 43.0428 -34.6526 6
      vertex 43.0428 -34.6526 24
    endloop
  endfacet
  facet normal 0.980786 -0.195087 5.5301e-19
    outer loop
      vertex 52.8296 -35.2941 24
      vertex 52.9572 -34.6526 6
      vertex 52.9572 -34.6526 24
    endloop
  endfacet
  facet normal 0.980786 -0.195087 5.5301e-19
    outer loop
      vertex 52.9572 -34.6526 6
      vertex 52.8296 -35.2941 24
      vertex 52.8296 -35.2941 6
    endloop
  endfacet
  facet normal -0.946941 -0.321407 -7.55944e-19
    outer loop
      vertex 43.3806 -35.9134 6
      vertex 43.1704 -35.2941 24
      vertex 43.1704 -35.2941 6
    endloop
  endfacet
  facet normal -0.946941 -0.321407 -7.55944e-19
    outer loop
      vertex 43.1704 -35.2941 24
      vertex 43.3806 -35.9134 6
      vertex 43.3806 -35.9134 24
    endloop
  endfacet
  facet normal -0.659424 -0.751771 0
    outer loop
      vertex 44.4645 -37.5355 6
      vertex 44.9562 -37.9668 24
      vertex 44.4645 -37.5355 24
    endloop
  endfacet
  facet normal -0.659424 -0.751771 -0
    outer loop
      vertex 44.9562 -37.9668 24
      vertex 44.4645 -37.5355 6
      vertex 44.9562 -37.9668 6
    endloop
  endfacet
  facet normal 0.442314 0.89686 -0
    outer loop
      vertex 50.5 -29.6699 6
      vertex 49.9134 -29.3806 24
      vertex 50.5 -29.6699 24
    endloop
  endfacet
  facet normal 0.442314 0.89686 0
    outer loop
      vertex 49.9134 -29.3806 24
      vertex 50.5 -29.6699 6
      vertex 49.9134 -29.3806 6
    endloop
  endfacet
  facet normal -0.195087 0.980786 0
    outer loop
      vertex 47.3474 -29.0428 6
      vertex 46.7059 -29.1704 24
      vertex 47.3474 -29.0428 24
    endloop
  endfacet
  facet normal -0.195087 0.980786 0
    outer loop
      vertex 46.7059 -29.1704 24
      vertex 47.3474 -29.0428 6
      vertex 46.7059 -29.1704 6
    endloop
  endfacet
  facet normal 0.751771 0.659424 -6.01194e-19
    outer loop
      vertex 51.9668 -30.9562 24
      vertex 51.5355 -30.4645 6
      vertex 51.5355 -30.4645 24
    endloop
  endfacet
  facet normal 0.751771 0.659424 -6.01194e-19
    outer loop
      vertex 51.5355 -30.4645 6
      vertex 51.9668 -30.9562 24
      vertex 51.9668 -30.9562 6
    endloop
  endfacet
  facet normal 0.195087 0.980786 -0
    outer loop
      vertex 49.2941 -29.1704 6
      vertex 48.6526 -29.0428 24
      vertex 49.2941 -29.1704 24
    endloop
  endfacet
  facet normal 0.195087 0.980786 0
    outer loop
      vertex 48.6526 -29.0428 24
      vertex 49.2941 -29.1704 6
      vertex 48.6526 -29.0428 6
    endloop
  endfacet
  facet normal 0.751771 -0.659424 1.08779e-18
    outer loop
      vertex 51.5355 -37.5355 24
      vertex 51.9668 -37.0438 6
      vertex 51.9668 -37.0438 24
    endloop
  endfacet
  facet normal 0.751771 -0.659424 1.08779e-18
    outer loop
      vertex 51.9668 -37.0438 6
      vertex 51.5355 -37.5355 24
      vertex 51.5355 -37.5355 6
    endloop
  endfacet
  facet normal -0.442314 -0.89686 0
    outer loop
      vertex 45.5 -38.3301 6
      vertex 46.0866 -38.6194 24
      vertex 45.5 -38.3301 24
    endloop
  endfacet
  facet normal -0.442314 -0.89686 -0
    outer loop
      vertex 46.0866 -38.6194 24
      vertex 45.5 -38.3301 6
      vertex 46.0866 -38.6194 6
    endloop
  endfacet
  facet normal -0.0654432 0.997856 0
    outer loop
      vertex 48 -29 6
      vertex 47.3474 -29.0428 24
      vertex 48 -29 24
    endloop
  endfacet
  facet normal -0.0654432 0.997856 0
    outer loop
      vertex 47.3474 -29.0428 24
      vertex 48 -29 6
      vertex 47.3474 -29.0428 6
    endloop
  endfacet
  facet normal -0.980786 0.195087 5.5301e-19
    outer loop
      vertex 43.0428 -33.3474 6
      vertex 43.1704 -32.7059 24
      vertex 43.1704 -32.7059 6
    endloop
  endfacet
  facet normal -0.980786 0.195087 5.5301e-19
    outer loop
      vertex 43.1704 -32.7059 24
      vertex 43.0428 -33.3474 6
      vertex 43.0428 -33.3474 24
    endloop
  endfacet
  facet normal 0.0654432 -0.997856 0
    outer loop
      vertex 48 -39 6
      vertex 48.6526 -38.9572 24
      vertex 48 -39 24
    endloop
  endfacet
  facet normal 0.0654432 -0.997856 0
    outer loop
      vertex 48.6526 -38.9572 24
      vertex 48 -39 6
      vertex 48.6526 -38.9572 6
    endloop
  endfacet
  facet normal 0.442314 -0.89686 0
    outer loop
      vertex 49.9134 -38.6194 6
      vertex 50.5 -38.3301 24
      vertex 49.9134 -38.6194 24
    endloop
  endfacet
  facet normal 0.442314 -0.89686 0
    outer loop
      vertex 50.5 -38.3301 24
      vertex 49.9134 -38.6194 6
      vertex 50.5 -38.3301 6
    endloop
  endfacet
  facet normal 0.659424 -0.751771 0
    outer loop
      vertex 51.0438 -37.9668 6
      vertex 51.5355 -37.5355 24
      vertex 51.0438 -37.9668 24
    endloop
  endfacet
  facet normal 0.659424 -0.751771 0
    outer loop
      vertex 51.5355 -37.5355 24
      vertex 51.0438 -37.9668 6
      vertex 51.5355 -37.5355 6
    endloop
  endfacet
  facet normal -0.89686 -0.442314 3.25841e-19
    outer loop
      vertex 43.6699 -36.5 6
      vertex 43.3806 -35.9134 24
      vertex 43.3806 -35.9134 6
    endloop
  endfacet
  facet normal -0.89686 -0.442314 3.25841e-19
    outer loop
      vertex 43.3806 -35.9134 24
      vertex 43.6699 -36.5 6
      vertex 43.6699 -36.5 24
    endloop
  endfacet
  facet normal 0.89686 -0.442314 -3.25841e-19
    outer loop
      vertex 52.3301 -36.5 24
      vertex 52.6194 -35.9134 6
      vertex 52.6194 -35.9134 24
    endloop
  endfacet
  facet normal 0.89686 -0.442314 -3.25841e-19
    outer loop
      vertex 52.6194 -35.9134 6
      vertex 52.3301 -36.5 24
      vertex 52.3301 -36.5 6
    endloop
  endfacet
  facet normal 0.659424 0.751771 -0
    outer loop
      vertex 51.5355 -30.4645 6
      vertex 51.0438 -30.0332 24
      vertex 51.5355 -30.4645 24
    endloop
  endfacet
  facet normal 0.659424 0.751771 0
    outer loop
      vertex 51.0438 -30.0332 24
      vertex 51.5355 -30.4645 6
      vertex 51.0438 -30.0332 6
    endloop
  endfacet
  facet normal 0.997856 -0.0654432 7.37528e-20
    outer loop
      vertex 52.9572 -34.6526 24
      vertex 53 -34 6
      vertex 53 -34 24
    endloop
  endfacet
  facet normal 0.997856 -0.0654432 7.37528e-20
    outer loop
      vertex 53 -34 6
      vertex 52.9572 -34.6526 24
      vertex 52.9572 -34.6526 6
    endloop
  endfacet
  facet normal -0.555512 -0.831509 0
    outer loop
      vertex 44.9562 -37.9668 6
      vertex 45.5 -38.3301 24
      vertex 44.9562 -37.9668 24
    endloop
  endfacet
  facet normal -0.555512 -0.831509 -0
    outer loop
      vertex 45.5 -38.3301 24
      vertex 44.9562 -37.9668 6
      vertex 45.5 -38.3301 6
    endloop
  endfacet
  facet normal 0.89686 0.442314 3.25841e-19
    outer loop
      vertex 52.6194 -32.0866 24
      vertex 52.3301 -31.5 6
      vertex 52.3301 -31.5 24
    endloop
  endfacet
  facet normal 0.89686 0.442314 3.25841e-19
    outer loop
      vertex 52.3301 -31.5 6
      vertex 52.6194 -32.0866 24
      vertex 52.6194 -32.0866 6
    endloop
  endfacet
  facet normal 0.946941 0.321407 -7.55944e-19
    outer loop
      vertex 52.8296 -32.7059 24
      vertex 52.6194 -32.0866 6
      vertex 52.6194 -32.0866 24
    endloop
  endfacet
  facet normal 0.946941 0.321407 -7.55944e-19
    outer loop
      vertex 52.6194 -32.0866 6
      vertex 52.8296 -32.7059 24
      vertex 52.8296 -32.7059 6
    endloop
  endfacet
  facet normal -0.980786 -0.195087 -5.5301e-19
    outer loop
      vertex 43.1704 -35.2941 6
      vertex 43.0428 -34.6526 24
      vertex 43.0428 -34.6526 6
    endloop
  endfacet
  facet normal -0.980786 -0.195087 -5.5301e-19
    outer loop
      vertex 43.0428 -34.6526 24
      vertex 43.1704 -35.2941 6
      vertex 43.1704 -35.2941 24
    endloop
  endfacet
  facet normal 0 0 1
    outer loop
      vertex 51.1 -34 24
      vertex 53 -34 24
      vertex 52.9572 -33.3474 24
    endloop
  endfacet
  facet normal 0 0 1
    outer loop
      vertex 51.0735 -33.5954 24
      vertex 52.9572 -33.3474 24
      vertex 52.8296 -32.7059 24
    endloop
  endfacet
  facet normal 0 0 1
    outer loop
      vertex 53 -34 24
      vertex 51.1 -34 24
      vertex 52.9572 -34.6526 24
    endloop
  endfacet
  facet normal 0 0 1
    outer loop
      vertex 50.9944 -33.1977 24
      vertex 52.8296 -32.7059 24
      vertex 52.6194 -32.0866 24
    endloop
  endfacet
  facet normal -0 0 1
    outer loop
      vertex 51.0735 -34.4046 24
      vertex 52.9572 -34.6526 24
      vertex 51.1 -34 24
    endloop
  endfacet
  facet normal 0 0 1
    outer loop
      vertex 50.864 -32.8137 24
      vertex 52.6194 -32.0866 24
      vertex 52.3301 -31.5 24
    endloop
  endfacet
  facet normal 0 0 1
    outer loop
      vertex 52.9572 -34.6526 24
      vertex 51.0735 -34.4046 24
      vertex 52.8296 -35.2941 24
    endloop
  endfacet
  facet normal 0 0 1
    outer loop
      vertex 50.6847 -32.45 24
      vertex 52.3301 -31.5 24
      vertex 51.9668 -30.9562 24
    endloop
  endfacet
  facet normal -0 0 1
    outer loop
      vertex 50.9944 -34.8023 24
      vertex 52.8296 -35.2941 24
      vertex 51.0735 -34.4046 24
    endloop
  endfacet
  facet normal 0 0 1
    outer loop
      vertex 50.4594 -32.1128 24
      vertex 51.9668 -30.9562 24
      vertex 51.5355 -30.4645 24
    endloop
  endfacet
  facet normal 0 0 1
    outer loop
      vertex 52.8296 -35.2941 24
      vertex 50.9944 -34.8023 24
      vertex 52.6194 -35.9134 24
    endloop
  endfacet
  facet normal -0 0 1
    outer loop
      vertex 50.864 -35.1863 24
      vertex 52.6194 -35.9134 24
      vertex 50.9944 -34.8023 24
    endloop
  endfacet
  facet normal 0 0 1
    outer loop
      vertex 52.9572 -33.3474 24
      vertex 51.0735 -33.5954 24
      vertex 51.1 -34 24
    endloop
  endfacet
  facet normal 0 0 1
    outer loop
      vertex 50.192 -31.808 24
      vertex 51.5355 -30.4645 24
      vertex 51.0438 -30.0332 24
    endloop
  endfacet
  facet normal 0 0 1
    outer loop
      vertex 52.8296 -32.7059 24
      vertex 50.9944 -33.1977 24
      vertex 51.0735 -33.5954 24
    endloop
  endfacet
  facet normal 0 0 1
    outer loop
      vertex 52.6194 -32.0866 24
      vertex 50.864 -32.8137 24
      vertex 50.9944 -33.1977 24
    endloop
  endfacet
  facet normal 0 0 1
    outer loop
      vertex 52.3301 -31.5 24
      vertex 50.6847 -32.45 24
      vertex 50.864 -32.8137 24
    endloop
  endfacet
  facet normal 0 0 1
    outer loop
      vertex 49.8872 -31.5406 24
      vertex 51.0438 -30.0332 24
      vertex 50.5 -29.6699 24
    endloop
  endfacet
  facet normal 0 0 1
    outer loop
      vertex 51.9668 -30.9562 24
      vertex 50.4594 -32.1128 24
      vertex 50.6847 -32.45 24
    endloop
  endfacet
  facet normal 0 0 1
    outer loop
      vertex 51.5355 -30.4645 24
      vertex 50.192 -31.808 24
      vertex 50.4594 -32.1128 24
    endloop
  endfacet
  facet normal 0 0 1
    outer loop
      vertex 49.55 -31.3153 24
      vertex 50.5 -29.6699 24
      vertex 49.9134 -29.3806 24
    endloop
  endfacet
  facet normal 0 0 1
    outer loop
      vertex 51.0438 -30.0332 24
      vertex 49.8872 -31.5406 24
      vertex 50.192 -31.808 24
    endloop
  endfacet
  facet normal 0 0 1
    outer loop
      vertex 50.5 -29.6699 24
      vertex 49.55 -31.3153 24
      vertex 49.8872 -31.5406 24
    endloop
  endfacet
  facet normal 0 0 1
    outer loop
      vertex 49.1863 -31.136 24
      vertex 49.9134 -29.3806 24
      vertex 49.2941 -29.1704 24
    endloop
  endfacet
  facet normal 0 0 1
    outer loop
      vertex 49.9134 -29.3806 24
      vertex 49.1863 -31.136 24
      vertex 49.55 -31.3153 24
    endloop
  endfacet
  facet normal 0 0 1
    outer loop
      vertex 49.2941 -29.1704 24
      vertex 48.8023 -31.0056 24
      vertex 49.1863 -31.136 24
    endloop
  endfacet
  facet normal 0 0 1
    outer loop
      vertex 48.6526 -29.0428 24
      vertex 48.8023 -31.0056 24
      vertex 49.2941 -29.1704 24
    endloop
  endfacet
  facet normal 0 0 1
    outer loop
      vertex 48.6526 -29.0428 24
      vertex 48.4046 -30.9265 24
      vertex 48.8023 -31.0056 24
    endloop
  endfacet
  facet normal 0 0 1
    outer loop
      vertex 48 -29 24
      vertex 48.4046 -30.9265 24
      vertex 48.6526 -29.0428 24
    endloop
  endfacet
  facet normal 0 0 1
    outer loop
      vertex 48 -29 24
      vertex 48 -30.9 24
      vertex 48.4046 -30.9265 24
    endloop
  endfacet
  facet normal 0 0 1
    outer loop
      vertex 48 -29 24
      vertex 47.5954 -30.9265 24
      vertex 48 -30.9 24
    endloop
  endfacet
  facet normal -0 0 1
    outer loop
      vertex 47.3474 -29.0428 24
      vertex 47.5954 -30.9265 24
      vertex 48 -29 24
    endloop
  endfacet
  facet normal 0 0 1
    outer loop
      vertex 47.3474 -29.0428 24
      vertex 47.1977 -31.0056 24
      vertex 47.5954 -30.9265 24
    endloop
  endfacet
  facet normal -0 0 1
    outer loop
      vertex 46.7059 -29.1704 24
      vertex 47.1977 -31.0056 24
      vertex 47.3474 -29.0428 24
    endloop
  endfacet
  facet normal 0 0 1
    outer loop
      vertex 47.1977 -31.0056 24
      vertex 46.7059 -29.1704 24
      vertex 46.8137 -31.136 24
    endloop
  endfacet
  facet normal -0 0 1
    outer loop
      vertex 46.0866 -29.3806 24
      vertex 46.8137 -31.136 24
      vertex 46.7059 -29.1704 24
    endloop
  endfacet
  facet normal 0 0 1
    outer loop
      vertex 46.8137 -31.136 24
      vertex 46.0866 -29.3806 24
      vertex 46.45 -31.3153 24
    endloop
  endfacet
  facet normal -0 0 1
    outer loop
      vertex 45.5 -29.6699 24
      vertex 46.45 -31.3153 24
      vertex 46.0866 -29.3806 24
    endloop
  endfacet
  facet normal 0 0 1
    outer loop
      vertex 46.45 -31.3153 24
      vertex 45.5 -29.6699 24
      vertex 46.1128 -31.5406 24
    endloop
  endfacet
  facet normal -0 0 1
    outer loop
      vertex 44.9562 -30.0332 24
      vertex 46.1128 -31.5406 24
      vertex 45.5 -29.6699 24
    endloop
  endfacet
  facet normal 0 0 1
    outer loop
      vertex 46.1128 -31.5406 24
      vertex 44.9562 -30.0332 24
      vertex 45.808 -31.808 24
    endloop
  endfacet
  facet normal -0 0 1
    outer loop
      vertex 44.4645 -30.4645 24
      vertex 45.808 -31.808 24
      vertex 44.9562 -30.0332 24
    endloop
  endfacet
  facet normal 0 0 1
    outer loop
      vertex 45.808 -31.808 24
      vertex 44.4645 -30.4645 24
      vertex 45.5406 -32.1128 24
    endloop
  endfacet
  facet normal -0 0 1
    outer loop
      vertex 44.0332 -30.9562 24
      vertex 45.5406 -32.1128 24
      vertex 44.4645 -30.4645 24
    endloop
  endfacet
  facet normal 0 0 1
    outer loop
      vertex 45.5406 -32.1128 24
      vertex 44.0332 -30.9562 24
      vertex 45.3153 -32.45 24
    endloop
  endfacet
  facet normal -0 0 1
    outer loop
      vertex 43.6699 -31.5 24
      vertex 45.3153 -32.45 24
      vertex 44.0332 -30.9562 24
    endloop
  endfacet
  facet normal 0 0 1
    outer loop
      vertex 45.3153 -32.45 24
      vertex 43.6699 -31.5 24
      vertex 45.136 -32.8137 24
    endloop
  endfacet
  facet normal -0 0 1
    outer loop
      vertex 43.3806 -32.0866 24
      vertex 45.136 -32.8137 24
      vertex 43.6699 -31.5 24
    endloop
  endfacet
  facet normal 0 0 1
    outer loop
      vertex 52.6194 -35.9134 24
      vertex 50.864 -35.1863 24
      vertex 52.3301 -36.5 24
    endloop
  endfacet
  facet normal -0 0 1
    outer loop
      vertex 50.6847 -35.55 24
      vertex 52.3301 -36.5 24
      vertex 50.864 -35.1863 24
    endloop
  endfacet
  facet normal 0 0 1
    outer loop
      vertex 52.3301 -36.5 24
      vertex 50.6847 -35.55 24
      vertex 51.9668 -37.0438 24
    endloop
  endfacet
  facet normal -0 0 1
    outer loop
      vertex 50.4594 -35.8872 24
      vertex 51.9668 -37.0438 24
      vertex 50.6847 -35.55 24
    endloop
  endfacet
  facet normal 0 0 1
    outer loop
      vertex 51.9668 -37.0438 24
      vertex 50.4594 -35.8872 24
      vertex 51.5355 -37.5355 24
    endloop
  endfacet
  facet normal -0 0 1
    outer loop
      vertex 50.192 -36.192 24
      vertex 51.5355 -37.5355 24
      vertex 50.4594 -35.8872 24
    endloop
  endfacet
  facet normal 0 0 1
    outer loop
      vertex 51.5355 -37.5355 24
      vertex 50.192 -36.192 24
      vertex 51.0438 -37.9668 24
    endloop
  endfacet
  facet normal -0 0 1
    outer loop
      vertex 49.8872 -36.4594 24
      vertex 51.0438 -37.9668 24
      vertex 50.192 -36.192 24
    endloop
  endfacet
  facet normal 0 0 1
    outer loop
      vertex 51.0438 -37.9668 24
      vertex 49.8872 -36.4594 24
      vertex 50.5 -38.3301 24
    endloop
  endfacet
  facet normal -0 0 1
    outer loop
      vertex 49.55 -36.6847 24
      vertex 50.5 -38.3301 24
      vertex 49.8872 -36.4594 24
    endloop
  endfacet
  facet normal 0 0 1
    outer loop
      vertex 50.5 -38.3301 24
      vertex 49.55 -36.6847 24
      vertex 49.9134 -38.6194 24
    endloop
  endfacet
  facet normal -0 0 1
    outer loop
      vertex 49.1863 -36.864 24
      vertex 49.9134 -38.6194 24
      vertex 49.55 -36.6847 24
    endloop
  endfacet
  facet normal 0 0 1
    outer loop
      vertex 49.9134 -38.6194 24
      vertex 49.1863 -36.864 24
      vertex 49.2941 -38.8296 24
    endloop
  endfacet
  facet normal -0 0 1
    outer loop
      vertex 48.8023 -36.9944 24
      vertex 49.2941 -38.8296 24
      vertex 49.1863 -36.864 24
    endloop
  endfacet
  facet normal 0 0 1
    outer loop
      vertex 48.8023 -36.9944 24
      vertex 48.6526 -38.9572 24
      vertex 49.2941 -38.8296 24
    endloop
  endfacet
  facet normal -0 0 1
    outer loop
      vertex 48.4046 -37.0735 24
      vertex 48.6526 -38.9572 24
      vertex 48.8023 -36.9944 24
    endloop
  endfacet
  facet normal -0 0 1
    outer loop
      vertex 48 -37.1 24
      vertex 48.6526 -38.9572 24
      vertex 48.4046 -37.0735 24
    endloop
  endfacet
  facet normal 0 0 1
    outer loop
      vertex 48 -37.1 24
      vertex 48 -39 24
      vertex 48.6526 -38.9572 24
    endloop
  endfacet
  facet normal 0 0 1
    outer loop
      vertex 47.5954 -37.0735 24
      vertex 48 -39 24
      vertex 48 -37.1 24
    endloop
  endfacet
  facet normal 0 0 1
    outer loop
      vertex 47.5954 -37.0735 24
      vertex 47.3474 -38.9572 24
      vertex 48 -39 24
    endloop
  endfacet
  facet normal 0 0 1
    outer loop
      vertex 47.1977 -36.9944 24
      vertex 47.3474 -38.9572 24
      vertex 47.5954 -37.0735 24
    endloop
  endfacet
  facet normal 0 0 1
    outer loop
      vertex 46.7059 -38.8296 24
      vertex 47.1977 -36.9944 24
      vertex 46.8137 -36.864 24
    endloop
  endfacet
  facet normal 0 0 1
    outer loop
      vertex 47.1977 -36.9944 24
      vertex 46.7059 -38.8296 24
      vertex 47.3474 -38.9572 24
    endloop
  endfacet
  facet normal 0 0 1
    outer loop
      vertex 46.0866 -38.6194 24
      vertex 46.8137 -36.864 24
      vertex 46.45 -36.6847 24
    endloop
  endfacet
  facet normal 0 0 1
    outer loop
      vertex 45.5 -38.3301 24
      vertex 46.45 -36.6847 24
      vertex 46.1128 -36.4594 24
    endloop
  endfacet
  facet normal 0 0 1
    outer loop
      vertex 46.8137 -36.864 24
      vertex 46.0866 -38.6194 24
      vertex 46.7059 -38.8296 24
    endloop
  endfacet
  facet normal 0 0 1
    outer loop
      vertex 44.9562 -37.9668 24
      vertex 46.1128 -36.4594 24
      vertex 45.808 -36.192 24
    endloop
  endfacet
  facet normal 0 0 1
    outer loop
      vertex 44.4645 -37.5355 24
      vertex 45.808 -36.192 24
      vertex 45.5406 -35.8872 24
    endloop
  endfacet
  facet normal 0 0 1
    outer loop
      vertex 46.45 -36.6847 24
      vertex 45.5 -38.3301 24
      vertex 46.0866 -38.6194 24
    endloop
  endfacet
  facet normal 0 0 1
    outer loop
      vertex 44.0332 -37.0438 24
      vertex 45.5406 -35.8872 24
      vertex 45.3153 -35.55 24
    endloop
  endfacet
  facet normal 0 0 1
    outer loop
      vertex 43.6699 -36.5 24
      vertex 45.3153 -35.55 24
      vertex 45.136 -35.1863 24
    endloop
  endfacet
  facet normal 0 0 1
    outer loop
      vertex 43.3806 -35.9134 24
      vertex 45.136 -35.1863 24
      vertex 45.0056 -34.8023 24
    endloop
  endfacet
  facet normal 0 0 1
    outer loop
      vertex 46.1128 -36.4594 24
      vertex 44.9562 -37.9668 24
      vertex 45.5 -38.3301 24
    endloop
  endfacet
  facet normal 0 0 1
    outer loop
      vertex 43.1704 -35.2941 24
      vertex 45.0056 -34.8023 24
      vertex 44.9265 -34.4046 24
    endloop
  endfacet
  facet normal 0 0 1
    outer loop
      vertex 43.0428 -34.6526 24
      vertex 44.9265 -34.4046 24
      vertex 44.9 -34 24
    endloop
  endfacet
  facet normal 0 0 1
    outer loop
      vertex 45.136 -32.8137 24
      vertex 43.3806 -32.0866 24
      vertex 45.0056 -33.1977 24
    endloop
  endfacet
  facet normal 0 0 1
    outer loop
      vertex 45.808 -36.192 24
      vertex 44.4645 -37.5355 24
      vertex 44.9562 -37.9668 24
    endloop
  endfacet
  facet normal -0 0 1
    outer loop
      vertex 43.1704 -32.7059 24
      vertex 45.0056 -33.1977 24
      vertex 43.3806 -32.0866 24
    endloop
  endfacet
  facet normal 0 0 1
    outer loop
      vertex 45.5406 -35.8872 24
      vertex 44.0332 -37.0438 24
      vertex 44.4645 -37.5355 24
    endloop
  endfacet
  facet normal 0 0 1
    outer loop
      vertex 45.0056 -33.1977 24
      vertex 43.1704 -32.7059 24
      vertex 44.9265 -33.5954 24
    endloop
  endfacet
  facet normal 0 0 1
    outer loop
      vertex 45.3153 -35.55 24
      vertex 43.6699 -36.5 24
      vertex 44.0332 -37.0438 24
    endloop
  endfacet
  facet normal -0 0 1
    outer loop
      vertex 43.0428 -33.3474 24
      vertex 44.9265 -33.5954 24
      vertex 43.1704 -32.7059 24
    endloop
  endfacet
  facet normal 0 0 1
    outer loop
      vertex 45.136 -35.1863 24
      vertex 43.3806 -35.9134 24
      vertex 43.6699 -36.5 24
    endloop
  endfacet
  facet normal 0 0 1
    outer loop
      vertex 44.9265 -33.5954 24
      vertex 43.0428 -33.3474 24
      vertex 44.9 -34 24
    endloop
  endfacet
  facet normal 0 0 1
    outer loop
      vertex 45.0056 -34.8023 24
      vertex 43.1704 -35.2941 24
      vertex 43.3806 -35.9134 24
    endloop
  endfacet
  facet normal 0 0 1
    outer loop
      vertex 43 -34 24
      vertex 44.9 -34 24
      vertex 43.0428 -33.3474 24
    endloop
  endfacet
  facet normal 0 0 1
    outer loop
      vertex 44.9265 -34.4046 24
      vertex 43.0428 -34.6526 24
      vertex 43.1704 -35.2941 24
    endloop
  endfacet
  facet normal 0 0 1
    outer loop
      vertex 44.9 -34 24
      vertex 43 -34 24
      vertex 43.0428 -34.6526 24
    endloop
  endfacet
  facet normal -0.195087 -0.980786 0
    outer loop
      vertex 46.7059 -38.8296 6
      vertex 47.3474 -38.9572 24
      vertex 46.7059 -38.8296 24
    endloop
  endfacet
  facet normal -0.195087 -0.980786 -0
    outer loop
      vertex 47.3474 -38.9572 24
      vertex 46.7059 -38.8296 6
      vertex 47.3474 -38.9572 6
    endloop
  endfacet
  facet normal -0.831509 0.555512 2.59926e-19
    outer loop
      vertex 43.6699 -31.5 6
      vertex 44.0332 -30.9562 24
      vertex 44.0332 -30.9562 6
    endloop
  endfacet
  facet normal -0.831509 0.555512 2.59926e-19
    outer loop
      vertex 44.0332 -30.9562 24
      vertex 43.6699 -31.5 6
      vertex 43.6699 -31.5 24
    endloop
  endfacet
  facet normal -0.0654432 -0.997856 0
    outer loop
      vertex 47.3474 -38.9572 6
      vertex 48 -39 24
      vertex 47.3474 -38.9572 24
    endloop
  endfacet
  facet normal -0.0654432 -0.997856 -0
    outer loop
      vertex 48 -39 24
      vertex 47.3474 -38.9572 6
      vertex 48 -39 6
    endloop
  endfacet
  facet normal 0.896928 0.442176 2.63555e-18
    outer loop
      vertex 45.3153 -35.55 24
      vertex 45.136 -35.1863 17.9
      vertex 45.136 -35.1863 24
    endloop
  endfacet
  facet normal 0.896928 0.442176 2.63555e-18
    outer loop
      vertex 45.136 -35.1863 17.9
      vertex 45.3153 -35.55 24
      vertex 45.3153 -35.55 17.9
    endloop
  endfacet
  facet normal -0.442176 0.896928 0
    outer loop
      vertex 49.55 -36.6847 17.9
      vertex 49.1863 -36.864 24
      vertex 49.55 -36.6847 24
    endloop
  endfacet
  facet normal -0.442176 0.896928 0
    outer loop
      vertex 49.1863 -36.864 24
      vertex 49.55 -36.6847 17.9
      vertex 49.1863 -36.864 17.9
    endloop
  endfacet
  facet normal -0.980789 -0.195073 4.49093e-19
    outer loop
      vertex 51.0735 -33.5954 17.9
      vertex 50.9944 -33.1977 24
      vertex 50.9944 -33.1977 17.9
    endloop
  endfacet
  facet normal -0.980789 -0.195073 4.49093e-19
    outer loop
      vertex 50.9944 -33.1977 24
      vertex 51.0735 -33.5954 17.9
      vertex 51.0735 -33.5954 24
    endloop
  endfacet
  facet normal -0.997862 -0.0653568 2.00862e-19
    outer loop
      vertex 51.1 -34 17.9
      vertex 51.0735 -33.5954 24
      vertex 51.0735 -33.5954 17.9
    endloop
  endfacet
  facet normal -0.997862 -0.0653568 2.00862e-19
    outer loop
      vertex 51.0735 -33.5954 24
      vertex 51.1 -34 17.9
      vertex 51.1 -34 24
    endloop
  endfacet
  facet normal -0.946893 -0.321549 8.57741e-20
    outer loop
      vertex 50.9944 -33.1977 17.9
      vertex 50.864 -32.8137 24
      vertex 50.864 -32.8137 17.9
    endloop
  endfacet
  facet normal -0.946893 -0.321549 8.57741e-20
    outer loop
      vertex 50.864 -32.8137 24
      vertex 50.9944 -33.1977 17.9
      vertex 50.9944 -33.1977 24
    endloop
  endfacet
  facet normal -0.751721 0.659482 2.74297e-18
    outer loop
      vertex 50.192 -36.192 17.9
      vertex 50.4594 -35.8872 24
      vertex 50.4594 -35.8872 17.9
    endloop
  endfacet
  facet normal -0.751721 0.659482 2.74297e-18
    outer loop
      vertex 50.4594 -35.8872 24
      vertex 50.192 -36.192 17.9
      vertex 50.192 -36.192 24
    endloop
  endfacet
  facet normal -0.321549 -0.946893 0
    outer loop
      vertex 48.8023 -31.0056 17.9
      vertex 49.1863 -31.136 24
      vertex 48.8023 -31.0056 24
    endloop
  endfacet
  facet normal -0.321549 -0.946893 -0
    outer loop
      vertex 49.1863 -31.136 24
      vertex 48.8023 -31.0056 17.9
      vertex 49.1863 -31.136 17.9
    endloop
  endfacet
  facet normal -0.555553 -0.831481 0
    outer loop
      vertex 49.55 -31.3153 17.9
      vertex 49.8872 -31.5406 24
      vertex 49.55 -31.3153 24
    endloop
  endfacet
  facet normal -0.555553 -0.831481 -0
    outer loop
      vertex 49.8872 -31.5406 24
      vertex 49.55 -31.3153 17.9
      vertex 49.8872 -31.5406 17.9
    endloop
  endfacet
  facet normal -0.896928 0.442176 -2.63555e-18
    outer loop
      vertex 50.6847 -35.55 17.9
      vertex 50.864 -35.1863 24
      vertex 50.864 -35.1863 17.9
    endloop
  endfacet
  facet normal -0.896928 0.442176 -2.63555e-18
    outer loop
      vertex 50.864 -35.1863 24
      vertex 50.6847 -35.55 17.9
      vertex 50.6847 -35.55 24
    endloop
  endfacet
  facet normal -0.321549 0.946893 0
    outer loop
      vertex 49.1863 -36.864 17.9
      vertex 48.8023 -36.9944 24
      vertex 49.1863 -36.864 24
    endloop
  endfacet
  facet normal -0.321549 0.946893 0
    outer loop
      vertex 48.8023 -36.9944 24
      vertex 49.1863 -36.864 17.9
      vertex 48.8023 -36.9944 17.9
    endloop
  endfacet
  facet normal -0.896928 -0.442176 2.63555e-18
    outer loop
      vertex 50.864 -32.8137 17.9
      vertex 50.6847 -32.45 24
      vertex 50.6847 -32.45 17.9
    endloop
  endfacet
  facet normal -0.896928 -0.442176 2.63555e-18
    outer loop
      vertex 50.6847 -32.45 24
      vertex 50.864 -32.8137 17.9
      vertex 50.864 -32.8137 24
    endloop
  endfacet
  facet normal 0.195073 -0.980789 0
    outer loop
      vertex 47.1977 -31.0056 17.9
      vertex 47.5954 -30.9265 24
      vertex 47.1977 -31.0056 24
    endloop
  endfacet
  facet normal 0.195073 -0.980789 0
    outer loop
      vertex 47.5954 -30.9265 24
      vertex 47.1977 -31.0056 17.9
      vertex 47.5954 -30.9265 17.9
    endloop
  endfacet
  facet normal 0.0653568 0.997862 -0
    outer loop
      vertex 48 -37.1 17.9
      vertex 47.5954 -37.0735 24
      vertex 48 -37.1 24
    endloop
  endfacet
  facet normal 0.0653568 0.997862 0
    outer loop
      vertex 47.5954 -37.0735 24
      vertex 48 -37.1 17.9
      vertex 47.5954 -37.0735 17.9
    endloop
  endfacet
  facet normal 0.555553 -0.831481 0
    outer loop
      vertex 46.1128 -31.5406 17.9
      vertex 46.45 -31.3153 24
      vertex 46.1128 -31.5406 24
    endloop
  endfacet
  facet normal 0.555553 -0.831481 0
    outer loop
      vertex 46.45 -31.3153 24
      vertex 46.1128 -31.5406 17.9
      vertex 46.45 -31.3153 17.9
    endloop
  endfacet
  facet normal 0.321549 0.946893 -0
    outer loop
      vertex 47.1977 -36.9944 17.9
      vertex 46.8137 -36.864 24
      vertex 47.1977 -36.9944 24
    endloop
  endfacet
  facet normal 0.321549 0.946893 0
    outer loop
      vertex 46.8137 -36.864 24
      vertex 47.1977 -36.9944 17.9
      vertex 46.8137 -36.864 17.9
    endloop
  endfacet
  facet normal -0.946893 0.321549 -8.57741e-20
    outer loop
      vertex 50.864 -35.1863 17.9
      vertex 50.9944 -34.8023 24
      vertex 50.9944 -34.8023 17.9
    endloop
  endfacet
  facet normal -0.946893 0.321549 -8.57741e-20
    outer loop
      vertex 50.9944 -34.8023 24
      vertex 50.864 -35.1863 17.9
      vertex 50.864 -35.1863 24
    endloop
  endfacet
  facet normal 0.831481 0.555553 -2.63034e-18
    outer loop
      vertex 45.5406 -35.8872 24
      vertex 45.3153 -35.55 17.9
      vertex 45.3153 -35.55 24
    endloop
  endfacet
  facet normal 0.831481 0.555553 -2.63034e-18
    outer loop
      vertex 45.3153 -35.55 17.9
      vertex 45.5406 -35.8872 24
      vertex 45.5406 -35.8872 17.9
    endloop
  endfacet
  facet normal 0.659482 0.751721 -0
    outer loop
      vertex 46.1128 -36.4594 17.9
      vertex 45.808 -36.192 24
      vertex 46.1128 -36.4594 24
    endloop
  endfacet
  facet normal 0.659482 0.751721 0
    outer loop
      vertex 45.808 -36.192 24
      vertex 46.1128 -36.4594 17.9
      vertex 45.808 -36.192 17.9
    endloop
  endfacet
  facet normal 0.659482 -0.751721 0
    outer loop
      vertex 45.808 -31.808 17.9
      vertex 46.1128 -31.5406 24
      vertex 45.808 -31.808 24
    endloop
  endfacet
  facet normal 0.659482 -0.751721 0
    outer loop
      vertex 46.1128 -31.5406 24
      vertex 45.808 -31.808 17.9
      vertex 46.1128 -31.5406 17.9
    endloop
  endfacet
  facet normal 0.946893 -0.321549 -8.57741e-20
    outer loop
      vertex 45.0056 -33.1977 24
      vertex 45.136 -32.8137 17.9
      vertex 45.136 -32.8137 24
    endloop
  endfacet
  facet normal 0.946893 -0.321549 -8.57741e-20
    outer loop
      vertex 45.136 -32.8137 17.9
      vertex 45.0056 -33.1977 24
      vertex 45.0056 -33.1977 17.9
    endloop
  endfacet
  facet normal 0.442176 -0.896928 0
    outer loop
      vertex 46.45 -31.3153 17.9
      vertex 46.8137 -31.136 24
      vertex 46.45 -31.3153 24
    endloop
  endfacet
  facet normal 0.442176 -0.896928 0
    outer loop
      vertex 46.8137 -31.136 24
      vertex 46.45 -31.3153 17.9
      vertex 46.8137 -31.136 17.9
    endloop
  endfacet
  facet normal 0.980789 -0.195073 -4.49093e-19
    outer loop
      vertex 44.9265 -33.5954 24
      vertex 45.0056 -33.1977 17.9
      vertex 45.0056 -33.1977 24
    endloop
  endfacet
  facet normal 0.980789 -0.195073 -4.49093e-19
    outer loop
      vertex 45.0056 -33.1977 17.9
      vertex 44.9265 -33.5954 24
      vertex 44.9265 -33.5954 17.9
    endloop
  endfacet
  facet normal 0.321549 -0.946893 0
    outer loop
      vertex 46.8137 -31.136 17.9
      vertex 47.1977 -31.0056 24
      vertex 46.8137 -31.136 24
    endloop
  endfacet
  facet normal 0.321549 -0.946893 0
    outer loop
      vertex 47.1977 -31.0056 24
      vertex 46.8137 -31.136 17.9
      vertex 47.1977 -31.0056 17.9
    endloop
  endfacet
  facet normal -0.659482 0.751721 0
    outer loop
      vertex 50.192 -36.192 17.9
      vertex 49.8872 -36.4594 24
      vertex 50.192 -36.192 24
    endloop
  endfacet
  facet normal -0.659482 0.751721 0
    outer loop
      vertex 49.8872 -36.4594 24
      vertex 50.192 -36.192 17.9
      vertex 49.8872 -36.4594 17.9
    endloop
  endfacet
  facet normal -0.0653568 -0.997862 0
    outer loop
      vertex 48 -30.9 17.9
      vertex 48.4046 -30.9265 24
      vertex 48 -30.9 24
    endloop
  endfacet
  facet normal -0.0653568 -0.997862 -0
    outer loop
      vertex 48.4046 -30.9265 24
      vertex 48 -30.9 17.9
      vertex 48.4046 -30.9265 17.9
    endloop
  endfacet
  facet normal -0.831481 -0.555553 -2.63034e-18
    outer loop
      vertex 50.6847 -32.45 17.9
      vertex 50.4594 -32.1128 24
      vertex 50.4594 -32.1128 17.9
    endloop
  endfacet
  facet normal -0.831481 -0.555553 -2.63034e-18
    outer loop
      vertex 50.4594 -32.1128 24
      vertex 50.6847 -32.45 17.9
      vertex 50.6847 -32.45 24
    endloop
  endfacet
  facet normal -0.195073 0.980789 0
    outer loop
      vertex 48.8023 -36.9944 17.9
      vertex 48.4046 -37.0735 24
      vertex 48.8023 -36.9944 24
    endloop
  endfacet
  facet normal -0.195073 0.980789 0
    outer loop
      vertex 48.4046 -37.0735 24
      vertex 48.8023 -36.9944 17.9
      vertex 48.4046 -37.0735 17.9
    endloop
  endfacet
  facet normal 0.980789 0.195073 4.49093e-19
    outer loop
      vertex 45.0056 -34.8023 24
      vertex 44.9265 -34.4046 17.9
      vertex 44.9265 -34.4046 24
    endloop
  endfacet
  facet normal 0.980789 0.195073 4.49093e-19
    outer loop
      vertex 44.9265 -34.4046 17.9
      vertex 45.0056 -34.8023 24
      vertex 45.0056 -34.8023 17.9
    endloop
  endfacet
  facet normal 0.751721 -0.659482 2.74297e-18
    outer loop
      vertex 45.5406 -32.1128 24
      vertex 45.808 -31.808 17.9
      vertex 45.808 -31.808 24
    endloop
  endfacet
  facet normal 0.751721 -0.659482 2.74297e-18
    outer loop
      vertex 45.808 -31.808 17.9
      vertex 45.5406 -32.1128 24
      vertex 45.5406 -32.1128 17.9
    endloop
  endfacet
  facet normal -0.659482 -0.751721 0
    outer loop
      vertex 49.8872 -31.5406 17.9
      vertex 50.192 -31.808 24
      vertex 49.8872 -31.5406 24
    endloop
  endfacet
  facet normal -0.659482 -0.751721 -0
    outer loop
      vertex 50.192 -31.808 24
      vertex 49.8872 -31.5406 17.9
      vertex 50.192 -31.808 17.9
    endloop
  endfacet
  facet normal -0.997862 0.0653568 -2.00862e-19
    outer loop
      vertex 51.0735 -34.4046 17.9
      vertex 51.1 -34 24
      vertex 51.1 -34 17.9
    endloop
  endfacet
  facet normal -0.997862 0.0653568 -2.00862e-19
    outer loop
      vertex 51.1 -34 24
      vertex 51.0735 -34.4046 17.9
      vertex 51.0735 -34.4046 24
    endloop
  endfacet
  facet normal -0.980789 0.195073 -4.49093e-19
    outer loop
      vertex 50.9944 -34.8023 17.9
      vertex 51.0735 -34.4046 24
      vertex 51.0735 -34.4046 17.9
    endloop
  endfacet
  facet normal -0.980789 0.195073 -4.49093e-19
    outer loop
      vertex 51.0735 -34.4046 24
      vertex 50.9944 -34.8023 17.9
      vertex 50.9944 -34.8023 24
    endloop
  endfacet
  facet normal -0.555553 0.831481 0
    outer loop
      vertex 49.8872 -36.4594 17.9
      vertex 49.55 -36.6847 24
      vertex 49.8872 -36.4594 24
    endloop
  endfacet
  facet normal -0.555553 0.831481 0
    outer loop
      vertex 49.55 -36.6847 24
      vertex 49.8872 -36.4594 17.9
      vertex 49.55 -36.6847 17.9
    endloop
  endfacet
  facet normal -0.195073 -0.980789 0
    outer loop
      vertex 48.4046 -30.9265 17.9
      vertex 48.8023 -31.0056 24
      vertex 48.4046 -30.9265 24
    endloop
  endfacet
  facet normal -0.195073 -0.980789 -0
    outer loop
      vertex 48.8023 -31.0056 24
      vertex 48.4046 -30.9265 17.9
      vertex 48.8023 -31.0056 17.9
    endloop
  endfacet
  facet normal -0.751721 -0.659482 -2.74297e-18
    outer loop
      vertex 50.4594 -32.1128 17.9
      vertex 50.192 -31.808 24
      vertex 50.192 -31.808 17.9
    endloop
  endfacet
  facet normal -0.751721 -0.659482 -2.74297e-18
    outer loop
      vertex 50.192 -31.808 24
      vertex 50.4594 -32.1128 17.9
      vertex 50.4594 -32.1128 24
    endloop
  endfacet
  facet normal -0.442176 -0.896928 0
    outer loop
      vertex 49.1863 -31.136 17.9
      vertex 49.55 -31.3153 24
      vertex 49.1863 -31.136 24
    endloop
  endfacet
  facet normal -0.442176 -0.896928 -0
    outer loop
      vertex 49.55 -31.3153 24
      vertex 49.1863 -31.136 17.9
      vertex 49.55 -31.3153 17.9
    endloop
  endfacet
  facet normal 0.997862 0.0653568 2.00862e-19
    outer loop
      vertex 44.9265 -34.4046 24
      vertex 44.9 -34 17.9
      vertex 44.9 -34 24
    endloop
  endfacet
  facet normal 0.997862 0.0653568 2.00862e-19
    outer loop
      vertex 44.9 -34 17.9
      vertex 44.9265 -34.4046 24
      vertex 44.9265 -34.4046 17.9
    endloop
  endfacet
  facet normal -0.831481 0.555553 2.63034e-18
    outer loop
      vertex 50.4594 -35.8872 17.9
      vertex 50.6847 -35.55 24
      vertex 50.6847 -35.55 17.9
    endloop
  endfacet
  facet normal -0.831481 0.555553 2.63034e-18
    outer loop
      vertex 50.6847 -35.55 24
      vertex 50.4594 -35.8872 17.9
      vertex 50.4594 -35.8872 24
    endloop
  endfacet
  facet normal 0.751721 0.659482 -2.74297e-18
    outer loop
      vertex 45.808 -36.192 24
      vertex 45.5406 -35.8872 17.9
      vertex 45.5406 -35.8872 24
    endloop
  endfacet
  facet normal 0.751721 0.659482 -2.74297e-18
    outer loop
      vertex 45.5406 -35.8872 17.9
      vertex 45.808 -36.192 24
      vertex 45.808 -36.192 17.9
    endloop
  endfacet
  facet normal 0.997862 -0.0653568 -2.00862e-19
    outer loop
      vertex 44.9 -34 24
      vertex 44.9265 -33.5954 17.9
      vertex 44.9265 -33.5954 24
    endloop
  endfacet
  facet normal 0.997862 -0.0653568 -2.00862e-19
    outer loop
      vertex 44.9265 -33.5954 17.9
      vertex 44.9 -34 24
      vertex 44.9 -34 17.9
    endloop
  endfacet
  facet normal 0.442176 0.896928 -0
    outer loop
      vertex 46.8137 -36.864 17.9
      vertex 46.45 -36.6847 24
      vertex 46.8137 -36.864 24
    endloop
  endfacet
  facet normal 0.442176 0.896928 0
    outer loop
      vertex 46.45 -36.6847 24
      vertex 46.8137 -36.864 17.9
      vertex 46.45 -36.6847 17.9
    endloop
  endfacet
  facet normal 0.946893 0.321549 8.57741e-20
    outer loop
      vertex 45.136 -35.1863 24
      vertex 45.0056 -34.8023 17.9
      vertex 45.0056 -34.8023 24
    endloop
  endfacet
  facet normal 0.946893 0.321549 8.57741e-20
    outer loop
      vertex 45.0056 -34.8023 17.9
      vertex 45.136 -35.1863 24
      vertex 45.136 -35.1863 17.9
    endloop
  endfacet
  facet normal 0.195073 0.980789 -0
    outer loop
      vertex 47.5954 -37.0735 17.9
      vertex 47.1977 -36.9944 24
      vertex 47.5954 -37.0735 24
    endloop
  endfacet
  facet normal 0.195073 0.980789 0
    outer loop
      vertex 47.1977 -36.9944 24
      vertex 47.5954 -37.0735 17.9
      vertex 47.1977 -36.9944 17.9
    endloop
  endfacet
  facet normal -0.0653568 0.997862 0
    outer loop
      vertex 48.4046 -37.0735 17.9
      vertex 48 -37.1 24
      vertex 48.4046 -37.0735 24
    endloop
  endfacet
  facet normal -0.0653568 0.997862 0
    outer loop
      vertex 48 -37.1 24
      vertex 48.4046 -37.0735 17.9
      vertex 48 -37.1 17.9
    endloop
  endfacet
  facet normal 0.0653568 -0.997862 0
    outer loop
      vertex 47.5954 -30.9265 17.9
      vertex 48 -30.9 24
      vertex 47.5954 -30.9265 24
    endloop
  endfacet
  facet normal 0.0653568 -0.997862 0
    outer loop
      vertex 48 -30.9 24
      vertex 47.5954 -30.9265 17.9
      vertex 48 -30.9 17.9
    endloop
  endfacet
  facet normal 0 0 1
    outer loop
      vertex 51.0735 -33.5954 17.9
      vertex 51.0735 -34.4046 17.9
      vertex 51.1 -34 17.9
    endloop
  endfacet
  facet normal 0 0 1
    outer loop
      vertex 50.9944 -33.1977 17.9
      vertex 51.0735 -34.4046 17.9
      vertex 51.0735 -33.5954 17.9
    endloop
  endfacet
  facet normal 0 0 1
    outer loop
      vertex 50.9944 -33.1977 17.9
      vertex 50.9944 -34.8023 17.9
      vertex 51.0735 -34.4046 17.9
    endloop
  endfacet
  facet normal 0 0 1
    outer loop
      vertex 50.864 -32.8137 17.9
      vertex 50.9944 -34.8023 17.9
      vertex 50.9944 -33.1977 17.9
    endloop
  endfacet
  facet normal 0 0 1
    outer loop
      vertex 50.864 -32.8137 17.9
      vertex 50.864 -35.1863 17.9
      vertex 50.9944 -34.8023 17.9
    endloop
  endfacet
  facet normal 0 0 1
    outer loop
      vertex 50.6847 -32.45 17.9
      vertex 50.864 -35.1863 17.9
      vertex 50.864 -32.8137 17.9
    endloop
  endfacet
  facet normal 0 0 1
    outer loop
      vertex 50.6847 -32.45 17.9
      vertex 50.6847 -35.55 17.9
      vertex 50.864 -35.1863 17.9
    endloop
  endfacet
  facet normal 0 0 1
    outer loop
      vertex 50.4594 -32.1128 17.9
      vertex 50.6847 -35.55 17.9
      vertex 50.6847 -32.45 17.9
    endloop
  endfacet
  facet normal 0 0 1
    outer loop
      vertex 50.4594 -32.1128 17.9
      vertex 50.4594 -35.8872 17.9
      vertex 50.6847 -35.55 17.9
    endloop
  endfacet
  facet normal 0 0 1
    outer loop
      vertex 50.192 -31.808 17.9
      vertex 50.4594 -35.8872 17.9
      vertex 50.4594 -32.1128 17.9
    endloop
  endfacet
  facet normal 0 0 1
    outer loop
      vertex 50.192 -31.808 17.9
      vertex 50.192 -36.192 17.9
      vertex 50.4594 -35.8872 17.9
    endloop
  endfacet
  facet normal 0 0 1
    outer loop
      vertex 49.8872 -31.5406 17.9
      vertex 50.192 -36.192 17.9
      vertex 50.192 -31.808 17.9
    endloop
  endfacet
  facet normal 0 0 1
    outer loop
      vertex 49.8872 -31.5406 17.9
      vertex 49.8872 -36.4594 17.9
      vertex 50.192 -36.192 17.9
    endloop
  endfacet
  facet normal 0 0 1
    outer loop
      vertex 49.55 -31.3153 17.9
      vertex 49.8872 -36.4594 17.9
      vertex 49.8872 -31.5406 17.9
    endloop
  endfacet
  facet normal 0 0 1
    outer loop
      vertex 49.55 -31.3153 17.9
      vertex 49.55 -36.6847 17.9
      vertex 49.8872 -36.4594 17.9
    endloop
  endfacet
  facet normal 0 0 1
    outer loop
      vertex 49.1863 -31.136 17.9
      vertex 49.55 -36.6847 17.9
      vertex 49.55 -31.3153 17.9
    endloop
  endfacet
  facet normal 0 0 1
    outer loop
      vertex 49.1863 -31.136 17.9
      vertex 49.1863 -36.864 17.9
      vertex 49.55 -36.6847 17.9
    endloop
  endfacet
  facet normal 0 0 1
    outer loop
      vertex 48.8023 -31.0056 17.9
      vertex 49.1863 -36.864 17.9
      vertex 49.1863 -31.136 17.9
    endloop
  endfacet
  facet normal 0 0 1
    outer loop
      vertex 48.8023 -31.0056 17.9
      vertex 48.8023 -36.9944 17.9
      vertex 49.1863 -36.864 17.9
    endloop
  endfacet
  facet normal 0 0 1
    outer loop
      vertex 48.4046 -30.9265 17.9
      vertex 48.8023 -36.9944 17.9
      vertex 48.8023 -31.0056 17.9
    endloop
  endfacet
  facet normal 0 0 1
    outer loop
      vertex 48.4046 -30.9265 17.9
      vertex 48.4046 -37.0735 17.9
      vertex 48.8023 -36.9944 17.9
    endloop
  endfacet
  facet normal 0 0 1
    outer loop
      vertex 48 -30.9 17.9
      vertex 48.4046 -37.0735 17.9
      vertex 48.4046 -30.9265 17.9
    endloop
  endfacet
  facet normal 0 0 1
    outer loop
      vertex 48 -30.9 17.9
      vertex 48 -37.1 17.9
      vertex 48.4046 -37.0735 17.9
    endloop
  endfacet
  facet normal -0 0 1
    outer loop
      vertex 47.5954 -30.9265 17.9
      vertex 48 -37.1 17.9
      vertex 48 -30.9 17.9
    endloop
  endfacet
  facet normal 0 0 1
    outer loop
      vertex 47.5954 -30.9265 17.9
      vertex 47.5954 -37.0735 17.9
      vertex 48 -37.1 17.9
    endloop
  endfacet
  facet normal -0 0 1
    outer loop
      vertex 47.1977 -31.0056 17.9
      vertex 47.5954 -37.0735 17.9
      vertex 47.5954 -30.9265 17.9
    endloop
  endfacet
  facet normal 0 0 1
    outer loop
      vertex 47.1977 -31.0056 17.9
      vertex 47.1977 -36.9944 17.9
      vertex 47.5954 -37.0735 17.9
    endloop
  endfacet
  facet normal -0 0 1
    outer loop
      vertex 46.8137 -31.136 17.9
      vertex 47.1977 -36.9944 17.9
      vertex 47.1977 -31.0056 17.9
    endloop
  endfacet
  facet normal 0 0 1
    outer loop
      vertex 46.8137 -31.136 17.9
      vertex 46.8137 -36.864 17.9
      vertex 47.1977 -36.9944 17.9
    endloop
  endfacet
  facet normal -0 0 1
    outer loop
      vertex 46.45 -31.3153 17.9
      vertex 46.8137 -36.864 17.9
      vertex 46.8137 -31.136 17.9
    endloop
  endfacet
  facet normal 0 0 1
    outer loop
      vertex 46.45 -31.3153 17.9
      vertex 46.45 -36.6847 17.9
      vertex 46.8137 -36.864 17.9
    endloop
  endfacet
  facet normal -0 0 1
    outer loop
      vertex 46.1128 -31.5406 17.9
      vertex 46.45 -36.6847 17.9
      vertex 46.45 -31.3153 17.9
    endloop
  endfacet
  facet normal 0 0 1
    outer loop
      vertex 46.1128 -31.5406 17.9
      vertex 46.1128 -36.4594 17.9
      vertex 46.45 -36.6847 17.9
    endloop
  endfacet
  facet normal -0 0 1
    outer loop
      vertex 45.808 -31.808 17.9
      vertex 46.1128 -36.4594 17.9
      vertex 46.1128 -31.5406 17.9
    endloop
  endfacet
  facet normal 0 0 1
    outer loop
      vertex 45.808 -31.808 17.9
      vertex 45.808 -36.192 17.9
      vertex 46.1128 -36.4594 17.9
    endloop
  endfacet
  facet normal -0 0 1
    outer loop
      vertex 45.5406 -32.1128 17.9
      vertex 45.808 -36.192 17.9
      vertex 45.808 -31.808 17.9
    endloop
  endfacet
  facet normal 0 0 1
    outer loop
      vertex 45.5406 -32.1128 17.9
      vertex 45.5406 -35.8872 17.9
      vertex 45.808 -36.192 17.9
    endloop
  endfacet
  facet normal -0 0 1
    outer loop
      vertex 45.3153 -32.45 17.9
      vertex 45.5406 -35.8872 17.9
      vertex 45.5406 -32.1128 17.9
    endloop
  endfacet
  facet normal 0 0 1
    outer loop
      vertex 45.3153 -32.45 17.9
      vertex 45.3153 -35.55 17.9
      vertex 45.5406 -35.8872 17.9
    endloop
  endfacet
  facet normal -0 0 1
    outer loop
      vertex 45.136 -32.8137 17.9
      vertex 45.3153 -35.55 17.9
      vertex 45.3153 -32.45 17.9
    endloop
  endfacet
  facet normal 0 0 1
    outer loop
      vertex 45.136 -32.8137 17.9
      vertex 45.136 -35.1863 17.9
      vertex 45.3153 -35.55 17.9
    endloop
  endfacet
  facet normal -0 0 1
    outer loop
      vertex 45.0056 -33.1977 17.9
      vertex 45.136 -35.1863 17.9
      vertex 45.136 -32.8137 17.9
    endloop
  endfacet
  facet normal 0 0 1
    outer loop
      vertex 45.0056 -33.1977 17.9
      vertex 45.0056 -34.8023 17.9
      vertex 45.136 -35.1863 17.9
    endloop
  endfacet
  facet normal -0 0 1
    outer loop
      vertex 44.9265 -33.5954 17.9
      vertex 45.0056 -34.8023 17.9
      vertex 45.0056 -33.1977 17.9
    endloop
  endfacet
  facet normal 0 0 1
    outer loop
      vertex 44.9265 -33.5954 17.9
      vertex 44.9265 -34.4046 17.9
      vertex 45.0056 -34.8023 17.9
    endloop
  endfacet
  facet normal 0 -0 1
    outer loop
      vertex 44.9265 -34.4046 17.9
      vertex 44.9265 -33.5954 17.9
      vertex 44.9 -34 17.9
    endloop
  endfacet
  facet normal 0.896928 -0.442176 -2.63555e-18
    outer loop
      vertex 45.136 -32.8137 24
      vertex 45.3153 -32.45 17.9
      vertex 45.3153 -32.45 24
    endloop
  endfacet
  facet normal 0.896928 -0.442176 -2.63555e-18
    outer loop
      vertex 45.3153 -32.45 17.9
      vertex 45.136 -32.8137 24
      vertex 45.136 -32.8137 17.9
    endloop
  endfacet
  facet normal 0.831481 -0.555553 2.63034e-18
    outer loop
      vertex 45.3153 -32.45 24
      vertex 45.5406 -32.1128 17.9
      vertex 45.5406 -32.1128 24
    endloop
  endfacet
  facet normal 0.831481 -0.555553 2.63034e-18
    outer loop
      vertex 45.5406 -32.1128 17.9
      vertex 45.3153 -32.45 24
      vertex 45.3153 -32.45 17.9
    endloop
  endfacet
  facet normal 0.555553 0.831481 -0
    outer loop
      vertex 46.45 -36.6847 17.9
      vertex 46.1128 -36.4594 24
      vertex 46.45 -36.6847 24
    endloop
  endfacet
  facet normal 0.555553 0.831481 0
    outer loop
      vertex 46.1128 -36.4594 24
      vertex 46.45 -36.6847 17.9
      vertex 46.1128 -36.4594 17.9
    endloop
  endfacet
  facet normal 0.980786 0.195087 -5.5301e-19
    outer loop
      vertex 52.9572 34.6526 24
      vertex 52.8296 35.2941 6
      vertex 52.8296 35.2941 24
    endloop
  endfacet
  facet normal 0.980786 0.195087 -5.5301e-19
    outer loop
      vertex 52.8296 35.2941 6
      vertex 52.9572 34.6526 24
      vertex 52.9572 34.6526 6
    endloop
  endfacet
  facet normal 0.997856 0.0654432 -7.37528e-20
    outer loop
      vertex 53 34 24
      vertex 52.9572 34.6526 6
      vertex 52.9572 34.6526 24
    endloop
  endfacet
  facet normal 0.997856 0.0654432 -7.37528e-20
    outer loop
      vertex 52.9572 34.6526 6
      vertex 53 34 24
      vertex 53 34 6
    endloop
  endfacet
  facet normal 0.321407 -0.946941 0
    outer loop
      vertex 49.2941 29.1704 6
      vertex 49.9134 29.3806 24
      vertex 49.2941 29.1704 24
    endloop
  endfacet
  facet normal 0.321407 -0.946941 0
    outer loop
      vertex 49.9134 29.3806 24
      vertex 49.2941 29.1704 6
      vertex 49.9134 29.3806 6
    endloop
  endfacet
  facet normal 0.831509 0.555512 9.24629e-19
    outer loop
      vertex 52.3301 36.5 24
      vertex 51.9668 37.0438 6
      vertex 51.9668 37.0438 24
    endloop
  endfacet
  facet normal 0.831509 0.555512 9.24629e-19
    outer loop
      vertex 51.9668 37.0438 6
      vertex 52.3301 36.5 24
      vertex 52.3301 36.5 6
    endloop
  endfacet
  facet normal -0.89686 0.442314 -3.25841e-19
    outer loop
      vertex 43.3806 35.9134 6
      vertex 43.6699 36.5 24
      vertex 43.6699 36.5 6
    endloop
  endfacet
  facet normal -0.89686 0.442314 -3.25841e-19
    outer loop
      vertex 43.6699 36.5 24
      vertex 43.3806 35.9134 6
      vertex 43.3806 35.9134 24
    endloop
  endfacet
  facet normal -0.555512 0.831509 0
    outer loop
      vertex 45.5 38.3301 6
      vertex 44.9562 37.9668 24
      vertex 45.5 38.3301 24
    endloop
  endfacet
  facet normal -0.555512 0.831509 0
    outer loop
      vertex 44.9562 37.9668 24
      vertex 45.5 38.3301 6
      vertex 44.9562 37.9668 6
    endloop
  endfacet
  facet normal -0.659424 0.751771 0
    outer loop
      vertex 44.9562 37.9668 6
      vertex 44.4645 37.5355 24
      vertex 44.9562 37.9668 24
    endloop
  endfacet
  facet normal -0.659424 0.751771 0
    outer loop
      vertex 44.4645 37.5355 24
      vertex 44.9562 37.9668 6
      vertex 44.4645 37.5355 6
    endloop
  endfacet
  facet normal -0.751771 0.659424 1.08779e-18
    outer loop
      vertex 44.0332 37.0438 6
      vertex 44.4645 37.5355 24
      vertex 44.4645 37.5355 6
    endloop
  endfacet
  facet normal -0.751771 0.659424 1.08779e-18
    outer loop
      vertex 44.4645 37.5355 24
      vertex 44.0332 37.0438 6
      vertex 44.0332 37.0438 24
    endloop
  endfacet
  facet normal 0.946941 -0.321407 7.55944e-19
    outer loop
      vertex 52.6194 32.0866 24
      vertex 52.8296 32.7059 6
      vertex 52.8296 32.7059 24
    endloop
  endfacet
  facet normal 0.946941 -0.321407 7.55944e-19
    outer loop
      vertex 52.8296 32.7059 6
      vertex 52.6194 32.0866 24
      vertex 52.6194 32.0866 6
    endloop
  endfacet
  facet normal -0.997856 0.0654432 7.37528e-20
    outer loop
      vertex 43 34 6
      vertex 43.0428 34.6526 24
      vertex 43.0428 34.6526 6
    endloop
  endfacet
  facet normal -0.997856 0.0654432 7.37528e-20
    outer loop
      vertex 43.0428 34.6526 24
      vertex 43 34 6
      vertex 43 34 24
    endloop
  endfacet
  facet normal 0.555512 0.831509 -0
    outer loop
      vertex 51.0438 37.9668 6
      vertex 50.5 38.3301 24
      vertex 51.0438 37.9668 24
    endloop
  endfacet
  facet normal 0.555512 0.831509 0
    outer loop
      vertex 50.5 38.3301 24
      vertex 51.0438 37.9668 6
      vertex 50.5 38.3301 6
    endloop
  endfacet
  facet normal -0.321407 -0.946941 0
    outer loop
      vertex 46.0866 29.3806 10
      vertex 46.7059 29.1704 24
      vertex 46.0866 29.3806 24
    endloop
  endfacet
  facet normal -0.321407 -0.946941 -0
    outer loop
      vertex 46.7059 29.1704 24
      vertex 46.0866 29.3806 10
      vertex 46.7059 29.1704 10
    endloop
  endfacet
  facet normal -0.751771 -0.659424 -6.01194e-19
    outer loop
      vertex 44.4645 30.4645 6
      vertex 44.0332 30.9562 24
      vertex 44.0332 30.9562 6
    endloop
  endfacet
  facet normal -0.751771 -0.659424 -6.01194e-19
    outer loop
      vertex 44.0332 30.9562 24
      vertex 44.4645 30.4645 6
      vertex 44.4645 30.4645 24
    endloop
  endfacet
  facet normal 0.195087 -0.980786 0
    outer loop
      vertex 48.6526 29.0428 6
      vertex 49.2941 29.1704 24
      vertex 48.6526 29.0428 24
    endloop
  endfacet
  facet normal 0.195087 -0.980786 0
    outer loop
      vertex 49.2941 29.1704 24
      vertex 48.6526 29.0428 6
      vertex 49.2941 29.1704 6
    endloop
  endfacet
  facet normal -0.321407 0.946941 0
    outer loop
      vertex 46.7059 38.8296 6
      vertex 46.0866 38.6194 24
      vertex 46.7059 38.8296 24
    endloop
  endfacet
  facet normal -0.321407 0.946941 0
    outer loop
      vertex 46.0866 38.6194 24
      vertex 46.7059 38.8296 6
      vertex 46.0866 38.6194 6
    endloop
  endfacet
  facet normal -0.831509 -0.555512 -2.59926e-19
    outer loop
      vertex 44.0332 30.9562 6
      vertex 43.6699 31.5 24
      vertex 43.6699 31.5 6
    endloop
  endfacet
  facet normal -0.831509 -0.555512 -2.59926e-19
    outer loop
      vertex 43.6699 31.5 24
      vertex 44.0332 30.9562 6
      vertex 44.0332 30.9562 24
    endloop
  endfacet
  facet normal 0.555512 -0.831509 0
    outer loop
      vertex 50.5 29.6699 6
      vertex 51.0438 30.0332 24
      vertex 50.5 29.6699 24
    endloop
  endfacet
  facet normal 0.555512 -0.831509 0
    outer loop
      vertex 51.0438 30.0332 24
      vertex 50.5 29.6699 6
      vertex 51.0438 30.0332 6
    endloop
  endfacet
  facet normal -0.946941 0.321407 7.55944e-19
    outer loop
      vertex 43.1704 35.2941 6
      vertex 43.3806 35.9134 24
      vertex 43.3806 35.9134 6
    endloop
  endfacet
  facet normal -0.946941 0.321407 7.55944e-19
    outer loop
      vertex 43.3806 35.9134 24
      vertex 43.1704 35.2941 6
      vertex 43.1704 35.2941 24
    endloop
  endfacet
  facet normal 0.321407 0.946941 -0
    outer loop
      vertex 49.9134 38.6194 6
      vertex 49.2941 38.8296 24
      vertex 49.9134 38.6194 24
    endloop
  endfacet
  facet normal 0.321407 0.946941 0
    outer loop
      vertex 49.2941 38.8296 24
      vertex 49.9134 38.6194 6
      vertex 49.2941 38.8296 6
    endloop
  endfacet
  facet normal 0.0654432 0.997856 -0
    outer loop
      vertex 48.6526 38.9572 6
      vertex 48 39 24
      vertex 48.6526 38.9572 24
    endloop
  endfacet
  facet normal 0.0654432 0.997856 0
    outer loop
      vertex 48 39 24
      vertex 48.6526 38.9572 6
      vertex 48 39 6
    endloop
  endfacet
  facet normal -0.442314 0.89686 0
    outer loop
      vertex 46.0866 38.6194 6
      vertex 45.5 38.3301 24
      vertex 46.0866 38.6194 24
    endloop
  endfacet
  facet normal -0.442314 0.89686 0
    outer loop
      vertex 45.5 38.3301 24
      vertex 46.0866 38.6194 6
      vertex 45.5 38.3301 6
    endloop
  endfacet
  facet normal 0.831509 -0.555512 2.59926e-19
    outer loop
      vertex 51.9668 30.9562 24
      vertex 52.3301 31.5 6
      vertex 52.3301 31.5 24
    endloop
  endfacet
  facet normal 0.831509 -0.555512 2.59926e-19
    outer loop
      vertex 52.3301 31.5 6
      vertex 51.9668 30.9562 24
      vertex 51.9668 30.9562 6
    endloop
  endfacet
  facet normal -0.997856 -0.0654432 -7.37528e-20
    outer loop
      vertex 43.0428 33.3474 6
      vertex 43 34 24
      vertex 43 34 6
    endloop
  endfacet
  facet normal -0.997856 -0.0654432 -7.37528e-20
    outer loop
      vertex 43 34 24
      vertex 43.0428 33.3474 6
      vertex 43.0428 33.3474 24
    endloop
  endfacet
  facet normal 0.980786 -0.195087 5.5301e-19
    outer loop
      vertex 52.8296 32.7059 24
      vertex 52.9572 33.3474 6
      vertex 52.9572 33.3474 24
    endloop
  endfacet
  facet normal 0.980786 -0.195087 5.5301e-19
    outer loop
      vertex 52.9572 33.3474 6
      vertex 52.8296 32.7059 24
      vertex 52.8296 32.7059 6
    endloop
  endfacet
  facet normal -0.946941 -0.321407 -7.55944e-19
    outer loop
      vertex 43.3806 32.0866 6
      vertex 43.1704 32.7059 24
      vertex 43.1704 32.7059 6
    endloop
  endfacet
  facet normal -0.946941 -0.321407 -7.55944e-19
    outer loop
      vertex 43.1704 32.7059 24
      vertex 43.3806 32.0866 6
      vertex 43.3806 32.0866 24
    endloop
  endfacet
  facet normal -0.659424 -0.751771 0
    outer loop
      vertex 44.4645 30.4645 6
      vertex 44.9562 30.0332 24
      vertex 44.4645 30.4645 24
    endloop
  endfacet
  facet normal -0.659424 -0.751771 -0
    outer loop
      vertex 44.9562 30.0332 24
      vertex 44.4645 30.4645 6
      vertex 44.9562 30.0332 6
    endloop
  endfacet
  facet normal 0.442314 0.89686 -0
    outer loop
      vertex 50.5 38.3301 6
      vertex 49.9134 38.6194 24
      vertex 50.5 38.3301 24
    endloop
  endfacet
  facet normal 0.442314 0.89686 0
    outer loop
      vertex 49.9134 38.6194 24
      vertex 50.5 38.3301 6
      vertex 49.9134 38.6194 6
    endloop
  endfacet
  facet normal -0.195087 0.980786 0
    outer loop
      vertex 47.3474 38.9572 6
      vertex 46.7059 38.8296 24
      vertex 47.3474 38.9572 24
    endloop
  endfacet
  facet normal -0.195087 0.980786 0
    outer loop
      vertex 46.7059 38.8296 24
      vertex 47.3474 38.9572 6
      vertex 46.7059 38.8296 6
    endloop
  endfacet
  facet normal 0.751771 0.659424 -1.08779e-18
    outer loop
      vertex 51.9668 37.0438 24
      vertex 51.5355 37.5355 6
      vertex 51.5355 37.5355 24
    endloop
  endfacet
  facet normal 0.751771 0.659424 -1.08779e-18
    outer loop
      vertex 51.5355 37.5355 6
      vertex 51.9668 37.0438 24
      vertex 51.9668 37.0438 6
    endloop
  endfacet
  facet normal 0.195087 0.980786 -0
    outer loop
      vertex 49.2941 38.8296 6
      vertex 48.6526 38.9572 24
      vertex 49.2941 38.8296 24
    endloop
  endfacet
  facet normal 0.195087 0.980786 0
    outer loop
      vertex 48.6526 38.9572 24
      vertex 49.2941 38.8296 6
      vertex 48.6526 38.9572 6
    endloop
  endfacet
  facet normal 0.751771 -0.659424 6.01194e-19
    outer loop
      vertex 51.5355 30.4645 24
      vertex 51.9668 30.9562 6
      vertex 51.9668 30.9562 24
    endloop
  endfacet
  facet normal 0.751771 -0.659424 6.01194e-19
    outer loop
      vertex 51.9668 30.9562 6
      vertex 51.5355 30.4645 24
      vertex 51.5355 30.4645 6
    endloop
  endfacet
  facet normal -0.442314 -0.89686 1.48851e-06
    outer loop
      vertex 45.5 29.6699 24
      vertex 45.8627 29.491 10
      vertex 46.0866 29.3806 24
    endloop
  endfacet
  facet normal -0.442361 -0.896837 0
    outer loop
      vertex 45.5 29.6699 6
      vertex 45.8627 29.491 10
      vertex 45.5 29.6699 24
    endloop
  endfacet
  facet normal -0.442361 -0.896837 -0
    outer loop
      vertex 45.8627 29.491 10
      vertex 45.5 29.6699 6
      vertex 45.8627 29.491 6
    endloop
  endfacet
  facet normal -0.44224 -0.896897 -0
    outer loop
      vertex 46.0866 29.3806 24
      vertex 45.8627 29.491 10
      vertex 46.0866 29.3806 10
    endloop
  endfacet
  facet normal -0.0654432 0.997856 0
    outer loop
      vertex 48 39 6
      vertex 47.3474 38.9572 24
      vertex 48 39 24
    endloop
  endfacet
  facet normal -0.0654432 0.997856 0
    outer loop
      vertex 47.3474 38.9572 24
      vertex 48 39 6
      vertex 47.3474 38.9572 6
    endloop
  endfacet
  facet normal -0.980786 0.195087 5.5301e-19
    outer loop
      vertex 43.0428 34.6526 6
      vertex 43.1704 35.2941 24
      vertex 43.1704 35.2941 6
    endloop
  endfacet
  facet normal -0.980786 0.195087 5.5301e-19
    outer loop
      vertex 43.1704 35.2941 24
      vertex 43.0428 34.6526 6
      vertex 43.0428 34.6526 24
    endloop
  endfacet
  facet normal 0.0654432 -0.997856 0
    outer loop
      vertex 48 29 6
      vertex 48.6526 29.0428 24
      vertex 48 29 24
    endloop
  endfacet
  facet normal 0.0654432 -0.997856 0
    outer loop
      vertex 48.6526 29.0428 24
      vertex 48 29 6
      vertex 48.6526 29.0428 6
    endloop
  endfacet
  facet normal 0.442314 -0.89686 0
    outer loop
      vertex 49.9134 29.3806 6
      vertex 50.5 29.6699 24
      vertex 49.9134 29.3806 24
    endloop
  endfacet
  facet normal 0.442314 -0.89686 0
    outer loop
      vertex 50.5 29.6699 24
      vertex 49.9134 29.3806 6
      vertex 50.5 29.6699 6
    endloop
  endfacet
  facet normal 0.659424 -0.751771 0
    outer loop
      vertex 51.0438 30.0332 6
      vertex 51.5355 30.4645 24
      vertex 51.0438 30.0332 24
    endloop
  endfacet
  facet normal 0.659424 -0.751771 0
    outer loop
      vertex 51.5355 30.4645 24
      vertex 51.0438 30.0332 6
      vertex 51.5355 30.4645 6
    endloop
  endfacet
  facet normal -0.89686 -0.442314 3.25841e-19
    outer loop
      vertex 43.6699 31.5 6
      vertex 43.3806 32.0866 24
      vertex 43.3806 32.0866 6
    endloop
  endfacet
  facet normal -0.89686 -0.442314 3.25841e-19
    outer loop
      vertex 43.3806 32.0866 24
      vertex 43.6699 31.5 6
      vertex 43.6699 31.5 24
    endloop
  endfacet
  facet normal 0.89686 -0.442314 -3.25841e-19
    outer loop
      vertex 52.3301 31.5 24
      vertex 52.6194 32.0866 6
      vertex 52.6194 32.0866 24
    endloop
  endfacet
  facet normal 0.89686 -0.442314 -3.25841e-19
    outer loop
      vertex 52.6194 32.0866 6
      vertex 52.3301 31.5 24
      vertex 52.3301 31.5 6
    endloop
  endfacet
  facet normal 0.659424 0.751771 -0
    outer loop
      vertex 51.5355 37.5355 6
      vertex 51.0438 37.9668 24
      vertex 51.5355 37.5355 24
    endloop
  endfacet
  facet normal 0.659424 0.751771 0
    outer loop
      vertex 51.0438 37.9668 24
      vertex 51.5355 37.5355 6
      vertex 51.0438 37.9668 6
    endloop
  endfacet
  facet normal 0.997856 -0.0654432 7.37528e-20
    outer loop
      vertex 52.9572 33.3474 24
      vertex 53 34 6
      vertex 53 34 24
    endloop
  endfacet
  facet normal 0.997856 -0.0654432 7.37528e-20
    outer loop
      vertex 53 34 6
      vertex 52.9572 33.3474 24
      vertex 52.9572 33.3474 6
    endloop
  endfacet
  facet normal -0.555512 -0.831509 0
    outer loop
      vertex 44.9562 30.0332 6
      vertex 45.5 29.6699 24
      vertex 44.9562 30.0332 24
    endloop
  endfacet
  facet normal -0.555512 -0.831509 -0
    outer loop
      vertex 45.5 29.6699 24
      vertex 44.9562 30.0332 6
      vertex 45.5 29.6699 6
    endloop
  endfacet
  facet normal 0.89686 0.442314 3.25841e-19
    outer loop
      vertex 52.6194 35.9134 24
      vertex 52.3301 36.5 6
      vertex 52.3301 36.5 24
    endloop
  endfacet
  facet normal 0.89686 0.442314 3.25841e-19
    outer loop
      vertex 52.3301 36.5 6
      vertex 52.6194 35.9134 24
      vertex 52.6194 35.9134 6
    endloop
  endfacet
  facet normal 0.946941 0.321407 -7.55944e-19
    outer loop
      vertex 52.8296 35.2941 24
      vertex 52.6194 35.9134 6
      vertex 52.6194 35.9134 24
    endloop
  endfacet
  facet normal 0.946941 0.321407 -7.55944e-19
    outer loop
      vertex 52.6194 35.9134 6
      vertex 52.8296 35.2941 24
      vertex 52.8296 35.2941 6
    endloop
  endfacet
  facet normal -0.980786 -0.195087 -5.5301e-19
    outer loop
      vertex 43.1704 32.7059 6
      vertex 43.0428 33.3474 24
      vertex 43.0428 33.3474 6
    endloop
  endfacet
  facet normal -0.980786 -0.195087 -5.5301e-19
    outer loop
      vertex 43.0428 33.3474 24
      vertex 43.1704 32.7059 6
      vertex 43.1704 32.7059 24
    endloop
  endfacet
  facet normal 0 0 1
    outer loop
      vertex 51.1 34 24
      vertex 53 34 24
      vertex 52.9572 34.6526 24
    endloop
  endfacet
  facet normal 0 0 1
    outer loop
      vertex 51.0735 34.4046 24
      vertex 52.9572 34.6526 24
      vertex 52.8296 35.2941 24
    endloop
  endfacet
  facet normal 0 0 1
    outer loop
      vertex 53 34 24
      vertex 51.1 34 24
      vertex 52.9572 33.3474 24
    endloop
  endfacet
  facet normal 0 0 1
    outer loop
      vertex 50.9944 34.8023 24
      vertex 52.8296 35.2941 24
      vertex 52.6194 35.9134 24
    endloop
  endfacet
  facet normal -0 0 1
    outer loop
      vertex 51.0735 33.5954 24
      vertex 52.9572 33.3474 24
      vertex 51.1 34 24
    endloop
  endfacet
  facet normal 0 0 1
    outer loop
      vertex 50.864 35.1863 24
      vertex 52.6194 35.9134 24
      vertex 52.3301 36.5 24
    endloop
  endfacet
  facet normal 0 0 1
    outer loop
      vertex 52.9572 33.3474 24
      vertex 51.0735 33.5954 24
      vertex 52.8296 32.7059 24
    endloop
  endfacet
  facet normal 0 0 1
    outer loop
      vertex 50.6847 35.55 24
      vertex 52.3301 36.5 24
      vertex 51.9668 37.0438 24
    endloop
  endfacet
  facet normal -0 0 1
    outer loop
      vertex 50.9944 33.1977 24
      vertex 52.8296 32.7059 24
      vertex 51.0735 33.5954 24
    endloop
  endfacet
  facet normal 0 0 1
    outer loop
      vertex 50.4594 35.8872 24
      vertex 51.9668 37.0438 24
      vertex 51.5355 37.5355 24
    endloop
  endfacet
  facet normal 0 0 1
    outer loop
      vertex 52.8296 32.7059 24
      vertex 50.9944 33.1977 24
      vertex 52.6194 32.0866 24
    endloop
  endfacet
  facet normal -0 0 1
    outer loop
      vertex 50.864 32.8137 24
      vertex 52.6194 32.0866 24
      vertex 50.9944 33.1977 24
    endloop
  endfacet
  facet normal 0 0 1
    outer loop
      vertex 52.9572 34.6526 24
      vertex 51.0735 34.4046 24
      vertex 51.1 34 24
    endloop
  endfacet
  facet normal 0 0 1
    outer loop
      vertex 50.192 36.192 24
      vertex 51.5355 37.5355 24
      vertex 51.0438 37.9668 24
    endloop
  endfacet
  facet normal 0 0 1
    outer loop
      vertex 52.8296 35.2941 24
      vertex 50.9944 34.8023 24
      vertex 51.0735 34.4046 24
    endloop
  endfacet
  facet normal 0 0 1
    outer loop
      vertex 52.6194 35.9134 24
      vertex 50.864 35.1863 24
      vertex 50.9944 34.8023 24
    endloop
  endfacet
  facet normal 0 0 1
    outer loop
      vertex 52.3301 36.5 24
      vertex 50.6847 35.55 24
      vertex 50.864 35.1863 24
    endloop
  endfacet
  facet normal 0 0 1
    outer loop
      vertex 49.8872 36.4594 24
      vertex 51.0438 37.9668 24
      vertex 50.5 38.3301 24
    endloop
  endfacet
  facet normal 0 0 1
    outer loop
      vertex 51.9668 37.0438 24
      vertex 50.4594 35.8872 24
      vertex 50.6847 35.55 24
    endloop
  endfacet
  facet normal 0 0 1
    outer loop
      vertex 51.5355 37.5355 24
      vertex 50.192 36.192 24
      vertex 50.4594 35.8872 24
    endloop
  endfacet
  facet normal 0 0 1
    outer loop
      vertex 49.55 36.6847 24
      vertex 50.5 38.3301 24
      vertex 49.9134 38.6194 24
    endloop
  endfacet
  facet normal 0 0 1
    outer loop
      vertex 51.0438 37.9668 24
      vertex 49.8872 36.4594 24
      vertex 50.192 36.192 24
    endloop
  endfacet
  facet normal 0 0 1
    outer loop
      vertex 50.5 38.3301 24
      vertex 49.55 36.6847 24
      vertex 49.8872 36.4594 24
    endloop
  endfacet
  facet normal 0 0 1
    outer loop
      vertex 49.1863 36.864 24
      vertex 49.9134 38.6194 24
      vertex 49.2941 38.8296 24
    endloop
  endfacet
  facet normal 0 0 1
    outer loop
      vertex 49.9134 38.6194 24
      vertex 49.1863 36.864 24
      vertex 49.55 36.6847 24
    endloop
  endfacet
  facet normal 0 0 1
    outer loop
      vertex 49.2941 38.8296 24
      vertex 48.8023 36.9944 24
      vertex 49.1863 36.864 24
    endloop
  endfacet
  facet normal 0 0 1
    outer loop
      vertex 48.6526 38.9572 24
      vertex 48.8023 36.9944 24
      vertex 49.2941 38.8296 24
    endloop
  endfacet
  facet normal 0 0 1
    outer loop
      vertex 48.6526 38.9572 24
      vertex 48.4046 37.0735 24
      vertex 48.8023 36.9944 24
    endloop
  endfacet
  facet normal 0 0 1
    outer loop
      vertex 48 39 24
      vertex 48.4046 37.0735 24
      vertex 48.6526 38.9572 24
    endloop
  endfacet
  facet normal 0 0 1
    outer loop
      vertex 48 39 24
      vertex 48 37.1 24
      vertex 48.4046 37.0735 24
    endloop
  endfacet
  facet normal 0 0 1
    outer loop
      vertex 48 39 24
      vertex 47.5954 37.0735 24
      vertex 48 37.1 24
    endloop
  endfacet
  facet normal -0 0 1
    outer loop
      vertex 47.3474 38.9572 24
      vertex 47.5954 37.0735 24
      vertex 48 39 24
    endloop
  endfacet
  facet normal 0 0 1
    outer loop
      vertex 47.3474 38.9572 24
      vertex 47.1977 36.9944 24
      vertex 47.5954 37.0735 24
    endloop
  endfacet
  facet normal -0 0 1
    outer loop
      vertex 46.7059 38.8296 24
      vertex 47.1977 36.9944 24
      vertex 47.3474 38.9572 24
    endloop
  endfacet
  facet normal 0 0 1
    outer loop
      vertex 47.1977 36.9944 24
      vertex 46.7059 38.8296 24
      vertex 46.8137 36.864 24
    endloop
  endfacet
  facet normal -0 0 1
    outer loop
      vertex 46.0866 38.6194 24
      vertex 46.8137 36.864 24
      vertex 46.7059 38.8296 24
    endloop
  endfacet
  facet normal 0 0 1
    outer loop
      vertex 46.8137 36.864 24
      vertex 46.0866 38.6194 24
      vertex 46.45 36.6847 24
    endloop
  endfacet
  facet normal -0 0 1
    outer loop
      vertex 45.5 38.3301 24
      vertex 46.45 36.6847 24
      vertex 46.0866 38.6194 24
    endloop
  endfacet
  facet normal 0 0 1
    outer loop
      vertex 46.45 36.6847 24
      vertex 45.5 38.3301 24
      vertex 46.1128 36.4594 24
    endloop
  endfacet
  facet normal -0 0 1
    outer loop
      vertex 44.9562 37.9668 24
      vertex 46.1128 36.4594 24
      vertex 45.5 38.3301 24
    endloop
  endfacet
  facet normal 0 0 1
    outer loop
      vertex 46.1128 36.4594 24
      vertex 44.9562 37.9668 24
      vertex 45.808 36.192 24
    endloop
  endfacet
  facet normal -0 0 1
    outer loop
      vertex 44.4645 37.5355 24
      vertex 45.808 36.192 24
      vertex 44.9562 37.9668 24
    endloop
  endfacet
  facet normal 0 0 1
    outer loop
      vertex 45.808 36.192 24
      vertex 44.4645 37.5355 24
      vertex 45.5406 35.8872 24
    endloop
  endfacet
  facet normal -0 0 1
    outer loop
      vertex 44.0332 37.0438 24
      vertex 45.5406 35.8872 24
      vertex 44.4645 37.5355 24
    endloop
  endfacet
  facet normal 0 0 1
    outer loop
      vertex 45.5406 35.8872 24
      vertex 44.0332 37.0438 24
      vertex 45.3153 35.55 24
    endloop
  endfacet
  facet normal -0 0 1
    outer loop
      vertex 43.6699 36.5 24
      vertex 45.3153 35.55 24
      vertex 44.0332 37.0438 24
    endloop
  endfacet
  facet normal 0 0 1
    outer loop
      vertex 45.3153 35.55 24
      vertex 43.6699 36.5 24
      vertex 45.136 35.1863 24
    endloop
  endfacet
  facet normal -0 0 1
    outer loop
      vertex 43.3806 35.9134 24
      vertex 45.136 35.1863 24
      vertex 43.6699 36.5 24
    endloop
  endfacet
  facet normal 0 0 1
    outer loop
      vertex 52.6194 32.0866 24
      vertex 50.864 32.8137 24
      vertex 52.3301 31.5 24
    endloop
  endfacet
  facet normal -0 0 1
    outer loop
      vertex 50.6847 32.45 24
      vertex 52.3301 31.5 24
      vertex 50.864 32.8137 24
    endloop
  endfacet
  facet normal 0 0 1
    outer loop
      vertex 52.3301 31.5 24
      vertex 50.6847 32.45 24
      vertex 51.9668 30.9562 24
    endloop
  endfacet
  facet normal -0 0 1
    outer loop
      vertex 50.4594 32.1128 24
      vertex 51.9668 30.9562 24
      vertex 50.6847 32.45 24
    endloop
  endfacet
  facet normal 0 0 1
    outer loop
      vertex 51.9668 30.9562 24
      vertex 50.4594 32.1128 24
      vertex 51.5355 30.4645 24
    endloop
  endfacet
  facet normal -0 0 1
    outer loop
      vertex 50.192 31.808 24
      vertex 51.5355 30.4645 24
      vertex 50.4594 32.1128 24
    endloop
  endfacet
  facet normal 0 0 1
    outer loop
      vertex 51.5355 30.4645 24
      vertex 50.192 31.808 24
      vertex 51.0438 30.0332 24
    endloop
  endfacet
  facet normal -0 0 1
    outer loop
      vertex 49.8872 31.5406 24
      vertex 51.0438 30.0332 24
      vertex 50.192 31.808 24
    endloop
  endfacet
  facet normal 0 0 1
    outer loop
      vertex 51.0438 30.0332 24
      vertex 49.8872 31.5406 24
      vertex 50.5 29.6699 24
    endloop
  endfacet
  facet normal -0 0 1
    outer loop
      vertex 49.55 31.3153 24
      vertex 50.5 29.6699 24
      vertex 49.8872 31.5406 24
    endloop
  endfacet
  facet normal 0 0 1
    outer loop
      vertex 50.5 29.6699 24
      vertex 49.55 31.3153 24
      vertex 49.9134 29.3806 24
    endloop
  endfacet
  facet normal -0 0 1
    outer loop
      vertex 49.1863 31.136 24
      vertex 49.9134 29.3806 24
      vertex 49.55 31.3153 24
    endloop
  endfacet
  facet normal 0 0 1
    outer loop
      vertex 49.9134 29.3806 24
      vertex 49.1863 31.136 24
      vertex 49.2941 29.1704 24
    endloop
  endfacet
  facet normal -0 0 1
    outer loop
      vertex 48.8023 31.0056 24
      vertex 49.2941 29.1704 24
      vertex 49.1863 31.136 24
    endloop
  endfacet
  facet normal 0 0 1
    outer loop
      vertex 48.8023 31.0056 24
      vertex 48.6526 29.0428 24
      vertex 49.2941 29.1704 24
    endloop
  endfacet
  facet normal -0 0 1
    outer loop
      vertex 48.4046 30.9265 24
      vertex 48.6526 29.0428 24
      vertex 48.8023 31.0056 24
    endloop
  endfacet
  facet normal -0 0 1
    outer loop
      vertex 48 30.9 24
      vertex 48.6526 29.0428 24
      vertex 48.4046 30.9265 24
    endloop
  endfacet
  facet normal 0 0 1
    outer loop
      vertex 48 30.9 24
      vertex 48 29 24
      vertex 48.6526 29.0428 24
    endloop
  endfacet
  facet normal 0 0 1
    outer loop
      vertex 47.5954 30.9265 24
      vertex 48 29 24
      vertex 48 30.9 24
    endloop
  endfacet
  facet normal 0 0 1
    outer loop
      vertex 47.5954 30.9265 24
      vertex 47.3474 29.0428 24
      vertex 48 29 24
    endloop
  endfacet
  facet normal 0 0 1
    outer loop
      vertex 47.1977 31.0056 24
      vertex 47.3474 29.0428 24
      vertex 47.5954 30.9265 24
    endloop
  endfacet
  facet normal 0 0 1
    outer loop
      vertex 46.7059 29.1704 24
      vertex 47.1977 31.0056 24
      vertex 46.8137 31.136 24
    endloop
  endfacet
  facet normal 0 0 1
    outer loop
      vertex 47.1977 31.0056 24
      vertex 46.7059 29.1704 24
      vertex 47.3474 29.0428 24
    endloop
  endfacet
  facet normal 0 0 1
    outer loop
      vertex 46.0866 29.3806 24
      vertex 46.8137 31.136 24
      vertex 46.45 31.3153 24
    endloop
  endfacet
  facet normal 0 0 1
    outer loop
      vertex 45.5 29.6699 24
      vertex 46.45 31.3153 24
      vertex 46.1128 31.5406 24
    endloop
  endfacet
  facet normal 0 0 1
    outer loop
      vertex 46.8137 31.136 24
      vertex 46.0866 29.3806 24
      vertex 46.7059 29.1704 24
    endloop
  endfacet
  facet normal 0 0 1
    outer loop
      vertex 44.9562 30.0332 24
      vertex 46.1128 31.5406 24
      vertex 45.808 31.808 24
    endloop
  endfacet
  facet normal 0 0 1
    outer loop
      vertex 44.4645 30.4645 24
      vertex 45.808 31.808 24
      vertex 45.5406 32.1128 24
    endloop
  endfacet
  facet normal 0 0 1
    outer loop
      vertex 46.45 31.3153 24
      vertex 45.5 29.6699 24
      vertex 46.0866 29.3806 24
    endloop
  endfacet
  facet normal 0 0 1
    outer loop
      vertex 44.0332 30.9562 24
      vertex 45.5406 32.1128 24
      vertex 45.3153 32.45 24
    endloop
  endfacet
  facet normal 0 0 1
    outer loop
      vertex 43.6699 31.5 24
      vertex 45.3153 32.45 24
      vertex 45.136 32.8137 24
    endloop
  endfacet
  facet normal 0 0 1
    outer loop
      vertex 43.3806 32.0866 24
      vertex 45.136 32.8137 24
      vertex 45.0056 33.1977 24
    endloop
  endfacet
  facet normal 0 0 1
    outer loop
      vertex 46.1128 31.5406 24
      vertex 44.9562 30.0332 24
      vertex 45.5 29.6699 24
    endloop
  endfacet
  facet normal 0 0 1
    outer loop
      vertex 43.1704 32.7059 24
      vertex 45.0056 33.1977 24
      vertex 44.9265 33.5954 24
    endloop
  endfacet
  facet normal 0 0 1
    outer loop
      vertex 43.0428 33.3474 24
      vertex 44.9265 33.5954 24
      vertex 44.9 34 24
    endloop
  endfacet
  facet normal 0 0 1
    outer loop
      vertex 45.136 35.1863 24
      vertex 43.3806 35.9134 24
      vertex 45.0056 34.8023 24
    endloop
  endfacet
  facet normal 0 0 1
    outer loop
      vertex 45.808 31.808 24
      vertex 44.4645 30.4645 24
      vertex 44.9562 30.0332 24
    endloop
  endfacet
  facet normal -0 0 1
    outer loop
      vertex 43.1704 35.2941 24
      vertex 45.0056 34.8023 24
      vertex 43.3806 35.9134 24
    endloop
  endfacet
  facet normal 0 0 1
    outer loop
      vertex 45.5406 32.1128 24
      vertex 44.0332 30.9562 24
      vertex 44.4645 30.4645 24
    endloop
  endfacet
  facet normal 0 0 1
    outer loop
      vertex 45.0056 34.8023 24
      vertex 43.1704 35.2941 24
      vertex 44.9265 34.4046 24
    endloop
  endfacet
  facet normal 0 0 1
    outer loop
      vertex 45.3153 32.45 24
      vertex 43.6699 31.5 24
      vertex 44.0332 30.9562 24
    endloop
  endfacet
  facet normal -0 0 1
    outer loop
      vertex 43.0428 34.6526 24
      vertex 44.9265 34.4046 24
      vertex 43.1704 35.2941 24
    endloop
  endfacet
  facet normal 0 0 1
    outer loop
      vertex 45.136 32.8137 24
      vertex 43.3806 32.0866 24
      vertex 43.6699 31.5 24
    endloop
  endfacet
  facet normal 0 0 1
    outer loop
      vertex 44.9265 34.4046 24
      vertex 43.0428 34.6526 24
      vertex 44.9 34 24
    endloop
  endfacet
  facet normal 0 0 1
    outer loop
      vertex 45.0056 33.1977 24
      vertex 43.1704 32.7059 24
      vertex 43.3806 32.0866 24
    endloop
  endfacet
  facet normal 0 0 1
    outer loop
      vertex 43 34 24
      vertex 44.9 34 24
      vertex 43.0428 34.6526 24
    endloop
  endfacet
  facet normal 0 0 1
    outer loop
      vertex 44.9265 33.5954 24
      vertex 43.0428 33.3474 24
      vertex 43.1704 32.7059 24
    endloop
  endfacet
  facet normal 0 0 1
    outer loop
      vertex 44.9 34 24
      vertex 43 34 24
      vertex 43.0428 33.3474 24
    endloop
  endfacet
  facet normal -0.195087 -0.980786 0
    outer loop
      vertex 46.7059 29.1704 10
      vertex 47.3474 29.0428 24
      vertex 46.7059 29.1704 24
    endloop
  endfacet
  facet normal -0.195087 -0.980786 -0
    outer loop
      vertex 47.3474 29.0428 24
      vertex 46.7059 29.1704 10
      vertex 47.3474 29.0428 10
    endloop
  endfacet
  facet normal -0.831509 0.555512 -9.24629e-19
    outer loop
      vertex 43.6699 36.5 6
      vertex 44.0332 37.0438 24
      vertex 44.0332 37.0438 6
    endloop
  endfacet
  facet normal -0.831509 0.555512 -9.24629e-19
    outer loop
      vertex 44.0332 37.0438 24
      vertex 43.6699 36.5 6
      vertex 43.6699 36.5 24
    endloop
  endfacet
  facet normal -0.0654332 -0.997857 4.20677e-21
    outer loop
      vertex 47.7744 29.0148 10
      vertex 47.3474 29.0428 24
      vertex 47.3474 29.0428 10
    endloop
  endfacet
  facet normal -0.0654432 -0.997856 -3.05809e-07
    outer loop
      vertex 47.3474 29.0428 24
      vertex 47.7744 29.0148 10
      vertex 48 29 24
    endloop
  endfacet
  facet normal -0.0654621 -0.997855 -1.964e-19
    outer loop
      vertex 48 29 6
      vertex 47.7744 29.0148 10
      vertex 47.7744 29.0148 6
    endloop
  endfacet
  facet normal -0.0654621 -0.997855 -4.36445e-20
    outer loop
      vertex 47.7744 29.0148 10
      vertex 48 29 6
      vertex 48 29 24
    endloop
  endfacet
  facet normal 0.896928 0.442176 2.63555e-18
    outer loop
      vertex 45.3153 32.45 24
      vertex 45.136 32.8137 17.9
      vertex 45.136 32.8137 24
    endloop
  endfacet
  facet normal 0.896928 0.442176 2.63555e-18
    outer loop
      vertex 45.136 32.8137 17.9
      vertex 45.3153 32.45 24
      vertex 45.3153 32.45 17.9
    endloop
  endfacet
  facet normal -0.442176 0.896928 0
    outer loop
      vertex 49.55 31.3153 17.9
      vertex 49.1863 31.136 24
      vertex 49.55 31.3153 24
    endloop
  endfacet
  facet normal -0.442176 0.896928 0
    outer loop
      vertex 49.1863 31.136 24
      vertex 49.55 31.3153 17.9
      vertex 49.1863 31.136 17.9
    endloop
  endfacet
  facet normal -0.980789 -0.195073 4.49093e-19
    outer loop
      vertex 51.0735 34.4046 17.9
      vertex 50.9944 34.8023 24
      vertex 50.9944 34.8023 17.9
    endloop
  endfacet
  facet normal -0.980789 -0.195073 4.49093e-19
    outer loop
      vertex 50.9944 34.8023 24
      vertex 51.0735 34.4046 17.9
      vertex 51.0735 34.4046 24
    endloop
  endfacet
  facet normal -0.997862 -0.0653568 2.00862e-19
    outer loop
      vertex 51.1 34 17.9
      vertex 51.0735 34.4046 24
      vertex 51.0735 34.4046 17.9
    endloop
  endfacet
  facet normal -0.997862 -0.0653568 2.00862e-19
    outer loop
      vertex 51.0735 34.4046 24
      vertex 51.1 34 17.9
      vertex 51.1 34 24
    endloop
  endfacet
  facet normal -0.946893 -0.321549 8.57741e-20
    outer loop
      vertex 50.9944 34.8023 17.9
      vertex 50.864 35.1863 24
      vertex 50.864 35.1863 17.9
    endloop
  endfacet
  facet normal -0.946893 -0.321549 8.57741e-20
    outer loop
      vertex 50.864 35.1863 24
      vertex 50.9944 34.8023 17.9
      vertex 50.9944 34.8023 24
    endloop
  endfacet
  facet normal -0.751721 0.659482 2.74297e-18
    outer loop
      vertex 50.192 31.808 17.9
      vertex 50.4594 32.1128 24
      vertex 50.4594 32.1128 17.9
    endloop
  endfacet
  facet normal -0.751721 0.659482 2.74297e-18
    outer loop
      vertex 50.4594 32.1128 24
      vertex 50.192 31.808 17.9
      vertex 50.192 31.808 24
    endloop
  endfacet
  facet normal -0.321549 -0.946893 0
    outer loop
      vertex 48.8023 36.9944 17.9
      vertex 49.1863 36.864 24
      vertex 48.8023 36.9944 24
    endloop
  endfacet
  facet normal -0.321549 -0.946893 -0
    outer loop
      vertex 49.1863 36.864 24
      vertex 48.8023 36.9944 17.9
      vertex 49.1863 36.864 17.9
    endloop
  endfacet
  facet normal -0.555553 -0.831481 0
    outer loop
      vertex 49.55 36.6847 17.9
      vertex 49.8872 36.4594 24
      vertex 49.55 36.6847 24
    endloop
  endfacet
  facet normal -0.555553 -0.831481 -0
    outer loop
      vertex 49.8872 36.4594 24
      vertex 49.55 36.6847 17.9
      vertex 49.8872 36.4594 17.9
    endloop
  endfacet
  facet normal -0.896928 0.442176 -2.63555e-18
    outer loop
      vertex 50.6847 32.45 17.9
      vertex 50.864 32.8137 24
      vertex 50.864 32.8137 17.9
    endloop
  endfacet
  facet normal -0.896928 0.442176 -2.63555e-18
    outer loop
      vertex 50.864 32.8137 24
      vertex 50.6847 32.45 17.9
      vertex 50.6847 32.45 24
    endloop
  endfacet
  facet normal -0.321549 0.946893 0
    outer loop
      vertex 49.1863 31.136 17.9
      vertex 48.8023 31.0056 24
      vertex 49.1863 31.136 24
    endloop
  endfacet
  facet normal -0.321549 0.946893 0
    outer loop
      vertex 48.8023 31.0056 24
      vertex 49.1863 31.136 17.9
      vertex 48.8023 31.0056 17.9
    endloop
  endfacet
  facet normal -0.896928 -0.442176 2.63555e-18
    outer loop
      vertex 50.864 35.1863 17.9
      vertex 50.6847 35.55 24
      vertex 50.6847 35.55 17.9
    endloop
  endfacet
  facet normal -0.896928 -0.442176 2.63555e-18
    outer loop
      vertex 50.6847 35.55 24
      vertex 50.864 35.1863 17.9
      vertex 50.864 35.1863 24
    endloop
  endfacet
  facet normal 0.195073 -0.980789 0
    outer loop
      vertex 47.1977 36.9944 17.9
      vertex 47.5954 37.0735 24
      vertex 47.1977 36.9944 24
    endloop
  endfacet
  facet normal 0.195073 -0.980789 0
    outer loop
      vertex 47.5954 37.0735 24
      vertex 47.1977 36.9944 17.9
      vertex 47.5954 37.0735 17.9
    endloop
  endfacet
  facet normal 0.0653568 0.997862 -0
    outer loop
      vertex 48 30.9 17.9
      vertex 47.5954 30.9265 24
      vertex 48 30.9 24
    endloop
  endfacet
  facet normal 0.0653568 0.997862 0
    outer loop
      vertex 47.5954 30.9265 24
      vertex 48 30.9 17.9
      vertex 47.5954 30.9265 17.9
    endloop
  endfacet
  facet normal 0.555553 -0.831481 0
    outer loop
      vertex 46.1128 36.4594 17.9
      vertex 46.45 36.6847 24
      vertex 46.1128 36.4594 24
    endloop
  endfacet
  facet normal 0.555553 -0.831481 0
    outer loop
      vertex 46.45 36.6847 24
      vertex 46.1128 36.4594 17.9
      vertex 46.45 36.6847 17.9
    endloop
  endfacet
  facet normal 0.321549 0.946893 -0
    outer loop
      vertex 47.1977 31.0056 17.9
      vertex 46.8137 31.136 24
      vertex 47.1977 31.0056 24
    endloop
  endfacet
  facet normal 0.321549 0.946893 0
    outer loop
      vertex 46.8137 31.136 24
      vertex 47.1977 31.0056 17.9
      vertex 46.8137 31.136 17.9
    endloop
  endfacet
  facet normal -0.946893 0.321549 -8.57741e-20
    outer loop
      vertex 50.864 32.8137 17.9
      vertex 50.9944 33.1977 24
      vertex 50.9944 33.1977 17.9
    endloop
  endfacet
  facet normal -0.946893 0.321549 -8.57741e-20
    outer loop
      vertex 50.9944 33.1977 24
      vertex 50.864 32.8137 17.9
      vertex 50.864 32.8137 24
    endloop
  endfacet
  facet normal 0.831481 0.555553 -2.63034e-18
    outer loop
      vertex 45.5406 32.1128 24
      vertex 45.3153 32.45 17.9
      vertex 45.3153 32.45 24
    endloop
  endfacet
  facet normal 0.831481 0.555553 -2.63034e-18
    outer loop
      vertex 45.3153 32.45 17.9
      vertex 45.5406 32.1128 24
      vertex 45.5406 32.1128 17.9
    endloop
  endfacet
  facet normal 0.659482 0.751721 -0
    outer loop
      vertex 46.1128 31.5406 17.9
      vertex 45.808 31.808 24
      vertex 46.1128 31.5406 24
    endloop
  endfacet
  facet normal 0.659482 0.751721 0
    outer loop
      vertex 45.808 31.808 24
      vertex 46.1128 31.5406 17.9
      vertex 45.808 31.808 17.9
    endloop
  endfacet
  facet normal 0.659482 -0.751721 0
    outer loop
      vertex 45.808 36.192 17.9
      vertex 46.1128 36.4594 24
      vertex 45.808 36.192 24
    endloop
  endfacet
  facet normal 0.659482 -0.751721 0
    outer loop
      vertex 46.1128 36.4594 24
      vertex 45.808 36.192 17.9
      vertex 46.1128 36.4594 17.9
    endloop
  endfacet
  facet normal 0.946893 -0.321549 -8.57741e-20
    outer loop
      vertex 45.0056 34.8023 24
      vertex 45.136 35.1863 17.9
      vertex 45.136 35.1863 24
    endloop
  endfacet
  facet normal 0.946893 -0.321549 -8.57741e-20
    outer loop
      vertex 45.136 35.1863 17.9
      vertex 45.0056 34.8023 24
      vertex 45.0056 34.8023 17.9
    endloop
  endfacet
  facet normal 0.442176 -0.896928 0
    outer loop
      vertex 46.45 36.6847 17.9
      vertex 46.8137 36.864 24
      vertex 46.45 36.6847 24
    endloop
  endfacet
  facet normal 0.442176 -0.896928 0
    outer loop
      vertex 46.8137 36.864 24
      vertex 46.45 36.6847 17.9
      vertex 46.8137 36.864 17.9
    endloop
  endfacet
  facet normal 0.980789 -0.195073 -4.49093e-19
    outer loop
      vertex 44.9265 34.4046 24
      vertex 45.0056 34.8023 17.9
      vertex 45.0056 34.8023 24
    endloop
  endfacet
  facet normal 0.980789 -0.195073 -4.49093e-19
    outer loop
      vertex 45.0056 34.8023 17.9
      vertex 44.9265 34.4046 24
      vertex 44.9265 34.4046 17.9
    endloop
  endfacet
  facet normal 0.321549 -0.946893 0
    outer loop
      vertex 46.8137 36.864 17.9
      vertex 47.1977 36.9944 24
      vertex 46.8137 36.864 24
    endloop
  endfacet
  facet normal 0.321549 -0.946893 0
    outer loop
      vertex 47.1977 36.9944 24
      vertex 46.8137 36.864 17.9
      vertex 47.1977 36.9944 17.9
    endloop
  endfacet
  facet normal -0.659482 0.751721 0
    outer loop
      vertex 50.192 31.808 17.9
      vertex 49.8872 31.5406 24
      vertex 50.192 31.808 24
    endloop
  endfacet
  facet normal -0.659482 0.751721 0
    outer loop
      vertex 49.8872 31.5406 24
      vertex 50.192 31.808 17.9
      vertex 49.8872 31.5406 17.9
    endloop
  endfacet
  facet normal -0.0653568 -0.997862 0
    outer loop
      vertex 48 37.1 17.9
      vertex 48.4046 37.0735 24
      vertex 48 37.1 24
    endloop
  endfacet
  facet normal -0.0653568 -0.997862 -0
    outer loop
      vertex 48.4046 37.0735 24
      vertex 48 37.1 17.9
      vertex 48.4046 37.0735 17.9
    endloop
  endfacet
  facet normal -0.831481 -0.555553 -2.63034e-18
    outer loop
      vertex 50.6847 35.55 17.9
      vertex 50.4594 35.8872 24
      vertex 50.4594 35.8872 17.9
    endloop
  endfacet
  facet normal -0.831481 -0.555553 -2.63034e-18
    outer loop
      vertex 50.4594 35.8872 24
      vertex 50.6847 35.55 17.9
      vertex 50.6847 35.55 24
    endloop
  endfacet
  facet normal -0.195073 0.980789 0
    outer loop
      vertex 48.8023 31.0056 17.9
      vertex 48.4046 30.9265 24
      vertex 48.8023 31.0056 24
    endloop
  endfacet
  facet normal -0.195073 0.980789 0
    outer loop
      vertex 48.4046 30.9265 24
      vertex 48.8023 31.0056 17.9
      vertex 48.4046 30.9265 17.9
    endloop
  endfacet
  facet normal 0.980789 0.195073 4.49093e-19
    outer loop
      vertex 45.0056 33.1977 24
      vertex 44.9265 33.5954 17.9
      vertex 44.9265 33.5954 24
    endloop
  endfacet
  facet normal 0.980789 0.195073 4.49093e-19
    outer loop
      vertex 44.9265 33.5954 17.9
      vertex 45.0056 33.1977 24
      vertex 45.0056 33.1977 17.9
    endloop
  endfacet
  facet normal 0.751721 -0.659482 2.74297e-18
    outer loop
      vertex 45.5406 35.8872 24
      vertex 45.808 36.192 17.9
      vertex 45.808 36.192 24
    endloop
  endfacet
  facet normal 0.751721 -0.659482 2.74297e-18
    outer loop
      vertex 45.808 36.192 17.9
      vertex 45.5406 35.8872 24
      vertex 45.5406 35.8872 17.9
    endloop
  endfacet
  facet normal -0.659482 -0.751721 0
    outer loop
      vertex 49.8872 36.4594 17.9
      vertex 50.192 36.192 24
      vertex 49.8872 36.4594 24
    endloop
  endfacet
  facet normal -0.659482 -0.751721 -0
    outer loop
      vertex 50.192 36.192 24
      vertex 49.8872 36.4594 17.9
      vertex 50.192 36.192 17.9
    endloop
  endfacet
  facet normal -0.997862 0.0653568 -2.00862e-19
    outer loop
      vertex 51.0735 33.5954 17.9
      vertex 51.1 34 24
      vertex 51.1 34 17.9
    endloop
  endfacet
  facet normal -0.997862 0.0653568 -2.00862e-19
    outer loop
      vertex 51.1 34 24
      vertex 51.0735 33.5954 17.9
      vertex 51.0735 33.5954 24
    endloop
  endfacet
  facet normal -0.980789 0.195073 -4.49093e-19
    outer loop
      vertex 50.9944 33.1977 17.9
      vertex 51.0735 33.5954 24
      vertex 51.0735 33.5954 17.9
    endloop
  endfacet
  facet normal -0.980789 0.195073 -4.49093e-19
    outer loop
      vertex 51.0735 33.5954 24
      vertex 50.9944 33.1977 17.9
      vertex 50.9944 33.1977 24
    endloop
  endfacet
  facet normal -0.555553 0.831481 0
    outer loop
      vertex 49.8872 31.5406 17.9
      vertex 49.55 31.3153 24
      vertex 49.8872 31.5406 24
    endloop
  endfacet
  facet normal -0.555553 0.831481 0
    outer loop
      vertex 49.55 31.3153 24
      vertex 49.8872 31.5406 17.9
      vertex 49.55 31.3153 17.9
    endloop
  endfacet
  facet normal -0.195073 -0.980789 0
    outer loop
      vertex 48.4046 37.0735 17.9
      vertex 48.8023 36.9944 24
      vertex 48.4046 37.0735 24
    endloop
  endfacet
  facet normal -0.195073 -0.980789 -0
    outer loop
      vertex 48.8023 36.9944 24
      vertex 48.4046 37.0735 17.9
      vertex 48.8023 36.9944 17.9
    endloop
  endfacet
  facet normal -0.751721 -0.659482 -2.74297e-18
    outer loop
      vertex 50.4594 35.8872 17.9
      vertex 50.192 36.192 24
      vertex 50.192 36.192 17.9
    endloop
  endfacet
  facet normal -0.751721 -0.659482 -2.74297e-18
    outer loop
      vertex 50.192 36.192 24
      vertex 50.4594 35.8872 17.9
      vertex 50.4594 35.8872 24
    endloop
  endfacet
  facet normal -0.442176 -0.896928 0
    outer loop
      vertex 49.1863 36.864 17.9
      vertex 49.55 36.6847 24
      vertex 49.1863 36.864 24
    endloop
  endfacet
  facet normal -0.442176 -0.896928 -0
    outer loop
      vertex 49.55 36.6847 24
      vertex 49.1863 36.864 17.9
      vertex 49.55 36.6847 17.9
    endloop
  endfacet
  facet normal 0.997862 0.0653568 2.00862e-19
    outer loop
      vertex 44.9265 33.5954 24
      vertex 44.9 34 17.9
      vertex 44.9 34 24
    endloop
  endfacet
  facet normal 0.997862 0.0653568 2.00862e-19
    outer loop
      vertex 44.9 34 17.9
      vertex 44.9265 33.5954 24
      vertex 44.9265 33.5954 17.9
    endloop
  endfacet
  facet normal -0.831481 0.555553 2.63034e-18
    outer loop
      vertex 50.4594 32.1128 17.9
      vertex 50.6847 32.45 24
      vertex 50.6847 32.45 17.9
    endloop
  endfacet
  facet normal -0.831481 0.555553 2.63034e-18
    outer loop
      vertex 50.6847 32.45 24
      vertex 50.4594 32.1128 17.9
      vertex 50.4594 32.1128 24
    endloop
  endfacet
  facet normal 0.751721 0.659482 -2.74297e-18
    outer loop
      vertex 45.808 31.808 24
      vertex 45.5406 32.1128 17.9
      vertex 45.5406 32.1128 24
    endloop
  endfacet
  facet normal 0.751721 0.659482 -2.74297e-18
    outer loop
      vertex 45.5406 32.1128 17.9
      vertex 45.808 31.808 24
      vertex 45.808 31.808 17.9
    endloop
  endfacet
  facet normal 0.997862 -0.0653568 -2.00862e-19
    outer loop
      vertex 44.9 34 24
      vertex 44.9265 34.4046 17.9
      vertex 44.9265 34.4046 24
    endloop
  endfacet
  facet normal 0.997862 -0.0653568 -2.00862e-19
    outer loop
      vertex 44.9265 34.4046 17.9
      vertex 44.9 34 24
      vertex 44.9 34 17.9
    endloop
  endfacet
  facet normal 0.442176 0.896928 -0
    outer loop
      vertex 46.8137 31.136 17.9
      vertex 46.45 31.3153 24
      vertex 46.8137 31.136 24
    endloop
  endfacet
  facet normal 0.442176 0.896928 0
    outer loop
      vertex 46.45 31.3153 24
      vertex 46.8137 31.136 17.9
      vertex 46.45 31.3153 17.9
    endloop
  endfacet
  facet normal 0.946893 0.321549 8.57741e-20
    outer loop
      vertex 45.136 32.8137 24
      vertex 45.0056 33.1977 17.9
      vertex 45.0056 33.1977 24
    endloop
  endfacet
  facet normal 0.946893 0.321549 8.57741e-20
    outer loop
      vertex 45.0056 33.1977 17.9
      vertex 45.136 32.8137 24
      vertex 45.136 32.8137 17.9
    endloop
  endfacet
  facet normal 0.195073 0.980789 -0
    outer loop
      vertex 47.5954 30.9265 17.9
      vertex 47.1977 31.0056 24
      vertex 47.5954 30.9265 24
    endloop
  endfacet
  facet normal 0.195073 0.980789 0
    outer loop
      vertex 47.1977 31.0056 24
      vertex 47.5954 30.9265 17.9
      vertex 47.1977 31.0056 17.9
    endloop
  endfacet
  facet normal -0.0653568 0.997862 0
    outer loop
      vertex 48.4046 30.9265 17.9
      vertex 48 30.9 24
      vertex 48.4046 30.9265 24
    endloop
  endfacet
  facet normal -0.0653568 0.997862 0
    outer loop
      vertex 48 30.9 24
      vertex 48.4046 30.9265 17.9
      vertex 48 30.9 17.9
    endloop
  endfacet
  facet normal 0.0653568 -0.997862 0
    outer loop
      vertex 47.5954 37.0735 17.9
      vertex 48 37.1 24
      vertex 47.5954 37.0735 24
    endloop
  endfacet
  facet normal 0.0653568 -0.997862 0
    outer loop
      vertex 48 37.1 24
      vertex 47.5954 37.0735 17.9
      vertex 48 37.1 17.9
    endloop
  endfacet
  facet normal 0 0 1
    outer loop
      vertex 51.0735 34.4046 17.9
      vertex 51.0735 33.5954 17.9
      vertex 51.1 34 17.9
    endloop
  endfacet
  facet normal 0 0 1
    outer loop
      vertex 50.9944 34.8023 17.9
      vertex 51.0735 33.5954 17.9
      vertex 51.0735 34.4046 17.9
    endloop
  endfacet
  facet normal 0 0 1
    outer loop
      vertex 50.9944 34.8023 17.9
      vertex 50.9944 33.1977 17.9
      vertex 51.0735 33.5954 17.9
    endloop
  endfacet
  facet normal 0 0 1
    outer loop
      vertex 50.864 35.1863 17.9
      vertex 50.9944 33.1977 17.9
      vertex 50.9944 34.8023 17.9
    endloop
  endfacet
  facet normal 0 0 1
    outer loop
      vertex 50.864 35.1863 17.9
      vertex 50.864 32.8137 17.9
      vertex 50.9944 33.1977 17.9
    endloop
  endfacet
  facet normal 0 0 1
    outer loop
      vertex 50.6847 35.55 17.9
      vertex 50.864 32.8137 17.9
      vertex 50.864 35.1863 17.9
    endloop
  endfacet
  facet normal 0 0 1
    outer loop
      vertex 50.6847 35.55 17.9
      vertex 50.6847 32.45 17.9
      vertex 50.864 32.8137 17.9
    endloop
  endfacet
  facet normal 0 0 1
    outer loop
      vertex 50.4594 35.8872 17.9
      vertex 50.6847 32.45 17.9
      vertex 50.6847 35.55 17.9
    endloop
  endfacet
  facet normal 0 0 1
    outer loop
      vertex 50.4594 35.8872 17.9
      vertex 50.4594 32.1128 17.9
      vertex 50.6847 32.45 17.9
    endloop
  endfacet
  facet normal 0 0 1
    outer loop
      vertex 50.192 36.192 17.9
      vertex 50.4594 32.1128 17.9
      vertex 50.4594 35.8872 17.9
    endloop
  endfacet
  facet normal 0 0 1
    outer loop
      vertex 50.192 36.192 17.9
      vertex 50.192 31.808 17.9
      vertex 50.4594 32.1128 17.9
    endloop
  endfacet
  facet normal 0 0 1
    outer loop
      vertex 49.8872 36.4594 17.9
      vertex 50.192 31.808 17.9
      vertex 50.192 36.192 17.9
    endloop
  endfacet
  facet normal 0 0 1
    outer loop
      vertex 49.8872 36.4594 17.9
      vertex 49.8872 31.5406 17.9
      vertex 50.192 31.808 17.9
    endloop
  endfacet
  facet normal 0 0 1
    outer loop
      vertex 49.55 36.6847 17.9
      vertex 49.8872 31.5406 17.9
      vertex 49.8872 36.4594 17.9
    endloop
  endfacet
  facet normal 0 0 1
    outer loop
      vertex 49.55 36.6847 17.9
      vertex 49.55 31.3153 17.9
      vertex 49.8872 31.5406 17.9
    endloop
  endfacet
  facet normal 0 0 1
    outer loop
      vertex 49.1863 36.864 17.9
      vertex 49.55 31.3153 17.9
      vertex 49.55 36.6847 17.9
    endloop
  endfacet
  facet normal 0 0 1
    outer loop
      vertex 49.1863 36.864 17.9
      vertex 49.1863 31.136 17.9
      vertex 49.55 31.3153 17.9
    endloop
  endfacet
  facet normal 0 0 1
    outer loop
      vertex 48.8023 36.9944 17.9
      vertex 49.1863 31.136 17.9
      vertex 49.1863 36.864 17.9
    endloop
  endfacet
  facet normal 0 0 1
    outer loop
      vertex 48.8023 36.9944 17.9
      vertex 48.8023 31.0056 17.9
      vertex 49.1863 31.136 17.9
    endloop
  endfacet
  facet normal 0 0 1
    outer loop
      vertex 48.4046 37.0735 17.9
      vertex 48.8023 31.0056 17.9
      vertex 48.8023 36.9944 17.9
    endloop
  endfacet
  facet normal 0 0 1
    outer loop
      vertex 48.4046 37.0735 17.9
      vertex 48.4046 30.9265 17.9
      vertex 48.8023 31.0056 17.9
    endloop
  endfacet
  facet normal 0 0 1
    outer loop
      vertex 48 37.1 17.9
      vertex 48.4046 30.9265 17.9
      vertex 48.4046 37.0735 17.9
    endloop
  endfacet
  facet normal 0 0 1
    outer loop
      vertex 48 37.1 17.9
      vertex 48 30.9 17.9
      vertex 48.4046 30.9265 17.9
    endloop
  endfacet
  facet normal -0 0 1
    outer loop
      vertex 47.5954 37.0735 17.9
      vertex 48 30.9 17.9
      vertex 48 37.1 17.9
    endloop
  endfacet
  facet normal 0 0 1
    outer loop
      vertex 47.5954 37.0735 17.9
      vertex 47.5954 30.9265 17.9
      vertex 48 30.9 17.9
    endloop
  endfacet
  facet normal -0 0 1
    outer loop
      vertex 47.1977 36.9944 17.9
      vertex 47.5954 30.9265 17.9
      vertex 47.5954 37.0735 17.9
    endloop
  endfacet
  facet normal 0 0 1
    outer loop
      vertex 47.1977 36.9944 17.9
      vertex 47.1977 31.0056 17.9
      vertex 47.5954 30.9265 17.9
    endloop
  endfacet
  facet normal -0 0 1
    outer loop
      vertex 46.8137 36.864 17.9
      vertex 47.1977 31.0056 17.9
      vertex 47.1977 36.9944 17.9
    endloop
  endfacet
  facet normal 0 0 1
    outer loop
      vertex 46.8137 36.864 17.9
      vertex 46.8137 31.136 17.9
      vertex 47.1977 31.0056 17.9
    endloop
  endfacet
  facet normal -0 0 1
    outer loop
      vertex 46.45 36.6847 17.9
      vertex 46.8137 31.136 17.9
      vertex 46.8137 36.864 17.9
    endloop
  endfacet
  facet normal 0 0 1
    outer loop
      vertex 46.45 36.6847 17.9
      vertex 46.45 31.3153 17.9
      vertex 46.8137 31.136 17.9
    endloop
  endfacet
  facet normal -0 0 1
    outer loop
      vertex 46.1128 36.4594 17.9
      vertex 46.45 31.3153 17.9
      vertex 46.45 36.6847 17.9
    endloop
  endfacet
  facet normal 0 0 1
    outer loop
      vertex 46.1128 36.4594 17.9
      vertex 46.1128 31.5406 17.9
      vertex 46.45 31.3153 17.9
    endloop
  endfacet
  facet normal -0 0 1
    outer loop
      vertex 45.808 36.192 17.9
      vertex 46.1128 31.5406 17.9
      vertex 46.1128 36.4594 17.9
    endloop
  endfacet
  facet normal 0 0 1
    outer loop
      vertex 45.808 36.192 17.9
      vertex 45.808 31.808 17.9
      vertex 46.1128 31.5406 17.9
    endloop
  endfacet
  facet normal -0 0 1
    outer loop
      vertex 45.5406 35.8872 17.9
      vertex 45.808 31.808 17.9
      vertex 45.808 36.192 17.9
    endloop
  endfacet
  facet normal 0 0 1
    outer loop
      vertex 45.5406 35.8872 17.9
      vertex 45.5406 32.1128 17.9
      vertex 45.808 31.808 17.9
    endloop
  endfacet
  facet normal -0 0 1
    outer loop
      vertex 45.3153 35.55 17.9
      vertex 45.5406 32.1128 17.9
      vertex 45.5406 35.8872 17.9
    endloop
  endfacet
  facet normal 0 0 1
    outer loop
      vertex 45.3153 35.55 17.9
      vertex 45.3153 32.45 17.9
      vertex 45.5406 32.1128 17.9
    endloop
  endfacet
  facet normal -0 0 1
    outer loop
      vertex 45.136 35.1863 17.9
      vertex 45.3153 32.45 17.9
      vertex 45.3153 35.55 17.9
    endloop
  endfacet
  facet normal 0 0 1
    outer loop
      vertex 45.136 35.1863 17.9
      vertex 45.136 32.8137 17.9
      vertex 45.3153 32.45 17.9
    endloop
  endfacet
  facet normal -0 0 1
    outer loop
      vertex 45.0056 34.8023 17.9
      vertex 45.136 32.8137 17.9
      vertex 45.136 35.1863 17.9
    endloop
  endfacet
  facet normal 0 0 1
    outer loop
      vertex 45.0056 34.8023 17.9
      vertex 45.0056 33.1977 17.9
      vertex 45.136 32.8137 17.9
    endloop
  endfacet
  facet normal -0 0 1
    outer loop
      vertex 44.9265 34.4046 17.9
      vertex 45.0056 33.1977 17.9
      vertex 45.0056 34.8023 17.9
    endloop
  endfacet
  facet normal 0 0 1
    outer loop
      vertex 44.9265 34.4046 17.9
      vertex 44.9265 33.5954 17.9
      vertex 45.0056 33.1977 17.9
    endloop
  endfacet
  facet normal 0 -0 1
    outer loop
      vertex 44.9265 33.5954 17.9
      vertex 44.9265 34.4046 17.9
      vertex 44.9 34 17.9
    endloop
  endfacet
  facet normal 0.896928 -0.442176 -2.63555e-18
    outer loop
      vertex 45.136 35.1863 24
      vertex 45.3153 35.55 17.9
      vertex 45.3153 35.55 24
    endloop
  endfacet
  facet normal 0.896928 -0.442176 -2.63555e-18
    outer loop
      vertex 45.3153 35.55 17.9
      vertex 45.136 35.1863 24
      vertex 45.136 35.1863 17.9
    endloop
  endfacet
  facet normal 0.831481 -0.555553 2.63034e-18
    outer loop
      vertex 45.3153 35.55 24
      vertex 45.5406 35.8872 17.9
      vertex 45.5406 35.8872 24
    endloop
  endfacet
  facet normal 0.831481 -0.555553 2.63034e-18
    outer loop
      vertex 45.5406 35.8872 17.9
      vertex 45.3153 35.55 24
      vertex 45.3153 35.55 17.9
    endloop
  endfacet
  facet normal 0.555553 0.831481 -0
    outer loop
      vertex 46.45 31.3153 17.9
      vertex 46.1128 31.5406 24
      vertex 46.45 31.3153 24
    endloop
  endfacet
  facet normal 0.555553 0.831481 0
    outer loop
      vertex 46.1128 31.5406 24
      vertex 46.45 31.3153 17.9
      vertex 46.1128 31.5406 17.9
    endloop
  endfacet
  facet normal -0.896885 0.442263 5.35182e-19
    outer loop
      vertex -84.5433 56.2961 0
      vertex -84.1962 57 6
      vertex -84.1962 57 0
    endloop
  endfacet
  facet normal -0.896885 0.442263 5.35182e-19
    outer loop
      vertex -84.1962 57 6
      vertex -84.5433 56.2961 0
      vertex -84.5433 56.2961 6
    endloop
  endfacet
  facet normal -0.831442 -0.555611 2.5854e-18
    outer loop
      vertex -83.7601 -57.6526 0
      vertex -84.1962 -57 6
      vertex -84.1962 -57 0
    endloop
  endfacet
  facet normal -0.831442 -0.555611 2.5854e-18
    outer loop
      vertex -84.1962 -57 6
      vertex -83.7601 -57.6526 0
      vertex -83.7601 -57.6526 6
    endloop
  endfacet
  facet normal -1 0 0
    outer loop
      vertex -85 -54 0
      vertex -85 54 6
      vertex -85 54 0
    endloop
  endfacet
  facet normal -1 -0 0
    outer loop
      vertex -85 54 6
      vertex -85 -54 0
      vertex -85 -54 6
    endloop
  endfacet
  facet normal -0.896885 -0.442263 -5.35182e-19
    outer loop
      vertex -84.1962 -57 0
      vertex -84.5433 -56.2961 6
      vertex -84.5433 -56.2961 0
    endloop
  endfacet
  facet normal -0.896885 -0.442263 -5.35182e-19
    outer loop
      vertex -84.5433 -56.2961 6
      vertex -84.1962 -57 0
      vertex -84.1962 -57 6
    endloop
  endfacet
  facet normal 0.0653688 0.997861 -0
    outer loop
      vertex 79.7831 59.9487 0
      vertex 79 60 6
      vertex 79.7831 59.9487 6
    endloop
  endfacet
  facet normal 0.0653688 0.997861 0
    outer loop
      vertex 79 60 6
      vertex 79.7831 59.9487 0
      vertex 79 60 0
    endloop
  endfacet
  facet normal 1 -0 0
    outer loop
      vertex 85 -54 6
      vertex 85 54 0
      vertex 85 54 6
    endloop
  endfacet
  facet normal 1 0 0
    outer loop
      vertex 85 54 0
      vertex 85 -54 6
      vertex 85 -54 0
    endloop
  endfacet
  facet normal -0.946962 -0.321345 3.29125e-19
    outer loop
      vertex -84.5433 -56.2961 0
      vertex -84.7955 -55.5529 6
      vertex -84.7955 -55.5529 0
    endloop
  endfacet
  facet normal -0.946962 -0.321345 3.29125e-19
    outer loop
      vertex -84.7955 -55.5529 6
      vertex -84.5433 -56.2961 0
      vertex -84.5433 -56.2961 6
    endloop
  endfacet
  facet normal 0.980766 0.195185 -6.24892e-19
    outer loop
      vertex 84.9487 54.7831 6
      vertex 84.7955 55.5529 0
      vertex 84.7955 55.5529 6
    endloop
  endfacet
  facet normal 0.980766 0.195185 -6.24892e-19
    outer loop
      vertex 84.7955 55.5529 0
      vertex 84.9487 54.7831 6
      vertex 84.9487 54.7831 0
    endloop
  endfacet
  facet normal -0.555611 0.831442 0
    outer loop
      vertex -82 59.1962 0
      vertex -82.6526 58.7601 6
      vertex -82 59.1962 6
    endloop
  endfacet
  facet normal -0.555611 0.831442 0
    outer loop
      vertex -82.6526 58.7601 6
      vertex -82 59.1962 0
      vertex -82.6526 58.7601 0
    endloop
  endfacet
  facet normal -0.831442 0.555611 -2.5854e-18
    outer loop
      vertex -84.1962 57 0
      vertex -83.7601 57.6526 6
      vertex -83.7601 57.6526 0
    endloop
  endfacet
  facet normal -0.831442 0.555611 -2.5854e-18
    outer loop
      vertex -83.7601 57.6526 6
      vertex -84.1962 57 0
      vertex -84.1962 57 6
    endloop
  endfacet
  facet normal -0.751787 0.659406 5.13051e-18
    outer loop
      vertex -83.7601 57.6526 0
      vertex -83.2426 58.2426 6
      vertex -83.2426 58.2426 0
    endloop
  endfacet
  facet normal -0.751787 0.659406 5.13051e-18
    outer loop
      vertex -83.2426 58.2426 6
      vertex -83.7601 57.6526 0
      vertex -83.7601 57.6526 6
    endloop
  endfacet
  facet normal 0.555611 0.831442 -0
    outer loop
      vertex 82.6526 58.7601 0
      vertex 82 59.1962 6
      vertex 82.6526 58.7601 6
    endloop
  endfacet
  facet normal 0.555611 0.831442 0
    outer loop
      vertex 82 59.1962 6
      vertex 82.6526 58.7601 0
      vertex 82 59.1962 0
    endloop
  endfacet
  facet normal 0.946962 -0.321345 -3.29125e-19
    outer loop
      vertex 84.5433 -56.2961 6
      vertex 84.7955 -55.5529 0
      vertex 84.7955 -55.5529 6
    endloop
  endfacet
  facet normal 0.946962 -0.321345 -3.29125e-19
    outer loop
      vertex 84.7955 -55.5529 0
      vertex 84.5433 -56.2961 6
      vertex 84.5433 -56.2961 0
    endloop
  endfacet
  facet normal 0 -1 0
    outer loop
      vertex -79 -60 0
      vertex 79 -60 6
      vertex -79 -60 6
    endloop
  endfacet
  facet normal 0 -1 -0
    outer loop
      vertex 79 -60 6
      vertex -79 -60 0
      vertex 79 -60 0
    endloop
  endfacet
  facet normal -0.980766 0.195185 6.24892e-19
    outer loop
      vertex -84.9487 54.7831 0
      vertex -84.7955 55.5529 6
      vertex -84.7955 55.5529 0
    endloop
  endfacet
  facet normal -0.980766 0.195185 6.24892e-19
    outer loop
      vertex -84.7955 55.5529 6
      vertex -84.9487 54.7831 0
      vertex -84.9487 54.7831 6
    endloop
  endfacet
  facet normal -0.997861 -0.0653688 3.83047e-19
    outer loop
      vertex -84.9487 -54.7831 0
      vertex -85 -54 6
      vertex -85 -54 0
    endloop
  endfacet
  facet normal -0.997861 -0.0653688 3.83047e-19
    outer loop
      vertex -85 -54 6
      vertex -84.9487 -54.7831 0
      vertex -84.9487 -54.7831 6
    endloop
  endfacet
  facet normal 0.751787 -0.659406 5.13051e-18
    outer loop
      vertex 83.2426 -58.2426 6
      vertex 83.7601 -57.6526 0
      vertex 83.7601 -57.6526 6
    endloop
  endfacet
  facet normal 0.751787 -0.659406 5.13051e-18
    outer loop
      vertex 83.7601 -57.6526 0
      vertex 83.2426 -58.2426 6
      vertex 83.2426 -58.2426 0
    endloop
  endfacet
  facet normal 0.195185 0.980766 -0
    outer loop
      vertex 80.5529 59.7955 0
      vertex 79.7831 59.9487 6
      vertex 80.5529 59.7955 6
    endloop
  endfacet
  facet normal 0.195185 0.980766 0
    outer loop
      vertex 79.7831 59.9487 6
      vertex 80.5529 59.7955 0
      vertex 79.7831 59.9487 0
    endloop
  endfacet
  facet normal -0.195185 -0.980766 0
    outer loop
      vertex -80.5529 -59.7955 0
      vertex -79.7831 -59.9487 6
      vertex -80.5529 -59.7955 6
    endloop
  endfacet
  facet normal -0.195185 -0.980766 -0
    outer loop
      vertex -79.7831 -59.9487 6
      vertex -80.5529 -59.7955 0
      vertex -79.7831 -59.9487 0
    endloop
  endfacet
  facet normal 0 1 -0
    outer loop
      vertex 79 60 0
      vertex -79 60 6
      vertex 79 60 6
    endloop
  endfacet
  facet normal 0 1 0
    outer loop
      vertex -79 60 6
      vertex 79 60 0
      vertex -79 60 0
    endloop
  endfacet
  facet normal -0.442263 0.896885 0
    outer loop
      vertex -81.2961 59.5433 0
      vertex -82 59.1962 6
      vertex -81.2961 59.5433 6
    endloop
  endfacet
  facet normal -0.442263 0.896885 0
    outer loop
      vertex -82 59.1962 6
      vertex -81.2961 59.5433 0
      vertex -82 59.1962 0
    endloop
  endfacet
  facet normal -0.980766 -0.195185 -6.24892e-19
    outer loop
      vertex -84.7955 -55.5529 0
      vertex -84.9487 -54.7831 6
      vertex -84.9487 -54.7831 0
    endloop
  endfacet
  facet normal -0.980766 -0.195185 -6.24892e-19
    outer loop
      vertex -84.9487 -54.7831 6
      vertex -84.7955 -55.5529 0
      vertex -84.7955 -55.5529 6
    endloop
  endfacet
  facet normal -0.321345 0.946962 0
    outer loop
      vertex -80.5529 59.7955 0
      vertex -81.2961 59.5433 6
      vertex -80.5529 59.7955 6
    endloop
  endfacet
  facet normal -0.321345 0.946962 0
    outer loop
      vertex -81.2961 59.5433 6
      vertex -80.5529 59.7955 0
      vertex -81.2961 59.5433 0
    endloop
  endfacet
  facet normal 0.751787 0.659406 -5.13051e-18
    outer loop
      vertex 83.7601 57.6526 6
      vertex 83.2426 58.2426 0
      vertex 83.2426 58.2426 6
    endloop
  endfacet
  facet normal 0.751787 0.659406 -5.13051e-18
    outer loop
      vertex 83.2426 58.2426 0
      vertex 83.7601 57.6526 6
      vertex 83.7601 57.6526 0
    endloop
  endfacet
  facet normal 0.980766 -0.195185 6.24892e-19
    outer loop
      vertex 84.7955 -55.5529 6
      vertex 84.9487 -54.7831 0
      vertex 84.9487 -54.7831 6
    endloop
  endfacet
  facet normal 0.980766 -0.195185 6.24892e-19
    outer loop
      vertex 84.9487 -54.7831 0
      vertex 84.7955 -55.5529 6
      vertex 84.7955 -55.5529 0
    endloop
  endfacet
  facet normal 0.831442 -0.555611 -2.5854e-18
    outer loop
      vertex 83.7601 -57.6526 6
      vertex 84.1962 -57 0
      vertex 84.1962 -57 6
    endloop
  endfacet
  facet normal 0.831442 -0.555611 -2.5854e-18
    outer loop
      vertex 84.1962 -57 0
      vertex 83.7601 -57.6526 6
      vertex 83.7601 -57.6526 0
    endloop
  endfacet
  facet normal -0.659406 -0.751787 0
    outer loop
      vertex -83.2426 -58.2426 0
      vertex -82.6526 -58.7601 6
      vertex -83.2426 -58.2426 6
    endloop
  endfacet
  facet normal -0.659406 -0.751787 -0
    outer loop
      vertex -82.6526 -58.7601 6
      vertex -83.2426 -58.2426 0
      vertex -82.6526 -58.7601 0
    endloop
  endfacet
  facet normal 0.659406 0.751787 -0
    outer loop
      vertex 83.2426 58.2426 0
      vertex 82.6526 58.7601 6
      vertex 83.2426 58.2426 6
    endloop
  endfacet
  facet normal 0.659406 0.751787 0
    outer loop
      vertex 82.6526 58.7601 6
      vertex 83.2426 58.2426 0
      vertex 82.6526 58.7601 0
    endloop
  endfacet
  facet normal 0.442263 -0.896885 0
    outer loop
      vertex 81.2961 -59.5433 0
      vertex 82 -59.1962 6
      vertex 81.2961 -59.5433 6
    endloop
  endfacet
  facet normal 0.442263 -0.896885 0
    outer loop
      vertex 82 -59.1962 6
      vertex 81.2961 -59.5433 0
      vertex 82 -59.1962 0
    endloop
  endfacet
  facet normal 0.831442 0.555611 2.5854e-18
    outer loop
      vertex 84.1962 57 6
      vertex 83.7601 57.6526 0
      vertex 83.7601 57.6526 6
    endloop
  endfacet
  facet normal 0.831442 0.555611 2.5854e-18
    outer loop
      vertex 83.7601 57.6526 0
      vertex 84.1962 57 6
      vertex 84.1962 57 0
    endloop
  endfacet
  facet normal -0.659406 0.751787 0
    outer loop
      vertex -82.6526 58.7601 0
      vertex -83.2426 58.2426 6
      vertex -82.6526 58.7601 6
    endloop
  endfacet
  facet normal -0.659406 0.751787 0
    outer loop
      vertex -83.2426 58.2426 6
      vertex -82.6526 58.7601 0
      vertex -83.2426 58.2426 0
    endloop
  endfacet
  facet normal 0.896885 0.442263 -5.35182e-19
    outer loop
      vertex 84.5433 56.2961 6
      vertex 84.1962 57 0
      vertex 84.1962 57 6
    endloop
  endfacet
  facet normal 0.896885 0.442263 -5.35182e-19
    outer loop
      vertex 84.1962 57 0
      vertex 84.5433 56.2961 6
      vertex 84.5433 56.2961 0
    endloop
  endfacet
  facet normal -0.321345 -0.946962 0
    outer loop
      vertex -81.2961 -59.5433 0
      vertex -80.5529 -59.7955 6
      vertex -81.2961 -59.5433 6
    endloop
  endfacet
  facet normal -0.321345 -0.946962 -0
    outer loop
      vertex -80.5529 -59.7955 6
      vertex -81.2961 -59.5433 0
      vertex -80.5529 -59.7955 0
    endloop
  endfacet
  facet normal 0.321345 -0.946962 0
    outer loop
      vertex 80.5529 -59.7955 0
      vertex 81.2961 -59.5433 6
      vertex 80.5529 -59.7955 6
    endloop
  endfacet
  facet normal 0.321345 -0.946962 0
    outer loop
      vertex 81.2961 -59.5433 6
      vertex 80.5529 -59.7955 0
      vertex 81.2961 -59.5433 0
    endloop
  endfacet
  facet normal -0.442263 -0.896885 0
    outer loop
      vertex -82 -59.1962 0
      vertex -81.2961 -59.5433 6
      vertex -82 -59.1962 6
    endloop
  endfacet
  facet normal -0.442263 -0.896885 -0
    outer loop
      vertex -81.2961 -59.5433 6
      vertex -82 -59.1962 0
      vertex -81.2961 -59.5433 0
    endloop
  endfacet
  facet normal 0.321345 0.946962 -0
    outer loop
      vertex 81.2961 59.5433 0
      vertex 80.5529 59.7955 6
      vertex 81.2961 59.5433 6
    endloop
  endfacet
  facet normal 0.321345 0.946962 0
    outer loop
      vertex 80.5529 59.7955 6
      vertex 81.2961 59.5433 0
      vertex 80.5529 59.7955 0
    endloop
  endfacet
  facet normal 0.442263 0.896885 -0
    outer loop
      vertex 82 59.1962 0
      vertex 81.2961 59.5433 6
      vertex 82 59.1962 6
    endloop
  endfacet
  facet normal 0.442263 0.896885 0
    outer loop
      vertex 81.2961 59.5433 6
      vertex 82 59.1962 0
      vertex 81.2961 59.5433 0
    endloop
  endfacet
  facet normal 0.946962 0.321345 3.29125e-19
    outer loop
      vertex 84.7955 55.5529 6
      vertex 84.5433 56.2961 0
      vertex 84.5433 56.2961 6
    endloop
  endfacet
  facet normal 0.946962 0.321345 3.29125e-19
    outer loop
      vertex 84.5433 56.2961 0
      vertex 84.7955 55.5529 6
      vertex 84.7955 55.5529 0
    endloop
  endfacet
  facet normal -0.997861 0.0653688 -3.83047e-19
    outer loop
      vertex -85 54 0
      vertex -84.9487 54.7831 6
      vertex -84.9487 54.7831 0
    endloop
  endfacet
  facet normal -0.997861 0.0653688 -3.83047e-19
    outer loop
      vertex -84.9487 54.7831 6
      vertex -85 54 0
      vertex -85 54 6
    endloop
  endfacet
  facet normal 0.659406 -0.751787 0
    outer loop
      vertex 82.6526 -58.7601 0
      vertex 83.2426 -58.2426 6
      vertex 82.6526 -58.7601 6
    endloop
  endfacet
  facet normal 0.659406 -0.751787 0
    outer loop
      vertex 83.2426 -58.2426 6
      vertex 82.6526 -58.7601 0
      vertex 83.2426 -58.2426 0
    endloop
  endfacet
  facet normal -0.946962 0.321345 -3.29125e-19
    outer loop
      vertex -84.7955 55.5529 0
      vertex -84.5433 56.2961 6
      vertex -84.5433 56.2961 0
    endloop
  endfacet
  facet normal -0.946962 0.321345 -3.29125e-19
    outer loop
      vertex -84.5433 56.2961 6
      vertex -84.7955 55.5529 0
      vertex -84.7955 55.5529 6
    endloop
  endfacet
  facet normal 0.997861 0.0653688 3.83047e-19
    outer loop
      vertex 85 54 6
      vertex 84.9487 54.7831 0
      vertex 84.9487 54.7831 6
    endloop
  endfacet
  facet normal 0.997861 0.0653688 3.83047e-19
    outer loop
      vertex 84.9487 54.7831 0
      vertex 85 54 6
      vertex 85 54 0
    endloop
  endfacet
  facet normal 0.555611 -0.831442 0
    outer loop
      vertex 82 -59.1962 0
      vertex 82.6526 -58.7601 6
      vertex 82 -59.1962 6
    endloop
  endfacet
  facet normal 0.555611 -0.831442 0
    outer loop
      vertex 82.6526 -58.7601 6
      vertex 82 -59.1962 0
      vertex 82.6526 -58.7601 0
    endloop
  endfacet
  facet normal -0.555611 -0.831442 0
    outer loop
      vertex -82.6526 -58.7601 0
      vertex -82 -59.1962 6
      vertex -82.6526 -58.7601 6
    endloop
  endfacet
  facet normal -0.555611 -0.831442 -0
    outer loop
      vertex -82 -59.1962 6
      vertex -82.6526 -58.7601 0
      vertex -82 -59.1962 0
    endloop
  endfacet
  facet normal 0.896885 -0.442263 5.35182e-19
    outer loop
      vertex 84.1962 -57 6
      vertex 84.5433 -56.2961 0
      vertex 84.5433 -56.2961 6
    endloop
  endfacet
  facet normal 0.896885 -0.442263 5.35182e-19
    outer loop
      vertex 84.5433 -56.2961 0
      vertex 84.1962 -57 6
      vertex 84.1962 -57 0
    endloop
  endfacet
  facet normal -0.195185 0.980766 0
    outer loop
      vertex -79.7831 59.9487 0
      vertex -80.5529 59.7955 6
      vertex -79.7831 59.9487 6
    endloop
  endfacet
  facet normal -0.195185 0.980766 0
    outer loop
      vertex -80.5529 59.7955 6
      vertex -79.7831 59.9487 0
      vertex -80.5529 59.7955 0
    endloop
  endfacet
  facet normal -0 0 1
    outer loop
      vertex -73.95 48.1813 6
      vertex -52.9572 34.6526 6
      vertex -73.7216 48.334 6
    endloop
  endfacet
  facet normal 0 0 1
    outer loop
      vertex -55 -3 6
      vertex -72.918 -49.7259 6
      vertex -72.9 -50 6
    endloop
  endfacet
  facet normal 0 0 1
    outer loop
      vertex -52.9572 34.6526 6
      vertex -73.95 48.1813 6
      vertex -53 34 6
    endloop
  endfacet
  facet normal 0 0 1
    outer loop
      vertex -55 -3 6
      vertex -72.9716 -49.4565 6
      vertex -72.918 -49.7259 6
    endloop
  endfacet
  facet normal -0 0 1
    outer loop
      vertex -74.1964 48.0599 6
      vertex -53 34 6
      vertex -73.95 48.1813 6
    endloop
  endfacet
  facet normal 0 0 1
    outer loop
      vertex -55 -3 6
      vertex -73.0599 -49.1964 6
      vertex -72.9716 -49.4565 6
    endloop
  endfacet
  facet normal 0 0 1
    outer loop
      vertex -53 34 6
      vertex -74.1964 48.0599 6
      vertex -52.9572 33.3474 6
    endloop
  endfacet
  facet normal 0 0 1
    outer loop
      vertex -55 -3 6
      vertex -73.1813 -48.95 6
      vertex -73.0599 -49.1964 6
    endloop
  endfacet
  facet normal -0 0 1
    outer loop
      vertex -74.4565 47.9716 6
      vertex -52.9572 33.3474 6
      vertex -74.1964 48.0599 6
    endloop
  endfacet
  facet normal 0 0 1
    outer loop
      vertex -55 -3 6
      vertex -73.334 -48.7216 6
      vertex -73.1813 -48.95 6
    endloop
  endfacet
  facet normal -0 0 1
    outer loop
      vertex -74.7259 47.918 6
      vertex -52.9572 33.3474 6
      vertex -74.4565 47.9716 6
    endloop
  endfacet
  facet normal 0 0 1
    outer loop
      vertex -55 -3 6
      vertex -73.5151 -48.5151 6
      vertex -73.334 -48.7216 6
    endloop
  endfacet
  facet normal 0 0 1
    outer loop
      vertex -52.9572 33.3474 6
      vertex -74.7259 47.918 6
      vertex -52.8296 32.7059 6
    endloop
  endfacet
  facet normal 0 0 1
    outer loop
      vertex -55 -3 6
      vertex -73.7216 -48.334 6
      vertex -73.5151 -48.5151 6
    endloop
  endfacet
  facet normal -0 0 1
    outer loop
      vertex -75 47.9 6
      vertex -52.8296 32.7059 6
      vertex -74.7259 47.918 6
    endloop
  endfacet
  facet normal 0 0 1
    outer loop
      vertex -55 -3 6
      vertex -73.95 -48.1813 6
      vertex -73.7216 -48.334 6
    endloop
  endfacet
  facet normal 0 0 1
    outer loop
      vertex -52.8296 32.7059 6
      vertex -75 47.9 6
      vertex -52.6194 32.0866 6
    endloop
  endfacet
  facet normal 0 0 1
    outer loop
      vertex -55 -3 6
      vertex -74.1964 -48.0599 6
      vertex -73.95 -48.1813 6
    endloop
  endfacet
  facet normal 0 0 1
    outer loop
      vertex -75.2741 47.918 6
      vertex -52.6194 32.0866 6
      vertex -75 47.9 6
    endloop
  endfacet
  facet normal 0 0 1
    outer loop
      vertex -55 -3 6
      vertex -74.4565 -47.9716 6
      vertex -74.1964 -48.0599 6
    endloop
  endfacet
  facet normal 0 0 1
    outer loop
      vertex -52.6194 32.0866 6
      vertex -75.2741 47.918 6
      vertex -55 3 6
    endloop
  endfacet
  facet normal 0 0 1
    outer loop
      vertex -55 -3 6
      vertex -74.7259 -47.918 6
      vertex -74.4565 -47.9716 6
    endloop
  endfacet
  facet normal 0 0 1
    outer loop
      vertex -75.5435 47.9716 6
      vertex -55 3 6
      vertex -75.2741 47.918 6
    endloop
  endfacet
  facet normal 0 0 1
    outer loop
      vertex -55 -3 6
      vertex -75 -47.9 6
      vertex -74.7259 -47.918 6
    endloop
  endfacet
  facet normal 0 0 1
    outer loop
      vertex -75.8036 48.0599 6
      vertex -55 3 6
      vertex -75.5435 47.9716 6
    endloop
  endfacet
  facet normal 0 0 1
    outer loop
      vertex -55 -3 6
      vertex -75.2741 -47.918 6
      vertex -75 -47.9 6
    endloop
  endfacet
  facet normal 0 0 1
    outer loop
      vertex -76.05 48.1813 6
      vertex -55 3 6
      vertex -75.8036 48.0599 6
    endloop
  endfacet
  facet normal 0 0 1
    outer loop
      vertex -55 -3 6
      vertex -75.5435 -47.9716 6
      vertex -75.2741 -47.918 6
    endloop
  endfacet
  facet normal 0 0 1
    outer loop
      vertex -76.2784 48.334 6
      vertex -55 3 6
      vertex -76.05 48.1813 6
    endloop
  endfacet
  facet normal 0 0 1
    outer loop
      vertex -55 -3 6
      vertex -75.8036 -48.0599 6
      vertex -75.5435 -47.9716 6
    endloop
  endfacet
  facet normal 0 0 1
    outer loop
      vertex -85 54 6
      vertex -55 3 6
      vertex -76.2784 48.334 6
    endloop
  endfacet
  facet normal 0 0 1
    outer loop
      vertex -55 -3 6
      vertex -76.05 -48.1813 6
      vertex -75.8036 -48.0599 6
    endloop
  endfacet
  facet normal 0 0 1
    outer loop
      vertex -55 3 6
      vertex -85 54 6
      vertex -55 -3 6
    endloop
  endfacet
  facet normal 0 0 1
    outer loop
      vertex -55 -3 6
      vertex -76.2784 -48.334 6
      vertex -76.05 -48.1813 6
    endloop
  endfacet
  facet normal 0 0 1
    outer loop
      vertex -85 54 6
      vertex -76.2784 48.334 6
      vertex -76.4849 48.5151 6
    endloop
  endfacet
  facet normal 0 0 1
    outer loop
      vertex -85 -54 6
      vertex -55 -3 6
      vertex -85 54 6
    endloop
  endfacet
  facet normal 0 0 1
    outer loop
      vertex -85 54 6
      vertex -76.4849 48.5151 6
      vertex -76.666 48.7216 6
    endloop
  endfacet
  facet normal 0 0 1
    outer loop
      vertex -55 -3 6
      vertex -85 -54 6
      vertex -76.2784 -48.334 6
    endloop
  endfacet
  facet normal 0 0 1
    outer loop
      vertex -85 54 6
      vertex -76.666 48.7216 6
      vertex -76.8186 48.95 6
    endloop
  endfacet
  facet normal 0 0 1
    outer loop
      vertex -76.2784 -48.334 6
      vertex -85 -54 6
      vertex -76.4849 -48.5151 6
    endloop
  endfacet
  facet normal 0 0 1
    outer loop
      vertex -85 54 6
      vertex -76.8186 48.95 6
      vertex -76.9401 49.1964 6
    endloop
  endfacet
  facet normal 0 0 1
    outer loop
      vertex -76.4849 -48.5151 6
      vertex -85 -54 6
      vertex -76.666 -48.7216 6
    endloop
  endfacet
  facet normal 0 0 1
    outer loop
      vertex -85 54 6
      vertex -76.9401 49.1964 6
      vertex -77.0284 49.4565 6
    endloop
  endfacet
  facet normal 0 0 1
    outer loop
      vertex -76.666 -48.7216 6
      vertex -85 -54 6
      vertex -76.8186 -48.95 6
    endloop
  endfacet
  facet normal 0 0 1
    outer loop
      vertex -85 54 6
      vertex -77.0284 49.4565 6
      vertex -77.082 49.7259 6
    endloop
  endfacet
  facet normal 0 0 1
    outer loop
      vertex -76.8186 -48.95 6
      vertex -85 -54 6
      vertex -76.9401 -49.1964 6
    endloop
  endfacet
  facet normal 0 0 1
    outer loop
      vertex -85 54 6
      vertex -77.082 49.7259 6
      vertex -77.1 50 6
    endloop
  endfacet
  facet normal 0 0 1
    outer loop
      vertex -76.9401 -49.1964 6
      vertex -85 -54 6
      vertex -77.0284 -49.4565 6
    endloop
  endfacet
  facet normal 0 0 1
    outer loop
      vertex -48.1307 -28.7767 6
      vertex -48 -29 6
      vertex -47.7744 -29.0148 6
    endloop
  endfacet
  facet normal 0 0 1
    outer loop
      vertex -48.6526 -29.0428 6
      vertex -48.1307 -28.7767 6
      vertex -48.4749 -28.4749 6
    endloop
  endfacet
  facet normal 0 0 1
    outer loop
      vertex -48.1307 -28.7767 6
      vertex -48.6526 -29.0428 6
      vertex -48 -29 6
    endloop
  endfacet
  facet normal 0 0 1
    outer loop
      vertex -48.7767 -28.1307 6
      vertex -48.6526 -29.0428 6
      vertex -48.4749 -28.4749 6
    endloop
  endfacet
  facet normal 0 0 1
    outer loop
      vertex -49.2941 -29.1704 6
      vertex -48.7767 -28.1307 6
      vertex -49.0311 -27.75 6
    endloop
  endfacet
  facet normal 0 0 1
    outer loop
      vertex -49.9134 -29.3806 6
      vertex -49.0311 -27.75 6
      vertex -49.2336 -27.3394 6
    endloop
  endfacet
  facet normal 0 0 1
    outer loop
      vertex -48.7767 -28.1307 6
      vertex -49.2941 -29.1704 6
      vertex -48.6526 -29.0428 6
    endloop
  endfacet
  facet normal 0 0 1
    outer loop
      vertex -50.5 -29.6699 6
      vertex -49.2336 -27.3394 6
      vertex -49.3807 -26.9059 6
    endloop
  endfacet
  facet normal 0 0 1
    outer loop
      vertex -50.5 -29.6699 6
      vertex -49.3807 -26.9059 6
      vertex -49.4701 -26.4568 6
    endloop
  endfacet
  facet normal 0 0 1
    outer loop
      vertex -51.0438 -30.0332 6
      vertex -49.4701 -26.4568 6
      vertex -49.5 -26 6
    endloop
  endfacet
  facet normal 0 0 1
    outer loop
      vertex -49.0311 -27.75 6
      vertex -49.9134 -29.3806 6
      vertex -49.2941 -29.1704 6
    endloop
  endfacet
  facet normal -0 0 1
    outer loop
      vertex -48 29 6
      vertex -48.1307 28.7767 6
      vertex -47.7744 29.0148 6
    endloop
  endfacet
  facet normal 0 0 1
    outer loop
      vertex -48.6526 29.0428 6
      vertex -48.1307 28.7767 6
      vertex -48 29 6
    endloop
  endfacet
  facet normal 0 0 1
    outer loop
      vertex -48.1307 28.7767 6
      vertex -48.6526 29.0428 6
      vertex -48.4749 28.4749 6
    endloop
  endfacet
  facet normal 0 0 1
    outer loop
      vertex -48.6526 29.0428 6
      vertex -48.7767 28.1307 6
      vertex -48.4749 28.4749 6
    endloop
  endfacet
  facet normal 0 0 1
    outer loop
      vertex -49.2941 29.1704 6
      vertex -48.7767 28.1307 6
      vertex -48.6526 29.0428 6
    endloop
  endfacet
  facet normal 0 0 1
    outer loop
      vertex -48.7767 28.1307 6
      vertex -49.2941 29.1704 6
      vertex -49.0311 27.75 6
    endloop
  endfacet
  facet normal 0 0 1
    outer loop
      vertex -49.9134 29.3806 6
      vertex -49.0311 27.75 6
      vertex -49.2941 29.1704 6
    endloop
  endfacet
  facet normal 0 0 1
    outer loop
      vertex -49.0311 27.75 6
      vertex -49.9134 29.3806 6
      vertex -49.2336 27.3394 6
    endloop
  endfacet
  facet normal 0 0 1
    outer loop
      vertex -50.5 29.6699 6
      vertex -49.2336 27.3394 6
      vertex -49.9134 29.3806 6
    endloop
  endfacet
  facet normal 0 0 1
    outer loop
      vertex -49.2336 27.3394 6
      vertex -50.5 29.6699 6
      vertex -49.3807 26.9059 6
    endloop
  endfacet
  facet normal 0 0 1
    outer loop
      vertex -49.3807 26.9059 6
      vertex -50.5 29.6699 6
      vertex -49.4701 26.4568 6
    endloop
  endfacet
  facet normal -0 0 1
    outer loop
      vertex -55 -3 6
      vertex -48 -11 6
      vertex -48 -3 6
    endloop
  endfacet
  facet normal 0 -0 1
    outer loop
      vertex -49.0311 -24.25 6
      vertex -48 -11 6
      vertex -55 -3 6
    endloop
  endfacet
  facet normal 0 0 1
    outer loop
      vertex -48 -11 6
      vertex -48.4749 -23.5251 6
      vertex -48.1307 -23.2233 6
    endloop
  endfacet
  facet normal 0 0 1
    outer loop
      vertex -48 -11 6
      vertex -48.7767 -23.8693 6
      vertex -48.4749 -23.5251 6
    endloop
  endfacet
  facet normal 0 0 1
    outer loop
      vertex -48 -11 6
      vertex -49.0311 -24.25 6
      vertex -48.7767 -23.8693 6
    endloop
  endfacet
  facet normal 0 0 1
    outer loop
      vertex -49.0311 -24.25 6
      vertex -55 -3 6
      vertex -49.2336 -24.6606 6
    endloop
  endfacet
  facet normal 0 0 1
    outer loop
      vertex -49.2336 -24.6606 6
      vertex -55 -3 6
      vertex -49.3807 -25.0941 6
    endloop
  endfacet
  facet normal 0 -0 1
    outer loop
      vertex -52.3301 -31.5 6
      vertex -49.3807 -25.0941 6
      vertex -55 -3 6
    endloop
  endfacet
  facet normal 0 0 1
    outer loop
      vertex -49.3807 -25.0941 6
      vertex -51.9668 -30.9562 6
      vertex -49.4701 -25.5432 6
    endloop
  endfacet
  facet normal 0 -0 1
    outer loop
      vertex -51.5355 -30.4645 6
      vertex -49.4701 -25.5432 6
      vertex -51.9668 -30.9562 6
    endloop
  endfacet
  facet normal 0 0 1
    outer loop
      vertex -49.2336 -27.3394 6
      vertex -50.5 -29.6699 6
      vertex -49.9134 -29.3806 6
    endloop
  endfacet
  facet normal 0 0 1
    outer loop
      vertex -49.4701 -26.4568 6
      vertex -51.0438 -30.0332 6
      vertex -50.5 -29.6699 6
    endloop
  endfacet
  facet normal 0 0 1
    outer loop
      vertex -49.5 -26 6
      vertex -51.5355 -30.4645 6
      vertex -51.0438 -30.0332 6
    endloop
  endfacet
  facet normal 0 0 1
    outer loop
      vertex -49.4701 -25.5432 6
      vertex -51.5355 -30.4645 6
      vertex -49.5 -26 6
    endloop
  endfacet
  facet normal 0 0 1
    outer loop
      vertex -49.3807 -25.0941 6
      vertex -52.3301 -31.5 6
      vertex -51.9668 -30.9562 6
    endloop
  endfacet
  facet normal 0 0 1
    outer loop
      vertex -52.3301 -31.5 6
      vertex -55 -3 6
      vertex -52.6194 -32.0866 6
    endloop
  endfacet
  facet normal 0 0 1
    outer loop
      vertex -72.9 -50 6
      vertex -52.6194 -32.0866 6
      vertex -55 -3 6
    endloop
  endfacet
  facet normal 0 0 1
    outer loop
      vertex -52.8296 -32.7059 6
      vertex -72.9 -50 6
      vertex -52.9572 -33.3474 6
    endloop
  endfacet
  facet normal 0 0 1
    outer loop
      vertex -52.6194 -32.0866 6
      vertex -72.9 -50 6
      vertex -52.8296 -32.7059 6
    endloop
  endfacet
  facet normal 0 0 1
    outer loop
      vertex -29 -12 6
      vertex -43.0428 -33.3474 6
      vertex -43 -34 6
    endloop
  endfacet
  facet normal 0 0 1
    outer loop
      vertex -42.7664 -27.3394 6
      vertex -43.1704 -32.7059 6
      vertex -43.0428 -33.3474 6
    endloop
  endfacet
  facet normal 0 0 1
    outer loop
      vertex -43.3806 -32.0866 6
      vertex -42.9689 -27.75 6
      vertex -43.2233 -28.1307 6
    endloop
  endfacet
  facet normal 0 0 1
    outer loop
      vertex -42.9689 -27.75 6
      vertex -43.3806 -32.0866 6
      vertex -43.1704 -32.7059 6
    endloop
  endfacet
  facet normal 0 0 1
    outer loop
      vertex -43.6699 -31.5 6
      vertex -43.2233 -28.1307 6
      vertex -43.5251 -28.4749 6
    endloop
  endfacet
  facet normal 0 0 1
    outer loop
      vertex -43.2233 -28.1307 6
      vertex -43.6699 -31.5 6
      vertex -43.3806 -32.0866 6
    endloop
  endfacet
  facet normal 0 0 1
    outer loop
      vertex -44.0332 -30.9562 6
      vertex -43.5251 -28.4749 6
      vertex -43.8693 -28.7767 6
    endloop
  endfacet
  facet normal 0 0 1
    outer loop
      vertex -43.5251 -28.4749 6
      vertex -44.0332 -30.9562 6
      vertex -43.6699 -31.5 6
    endloop
  endfacet
  facet normal 0 0 1
    outer loop
      vertex -44.4645 -30.4645 6
      vertex -43.8693 -28.7767 6
      vertex -44.25 -29.0311 6
    endloop
  endfacet
  facet normal 0 0 1
    outer loop
      vertex -43.8693 -28.7767 6
      vertex -44.4645 -30.4645 6
      vertex -44.0332 -30.9562 6
    endloop
  endfacet
  facet normal -0 0 1
    outer loop
      vertex -44.6606 -29.2336 6
      vertex -44.4645 -30.4645 6
      vertex -44.25 -29.0311 6
    endloop
  endfacet
  facet normal 0 0 1
    outer loop
      vertex -44.6606 -29.2336 6
      vertex -44.9562 -30.0332 6
      vertex -44.4645 -30.4645 6
    endloop
  endfacet
  facet normal -0 0 1
    outer loop
      vertex -45.0941 -29.3807 6
      vertex -44.9562 -30.0332 6
      vertex -44.6606 -29.2336 6
    endloop
  endfacet
  facet normal 0 0 1
    outer loop
      vertex -45.0941 -29.3807 6
      vertex -45.5 -29.6699 6
      vertex -44.9562 -30.0332 6
    endloop
  endfacet
  facet normal -0 0 1
    outer loop
      vertex -45.5432 -29.4701 6
      vertex -45.5 -29.6699 6
      vertex -45.0941 -29.3807 6
    endloop
  endfacet
  facet normal 0 0 1
    outer loop
      vertex -45.5 -29.6699 6
      vertex -45.5432 -29.4701 6
      vertex -45.8627 -29.491 6
    endloop
  endfacet
  facet normal -0 0 1
    outer loop
      vertex -48 -11 6
      vertex -29 -12 6
      vertex -29 -11 6
    endloop
  endfacet
  facet normal 0 0 1
    outer loop
      vertex -29 -12 6
      vertex -42.5299 -25.5432 6
      vertex -42.5 -26 6
    endloop
  endfacet
  facet normal 0 0 1
    outer loop
      vertex -29 -12 6
      vertex -42.6193 -25.0941 6
      vertex -42.5299 -25.5432 6
    endloop
  endfacet
  facet normal 0 0 1
    outer loop
      vertex -29 -12 6
      vertex -42.7664 -24.6606 6
      vertex -42.6193 -25.0941 6
    endloop
  endfacet
  facet normal 0 0 1
    outer loop
      vertex -29 -12 6
      vertex -42.9689 -24.25 6
      vertex -42.7664 -24.6606 6
    endloop
  endfacet
  facet normal 0 0 1
    outer loop
      vertex -29 -12 6
      vertex -43.2233 -23.8693 6
      vertex -42.9689 -24.25 6
    endloop
  endfacet
  facet normal 0 0 1
    outer loop
      vertex -29 -12 6
      vertex -43.5251 -23.5251 6
      vertex -43.2233 -23.8693 6
    endloop
  endfacet
  facet normal 0 0 1
    outer loop
      vertex -29 -12 6
      vertex -43.8693 -23.2233 6
      vertex -43.5251 -23.5251 6
    endloop
  endfacet
  facet normal 0 0 1
    outer loop
      vertex -29 -12 6
      vertex -44.25 -22.9689 6
      vertex -43.8693 -23.2233 6
    endloop
  endfacet
  facet normal 0 0 1
    outer loop
      vertex -29 -12 6
      vertex -48 -11 6
      vertex -44.25 -22.9689 6
    endloop
  endfacet
  facet normal 0 0 1
    outer loop
      vertex -44.25 -22.9689 6
      vertex -48 -11 6
      vertex -44.6606 -22.7664 6
    endloop
  endfacet
  facet normal 0 0 1
    outer loop
      vertex -44.6606 -22.7664 6
      vertex -48 -11 6
      vertex -45.0941 -22.6193 6
    endloop
  endfacet
  facet normal 0 0 1
    outer loop
      vertex -45.0941 -22.6193 6
      vertex -48 -11 6
      vertex -45.5432 -22.5299 6
    endloop
  endfacet
  facet normal 0 0 1
    outer loop
      vertex -45.5432 -22.5299 6
      vertex -48 -11 6
      vertex -46 -22.5 6
    endloop
  endfacet
  facet normal 0 0 1
    outer loop
      vertex -46 -22.5 6
      vertex -48 -11 6
      vertex -46.4568 -22.5299 6
    endloop
  endfacet
  facet normal 0 0 1
    outer loop
      vertex -46.4568 -22.5299 6
      vertex -48 -11 6
      vertex -46.9059 -22.6193 6
    endloop
  endfacet
  facet normal 0 0 1
    outer loop
      vertex -46.9059 -22.6193 6
      vertex -48 -11 6
      vertex -47.3394 -22.7664 6
    endloop
  endfacet
  facet normal 0 0 1
    outer loop
      vertex -47.3394 -22.7664 6
      vertex -48 -11 6
      vertex -47.75 -22.9689 6
    endloop
  endfacet
  facet normal 0 0 1
    outer loop
      vertex -47.75 -22.9689 6
      vertex -48 -11 6
      vertex -48.1307 -23.2233 6
    endloop
  endfacet
  facet normal -0 0 1
    outer loop
      vertex -42.6193 25.0941 6
      vertex -29 12 6
      vertex -42.5299 25.5432 6
    endloop
  endfacet
  facet normal -0 0 1
    outer loop
      vertex -42.7664 24.6606 6
      vertex -29 12 6
      vertex -42.6193 25.0941 6
    endloop
  endfacet
  facet normal -0 0 1
    outer loop
      vertex -42.9689 24.25 6
      vertex -29 12 6
      vertex -42.7664 24.6606 6
    endloop
  endfacet
  facet normal -0 0 1
    outer loop
      vertex -43.2233 23.8693 6
      vertex -29 12 6
      vertex -42.9689 24.25 6
    endloop
  endfacet
  facet normal -0 0 1
    outer loop
      vertex -43.5251 23.5251 6
      vertex -29 12 6
      vertex -43.2233 23.8693 6
    endloop
  endfacet
  facet normal -0 0 1
    outer loop
      vertex -43.8693 23.2233 6
      vertex -29 12 6
      vertex -43.5251 23.5251 6
    endloop
  endfacet
  facet normal -0 0 1
    outer loop
      vertex -44.25 22.9689 6
      vertex -29 12 6
      vertex -43.8693 23.2233 6
    endloop
  endfacet
  facet normal 0 0 1
    outer loop
      vertex -48 11 6
      vertex -29 12 6
      vertex -44.25 22.9689 6
    endloop
  endfacet
  facet normal 0 0 1
    outer loop
      vertex -48 11 6
      vertex -44.25 22.9689 6
      vertex -44.6606 22.7664 6
    endloop
  endfacet
  facet normal 0 0 1
    outer loop
      vertex -48 11 6
      vertex -44.6606 22.7664 6
      vertex -45.0941 22.6193 6
    endloop
  endfacet
  facet normal 0 0 1
    outer loop
      vertex -48 11 6
      vertex -45.0941 22.6193 6
      vertex -45.5432 22.5299 6
    endloop
  endfacet
  facet normal 0 0 1
    outer loop
      vertex -48 11 6
      vertex -45.5432 22.5299 6
      vertex -46 22.5 6
    endloop
  endfacet
  facet normal 0 0 1
    outer loop
      vertex -48 11 6
      vertex -46 22.5 6
      vertex -46.4568 22.5299 6
    endloop
  endfacet
  facet normal 0 0 1
    outer loop
      vertex -48 11 6
      vertex -46.4568 22.5299 6
      vertex -46.9059 22.6193 6
    endloop
  endfacet
  facet normal 0 0 1
    outer loop
      vertex -48 11 6
      vertex -46.9059 22.6193 6
      vertex -47.3394 22.7664 6
    endloop
  endfacet
  facet normal 0 0 1
    outer loop
      vertex -48 11 6
      vertex -47.3394 22.7664 6
      vertex -47.75 22.9689 6
    endloop
  endfacet
  facet normal 0 0 1
    outer loop
      vertex -29 12 6
      vertex -48 11 6
      vertex -29 11 6
    endloop
  endfacet
  facet normal 0 0 1
    outer loop
      vertex -48.1307 23.2233 6
      vertex -48 11 6
      vertex -47.75 22.9689 6
    endloop
  endfacet
  facet normal 0 0 1
    outer loop
      vertex -48.4749 23.5251 6
      vertex -48 11 6
      vertex -48.1307 23.2233 6
    endloop
  endfacet
  facet normal 0 0 1
    outer loop
      vertex -48.7767 23.8693 6
      vertex -48 11 6
      vertex -48.4749 23.5251 6
    endloop
  endfacet
  facet normal 0 0 1
    outer loop
      vertex -49.0311 24.25 6
      vertex -48 11 6
      vertex -48.7767 23.8693 6
    endloop
  endfacet
  facet normal 0 0 1
    outer loop
      vertex -48 11 6
      vertex -49.0311 24.25 6
      vertex -55 3 6
    endloop
  endfacet
  facet normal 0 0 1
    outer loop
      vertex -55 3 6
      vertex -49.0311 24.25 6
      vertex -49.2336 24.6606 6
    endloop
  endfacet
  facet normal 0 0 1
    outer loop
      vertex -55 3 6
      vertex -49.2336 24.6606 6
      vertex -49.3807 25.0941 6
    endloop
  endfacet
  facet normal 0 0 1
    outer loop
      vertex -51.9668 30.9562 6
      vertex -49.3807 25.0941 6
      vertex -49.4701 25.5432 6
    endloop
  endfacet
  facet normal 0 0 1
    outer loop
      vertex -51.5355 30.4645 6
      vertex -49.4701 25.5432 6
      vertex -49.5 26 6
    endloop
  endfacet
  facet normal 0 0 1
    outer loop
      vertex -51.0438 30.0332 6
      vertex -49.4701 26.4568 6
      vertex -50.5 29.6699 6
    endloop
  endfacet
  facet normal 0 0 1
    outer loop
      vertex -49.4701 26.4568 6
      vertex -51.0438 30.0332 6
      vertex -49.5 26 6
    endloop
  endfacet
  facet normal 0 0 1
    outer loop
      vertex -51.5355 30.4645 6
      vertex -49.5 26 6
      vertex -51.0438 30.0332 6
    endloop
  endfacet
  facet normal 0 0 1
    outer loop
      vertex -49.4701 25.5432 6
      vertex -51.5355 30.4645 6
      vertex -51.9668 30.9562 6
    endloop
  endfacet
  facet normal 0 0 1
    outer loop
      vertex -52.3301 31.5 6
      vertex -49.3807 25.0941 6
      vertex -51.9668 30.9562 6
    endloop
  endfacet
  facet normal 0 0 1
    outer loop
      vertex -49.3807 25.0941 6
      vertex -52.3301 31.5 6
      vertex -55 3 6
    endloop
  endfacet
  facet normal 0 0 1
    outer loop
      vertex -55 3 6
      vertex -52.3301 31.5 6
      vertex -52.6194 32.0866 6
    endloop
  endfacet
  facet normal -0 0 1
    outer loop
      vertex -73.5151 48.5151 6
      vertex -52.6194 35.9134 6
      vertex -73.334 48.7216 6
    endloop
  endfacet
  facet normal 0 0 1
    outer loop
      vertex -52.3301 36.5 6
      vertex -73.334 48.7216 6
      vertex -52.6194 35.9134 6
    endloop
  endfacet
  facet normal 0 0 1
    outer loop
      vertex -48 11 6
      vertex -55 3 6
      vertex -48 3 6
    endloop
  endfacet
  facet normal -0 0 1
    outer loop
      vertex -73.334 48.7216 6
      vertex -52.3301 36.5 6
      vertex -73.1813 48.95 6
    endloop
  endfacet
  facet normal -0 0 1
    outer loop
      vertex -43.1704 32.7059 6
      vertex -42.7664 27.3394 6
      vertex -43.0428 33.3474 6
    endloop
  endfacet
  facet normal 0 0 1
    outer loop
      vertex -42.7664 27.3394 6
      vertex -43.1704 32.7059 6
      vertex -42.9689 27.75 6
    endloop
  endfacet
  facet normal -0 0 1
    outer loop
      vertex -43.3806 32.0866 6
      vertex -42.9689 27.75 6
      vertex -43.1704 32.7059 6
    endloop
  endfacet
  facet normal 0 0 1
    outer loop
      vertex -42.9689 27.75 6
      vertex -43.3806 32.0866 6
      vertex -43.2233 28.1307 6
    endloop
  endfacet
  facet normal -0 0 1
    outer loop
      vertex -43.6699 31.5 6
      vertex -43.2233 28.1307 6
      vertex -43.3806 32.0866 6
    endloop
  endfacet
  facet normal 0 0 1
    outer loop
      vertex -43.2233 28.1307 6
      vertex -43.6699 31.5 6
      vertex -43.5251 28.4749 6
    endloop
  endfacet
  facet normal -0 0 1
    outer loop
      vertex -44.0332 30.9562 6
      vertex -43.5251 28.4749 6
      vertex -43.6699 31.5 6
    endloop
  endfacet
  facet normal 0 0 1
    outer loop
      vertex -43.5251 28.4749 6
      vertex -44.0332 30.9562 6
      vertex -43.8693 28.7767 6
    endloop
  endfacet
  facet normal -0 0 1
    outer loop
      vertex -44.4645 30.4645 6
      vertex -43.8693 28.7767 6
      vertex -44.0332 30.9562 6
    endloop
  endfacet
  facet normal 0 0 1
    outer loop
      vertex -43.8693 28.7767 6
      vertex -44.4645 30.4645 6
      vertex -44.25 29.0311 6
    endloop
  endfacet
  facet normal 0 0 1
    outer loop
      vertex -44.4645 30.4645 6
      vertex -44.6606 29.2336 6
      vertex -44.25 29.0311 6
    endloop
  endfacet
  facet normal -0 0 1
    outer loop
      vertex -44.9562 30.0332 6
      vertex -44.6606 29.2336 6
      vertex -44.4645 30.4645 6
    endloop
  endfacet
  facet normal 0 0 1
    outer loop
      vertex -44.9562 30.0332 6
      vertex -45.0941 29.3807 6
      vertex -44.6606 29.2336 6
    endloop
  endfacet
  facet normal -0 0 1
    outer loop
      vertex -45.5 29.6699 6
      vertex -45.0941 29.3807 6
      vertex -44.9562 30.0332 6
    endloop
  endfacet
  facet normal 0 0 1
    outer loop
      vertex -45.5 29.6699 6
      vertex -45.5432 29.4701 6
      vertex -45.0941 29.3807 6
    endloop
  endfacet
  facet normal 0 -0 1
    outer loop
      vertex -45.5432 29.4701 6
      vertex -45.5 29.6699 6
      vertex -45.8627 29.491 6
    endloop
  endfacet
  facet normal 0 0 1
    outer loop
      vertex 52.3301 31.5 6
      vertex 75.2741 47.918 6
      vertex 52.6194 32.0866 6
    endloop
  endfacet
  facet normal 0 0 1
    outer loop
      vertex 75.5435 -47.9716 6
      vertex 52.9572 -33.3474 6
      vertex 53 -34 6
    endloop
  endfacet
  facet normal -0 0 1
    outer loop
      vertex 75.2741 47.918 6
      vertex 52.3301 31.5 6
      vertex 75.5435 47.9716 6
    endloop
  endfacet
  facet normal 0 0 1
    outer loop
      vertex 75.5435 -47.9716 6
      vertex 52.8296 -32.7059 6
      vertex 52.9572 -33.3474 6
    endloop
  endfacet
  facet normal 0 0 1
    outer loop
      vertex 49.2336 24.6606 6
      vertex 75.5435 47.9716 6
      vertex 52.3301 31.5 6
    endloop
  endfacet
  facet normal 0 0 1
    outer loop
      vertex 75.5435 -47.9716 6
      vertex 52.6194 -32.0866 6
      vertex 52.8296 -32.7059 6
    endloop
  endfacet
  facet normal 0 0 1
    outer loop
      vertex 49.0311 24.25 6
      vertex 75.5435 47.9716 6
      vertex 49.2336 24.6606 6
    endloop
  endfacet
  facet normal 0 0 1
    outer loop
      vertex 75.5435 -47.9716 6
      vertex 52.3301 -31.5 6
      vertex 52.6194 -32.0866 6
    endloop
  endfacet
  facet normal 0 0 1
    outer loop
      vertex 49.3807 25.0941 6
      vertex 52.3301 31.5 6
      vertex 51.9668 30.9562 6
    endloop
  endfacet
  facet normal 0 0 1
    outer loop
      vertex 75.5435 47.9716 6
      vertex 49.0311 24.25 6
      vertex 75.5435 -47.9716 6
    endloop
  endfacet
  facet normal 0 0 1
    outer loop
      vertex 49.4701 25.5432 6
      vertex 51.9668 30.9562 6
      vertex 51.5355 30.4645 6
    endloop
  endfacet
  facet normal -0 -0 1
    outer loop
      vertex 51.9668 -30.9562 6
      vertex 75.5435 -47.9716 6
      vertex 49.0311 24.25 6
    endloop
  endfacet
  facet normal 0 0 1
    outer loop
      vertex 49.5 26 6
      vertex 51.5355 30.4645 6
      vertex 51.0438 30.0332 6
    endloop
  endfacet
  facet normal 0 0 1
    outer loop
      vertex 52.3301 31.5 6
      vertex 49.3807 25.0941 6
      vertex 49.2336 24.6606 6
    endloop
  endfacet
  facet normal 0 0 1
    outer loop
      vertex 49.4701 26.4568 6
      vertex 51.0438 30.0332 6
      vertex 50.5 29.6699 6
    endloop
  endfacet
  facet normal 0 0 1
    outer loop
      vertex 75.5435 -47.9716 6
      vertex 51.9668 -30.9562 6
      vertex 52.3301 -31.5 6
    endloop
  endfacet
  facet normal 0 0 1
    outer loop
      vertex 49.2336 27.3394 6
      vertex 50.5 29.6699 6
      vertex 49.9134 29.3806 6
    endloop
  endfacet
  facet normal 0 0 1
    outer loop
      vertex 51.9668 30.9562 6
      vertex 49.4701 25.5432 6
      vertex 49.3807 25.0941 6
    endloop
  endfacet
  facet normal 0 0 1
    outer loop
      vertex 51.5355 30.4645 6
      vertex 49.5 26 6
      vertex 49.4701 25.5432 6
    endloop
  endfacet
  facet normal 0 0 1
    outer loop
      vertex 51.0438 30.0332 6
      vertex 49.4701 26.4568 6
      vertex 49.5 26 6
    endloop
  endfacet
  facet normal 0 0 1
    outer loop
      vertex 50.5 29.6699 6
      vertex 49.3807 26.9059 6
      vertex 49.4701 26.4568 6
    endloop
  endfacet
  facet normal 0 0 1
    outer loop
      vertex 49.0311 27.75 6
      vertex 49.9134 29.3806 6
      vertex 49.2941 29.1704 6
    endloop
  endfacet
  facet normal 0 0 1
    outer loop
      vertex 50.5 29.6699 6
      vertex 49.2336 27.3394 6
      vertex 49.3807 26.9059 6
    endloop
  endfacet
  facet normal 0 0 1
    outer loop
      vertex 49.9134 29.3806 6
      vertex 49.0311 27.75 6
      vertex 49.2336 27.3394 6
    endloop
  endfacet
  facet normal 0 0 1
    outer loop
      vertex 49.2941 29.1704 6
      vertex 48.7767 28.1307 6
      vertex 49.0311 27.75 6
    endloop
  endfacet
  facet normal -0 0 1
    outer loop
      vertex 48.6526 29.0428 6
      vertex 48.7767 28.1307 6
      vertex 49.2941 29.1704 6
    endloop
  endfacet
  facet normal 0 0 1
    outer loop
      vertex 48.6526 29.0428 6
      vertex 48.4749 28.4749 6
      vertex 48.7767 28.1307 6
    endloop
  endfacet
  facet normal 0 0 1
    outer loop
      vertex 48.6526 29.0428 6
      vertex 48.1307 28.7767 6
      vertex 48.4749 28.4749 6
    endloop
  endfacet
  facet normal -0 0 1
    outer loop
      vertex 48 29 6
      vertex 48.1307 28.7767 6
      vertex 48.6526 29.0428 6
    endloop
  endfacet
  facet normal 0 0 1
    outer loop
      vertex 48.1307 28.7767 6
      vertex 48 29 6
      vertex 47.7744 29.0148 6
    endloop
  endfacet
  facet normal 0 0 1
    outer loop
      vertex 76.9401 49.1964 6
      vertex 85 54 6
      vertex 77.0284 49.4565 6
    endloop
  endfacet
  facet normal 0 0 1
    outer loop
      vertex 85 -54 6
      vertex 77.082 -49.7259 6
      vertex 77.1 -50 6
    endloop
  endfacet
  facet normal 0 0 1
    outer loop
      vertex 76.8186 48.95 6
      vertex 85 54 6
      vertex 76.9401 49.1964 6
    endloop
  endfacet
  facet normal 0 0 1
    outer loop
      vertex 85 -54 6
      vertex 77.0284 -49.4565 6
      vertex 77.082 -49.7259 6
    endloop
  endfacet
  facet normal 0 0 1
    outer loop
      vertex 76.666 48.7216 6
      vertex 85 54 6
      vertex 76.8186 48.95 6
    endloop
  endfacet
  facet normal 0 0 1
    outer loop
      vertex 85 -54 6
      vertex 76.9401 -49.1964 6
      vertex 77.0284 -49.4565 6
    endloop
  endfacet
  facet normal 0 0 1
    outer loop
      vertex 76.4849 48.5151 6
      vertex 85 54 6
      vertex 76.666 48.7216 6
    endloop
  endfacet
  facet normal 0 0 1
    outer loop
      vertex 85 -54 6
      vertex 76.8186 -48.95 6
      vertex 76.9401 -49.1964 6
    endloop
  endfacet
  facet normal 0 0 1
    outer loop
      vertex 76.2784 48.334 6
      vertex 85 54 6
      vertex 76.4849 48.5151 6
    endloop
  endfacet
  facet normal 0 0 1
    outer loop
      vertex 85 -54 6
      vertex 76.666 -48.7216 6
      vertex 76.8186 -48.95 6
    endloop
  endfacet
  facet normal 0 0 1
    outer loop
      vertex 85 54 6
      vertex 76.2784 48.334 6
      vertex 85 -54 6
    endloop
  endfacet
  facet normal 0 0 1
    outer loop
      vertex 85 -54 6
      vertex 76.4849 -48.5151 6
      vertex 76.666 -48.7216 6
    endloop
  endfacet
  facet normal -0 0 1
    outer loop
      vertex 76.2784 -48.334 6
      vertex 85 -54 6
      vertex 76.2784 48.334 6
    endloop
  endfacet
  facet normal 0 0 1
    outer loop
      vertex 85 -54 6
      vertex 76.2784 -48.334 6
      vertex 76.4849 -48.5151 6
    endloop
  endfacet
  facet normal -0 0 1
    outer loop
      vertex 76.05 48.1813 6
      vertex 76.2784 -48.334 6
      vertex 76.2784 48.334 6
    endloop
  endfacet
  facet normal 0 0 1
    outer loop
      vertex 76.05 48.1813 6
      vertex 76.05 -48.1813 6
      vertex 76.2784 -48.334 6
    endloop
  endfacet
  facet normal -0 0 1
    outer loop
      vertex 75.8036 48.0599 6
      vertex 76.05 -48.1813 6
      vertex 76.05 48.1813 6
    endloop
  endfacet
  facet normal 0 0 1
    outer loop
      vertex 75.8036 48.0599 6
      vertex 75.8036 -48.0599 6
      vertex 76.05 -48.1813 6
    endloop
  endfacet
  facet normal -0 0 1
    outer loop
      vertex 75.5435 47.9716 6
      vertex 75.8036 -48.0599 6
      vertex 75.8036 48.0599 6
    endloop
  endfacet
  facet normal 0 0 1
    outer loop
      vertex 75.5435 47.9716 6
      vertex 75.5435 -47.9716 6
      vertex 75.8036 -48.0599 6
    endloop
  endfacet
  facet normal 0 0 1
    outer loop
      vertex 74.7259 47.918 6
      vertex 52.8296 32.7059 6
      vertex 75 47.9 6
    endloop
  endfacet
  facet normal 0 0 1
    outer loop
      vertex 52.6194 32.0866 6
      vertex 75 47.9 6
      vertex 52.8296 32.7059 6
    endloop
  endfacet
  facet normal 0 0 1
    outer loop
      vertex 52.8296 32.7059 6
      vertex 74.7259 47.918 6
      vertex 52.9572 33.3474 6
    endloop
  endfacet
  facet normal -0 0 1
    outer loop
      vertex 75 47.9 6
      vertex 52.6194 32.0866 6
      vertex 75.2741 47.918 6
    endloop
  endfacet
  facet normal 0 0 1
    outer loop
      vertex 74.4565 47.9716 6
      vertex 52.9572 33.3474 6
      vertex 74.7259 47.918 6
    endloop
  endfacet
  facet normal 0 0 1
    outer loop
      vertex 75.5435 -47.9716 6
      vertex 53 -34 6
      vertex 75.2741 -47.918 6
    endloop
  endfacet
  facet normal 0 0 1
    outer loop
      vertex 52.9572 33.3474 6
      vertex 74.4565 47.9716 6
      vertex 53 34 6
    endloop
  endfacet
  facet normal 0 0 1
    outer loop
      vertex 75.2741 -47.918 6
      vertex 53 -34 6
      vertex 75 -47.9 6
    endloop
  endfacet
  facet normal 0 0 1
    outer loop
      vertex 53 34 6
      vertex 74.4565 47.9716 6
      vertex 74.1964 48.0599 6
    endloop
  endfacet
  facet normal 0 0 1
    outer loop
      vertex 75 -47.9 6
      vertex 53 -34 6
      vertex 74.7259 -47.918 6
    endloop
  endfacet
  facet normal 0 0 1
    outer loop
      vertex 53 34 6
      vertex 74.1964 48.0599 6
      vertex 73.95 48.1813 6
    endloop
  endfacet
  facet normal 0 0 1
    outer loop
      vertex 74.7259 -47.918 6
      vertex 53 -34 6
      vertex 74.4565 -47.9716 6
    endloop
  endfacet
  facet normal 0 0 1
    outer loop
      vertex 52.9572 34.6526 6
      vertex 73.95 48.1813 6
      vertex 73.7216 48.334 6
    endloop
  endfacet
  facet normal 0 0 1
    outer loop
      vertex 74.4565 -47.9716 6
      vertex 53 -34 6
      vertex 74.1964 -48.0599 6
    endloop
  endfacet
  facet normal 0 0 1
    outer loop
      vertex 52.8296 35.2941 6
      vertex 73.7216 48.334 6
      vertex 73.5151 48.5151 6
    endloop
  endfacet
  facet normal 0 0 1
    outer loop
      vertex 74.1964 -48.0599 6
      vertex 53 -34 6
      vertex 73.95 -48.1813 6
    endloop
  endfacet
  facet normal 0 0 1
    outer loop
      vertex 52.6194 35.9134 6
      vertex 73.5151 48.5151 6
      vertex 73.334 48.7216 6
    endloop
  endfacet
  facet normal -0 0 1
    outer loop
      vertex 52.9572 -34.6526 6
      vertex 73.95 -48.1813 6
      vertex 53 -34 6
    endloop
  endfacet
  facet normal 0 0 1
    outer loop
      vertex 52.3301 36.5 6
      vertex 73.334 48.7216 6
      vertex 73.1813 48.95 6
    endloop
  endfacet
  facet normal 0 0 1
    outer loop
      vertex 73.95 -48.1813 6
      vertex 52.9572 -34.6526 6
      vertex 73.7216 -48.334 6
    endloop
  endfacet
  facet normal 0 0 1
    outer loop
      vertex 51.9668 37.0438 6
      vertex 73.1813 48.95 6
      vertex 73.0599 49.1964 6
    endloop
  endfacet
  facet normal -0 0 1
    outer loop
      vertex 52.8296 -35.2941 6
      vertex 73.7216 -48.334 6
      vertex 52.9572 -34.6526 6
    endloop
  endfacet
  facet normal 0 0 1
    outer loop
      vertex 51.9668 37.0438 6
      vertex 73.0599 49.1964 6
      vertex 72.9716 49.4565 6
    endloop
  endfacet
  facet normal 0 0 1
    outer loop
      vertex 73.7216 -48.334 6
      vertex 52.8296 -35.2941 6
      vertex 73.5151 -48.5151 6
    endloop
  endfacet
  facet normal 0 0 1
    outer loop
      vertex 51.5355 37.5355 6
      vertex 72.9716 49.4565 6
      vertex 72.918 49.7259 6
    endloop
  endfacet
  facet normal -0 0 1
    outer loop
      vertex 52.6194 -35.9134 6
      vertex 73.5151 -48.5151 6
      vertex 52.8296 -35.2941 6
    endloop
  endfacet
  facet normal 0 0 1
    outer loop
      vertex 51.0438 37.9668 6
      vertex 72.918 49.7259 6
      vertex 72.9 50 6
    endloop
  endfacet
  facet normal 0 0 1
    outer loop
      vertex 73.5151 -48.5151 6
      vertex 52.6194 -35.9134 6
      vertex 73.334 -48.7216 6
    endloop
  endfacet
  facet normal 0 0 1
    outer loop
      vertex 76.666 51.2784 6
      vertex 85 54 6
      vertex 84.9487 54.7831 6
    endloop
  endfacet
  facet normal 0 0 1
    outer loop
      vertex 77.082 49.7259 6
      vertex 85 54 6
      vertex 77.1 50 6
    endloop
  endfacet
  facet normal 0 0 1
    outer loop
      vertex 76.666 51.2784 6
      vertex 84.9487 54.7831 6
      vertex 84.7955 55.5529 6
    endloop
  endfacet
  facet normal 0 0 1
    outer loop
      vertex 77.0284 49.4565 6
      vertex 85 54 6
      vertex 77.082 49.7259 6
    endloop
  endfacet
  facet normal 0 0 1
    outer loop
      vertex 76.666 51.2784 6
      vertex 84.7955 55.5529 6
      vertex 84.5433 56.2961 6
    endloop
  endfacet
  facet normal -0 0 1
    outer loop
      vertex 77.082 -50.2741 6
      vertex 85 -54 6
      vertex 77.1 -50 6
    endloop
  endfacet
  facet normal 0 0 1
    outer loop
      vertex 76.666 51.2784 6
      vertex 84.5433 56.2961 6
      vertex 84.1962 57 6
    endloop
  endfacet
  facet normal -0 0 1
    outer loop
      vertex 77.0284 -50.5435 6
      vertex 85 -54 6
      vertex 77.082 -50.2741 6
    endloop
  endfacet
  facet normal 0 0 1
    outer loop
      vertex 76.4849 51.4849 6
      vertex 84.1962 57 6
      vertex 83.7601 57.6526 6
    endloop
  endfacet
  facet normal -0 0 1
    outer loop
      vertex 76.9401 -50.8036 6
      vertex 85 -54 6
      vertex 77.0284 -50.5435 6
    endloop
  endfacet
  facet normal 0 0 1
    outer loop
      vertex 76.4849 51.4849 6
      vertex 83.7601 57.6526 6
      vertex 83.2426 58.2426 6
    endloop
  endfacet
  facet normal -0 0 1
    outer loop
      vertex 76.8186 -51.05 6
      vertex 85 -54 6
      vertex 76.9401 -50.8036 6
    endloop
  endfacet
  facet normal 0 0 1
    outer loop
      vertex 76.4849 51.4849 6
      vertex 83.2426 58.2426 6
      vertex 82.6526 58.7601 6
    endloop
  endfacet
  facet normal -0 0 1
    outer loop
      vertex 76.666 -51.2784 6
      vertex 85 -54 6
      vertex 76.8186 -51.05 6
    endloop
  endfacet
  facet normal 0 0 1
    outer loop
      vertex 76.4849 51.4849 6
      vertex 82.6526 58.7601 6
      vertex 82 59.1962 6
    endloop
  endfacet
  facet normal 0 0 1
    outer loop
      vertex 85 -54 6
      vertex 76.666 -51.2784 6
      vertex 84.9487 -54.7831 6
    endloop
  endfacet
  facet normal 0 0 1
    outer loop
      vertex 76.4849 51.4849 6
      vertex 82 59.1962 6
      vertex 81.2961 59.5433 6
    endloop
  endfacet
  facet normal 0 0 1
    outer loop
      vertex 84.9487 -54.7831 6
      vertex 76.666 -51.2784 6
      vertex 84.7955 -55.5529 6
    endloop
  endfacet
  facet normal 0 0 1
    outer loop
      vertex 76.2784 51.666 6
      vertex 81.2961 59.5433 6
      vertex 80.5529 59.7955 6
    endloop
  endfacet
  facet normal 0 0 1
    outer loop
      vertex 84.7955 -55.5529 6
      vertex 76.666 -51.2784 6
      vertex 84.5433 -56.2961 6
    endloop
  endfacet
  facet normal 0 0 1
    outer loop
      vertex 76.2784 51.666 6
      vertex 80.5529 59.7955 6
      vertex 79.7831 59.9487 6
    endloop
  endfacet
  facet normal 0 0 1
    outer loop
      vertex 84.5433 -56.2961 6
      vertex 76.666 -51.2784 6
      vertex 84.1962 -57 6
    endloop
  endfacet
  facet normal 0 0 1
    outer loop
      vertex 76.2784 51.666 6
      vertex 79.7831 59.9487 6
      vertex 79 60 6
    endloop
  endfacet
  facet normal -0 0 1
    outer loop
      vertex 76.4849 -51.4849 6
      vertex 84.1962 -57 6
      vertex 76.666 -51.2784 6
    endloop
  endfacet
  facet normal 0 0 1
    outer loop
      vertex 84.1962 -57 6
      vertex 76.4849 -51.4849 6
      vertex 83.7601 -57.6526 6
    endloop
  endfacet
  facet normal 0 0 1
    outer loop
      vertex 85 54 6
      vertex 77.082 50.2741 6
      vertex 77.1 50 6
    endloop
  endfacet
  facet normal 0 0 1
    outer loop
      vertex 85 54 6
      vertex 77.0284 50.5435 6
      vertex 77.082 50.2741 6
    endloop
  endfacet
  facet normal 0 0 1
    outer loop
      vertex 85 54 6
      vertex 76.9401 50.8036 6
      vertex 77.0284 50.5435 6
    endloop
  endfacet
  facet normal 0 0 1
    outer loop
      vertex 85 54 6
      vertex 76.8186 51.05 6
      vertex 76.9401 50.8036 6
    endloop
  endfacet
  facet normal 0 0 1
    outer loop
      vertex 85 54 6
      vertex 76.666 51.2784 6
      vertex 76.8186 51.05 6
    endloop
  endfacet
  facet normal 0 0 1
    outer loop
      vertex 84.1962 57 6
      vertex 76.4849 51.4849 6
      vertex 76.666 51.2784 6
    endloop
  endfacet
  facet normal 0 0 1
    outer loop
      vertex 81.2961 59.5433 6
      vertex 76.2784 51.666 6
      vertex 76.4849 51.4849 6
    endloop
  endfacet
  facet normal 0 0 1
    outer loop
      vertex 79 60 6
      vertex 76.05 51.8187 6
      vertex 76.2784 51.666 6
    endloop
  endfacet
  facet normal 0 0 1
    outer loop
      vertex 79 60 6
      vertex 75.8036 51.9401 6
      vertex 76.05 51.8187 6
    endloop
  endfacet
  facet normal 0 0 1
    outer loop
      vertex 79 60 6
      vertex 75.5435 52.0284 6
      vertex 75.8036 51.9401 6
    endloop
  endfacet
  facet normal 0 0 1
    outer loop
      vertex 79 60 6
      vertex 75.2741 52.082 6
      vertex 75.5435 52.0284 6
    endloop
  endfacet
  facet normal 0 0 1
    outer loop
      vertex 79 60 6
      vertex 75 52.1 6
      vertex 75.2741 52.082 6
    endloop
  endfacet
  facet normal 0 0 1
    outer loop
      vertex 79 60 6
      vertex 74.7259 52.082 6
      vertex 75 52.1 6
    endloop
  endfacet
  facet normal 0 0 1
    outer loop
      vertex 79 60 6
      vertex 74.4565 52.0284 6
      vertex 74.7259 52.082 6
    endloop
  endfacet
  facet normal 0 0 1
    outer loop
      vertex 79 60 6
      vertex 74.1964 51.9401 6
      vertex 74.4565 52.0284 6
    endloop
  endfacet
  facet normal 0 0 1
    outer loop
      vertex 79 60 6
      vertex 73.95 51.8187 6
      vertex 74.1964 51.9401 6
    endloop
  endfacet
  facet normal 0 0 1
    outer loop
      vertex 79 60 6
      vertex 73.7216 51.666 6
      vertex 73.95 51.8187 6
    endloop
  endfacet
  facet normal 0 0 1
    outer loop
      vertex 79 60 6
      vertex 73.5151 51.4849 6
      vertex 73.7216 51.666 6
    endloop
  endfacet
  facet normal 0 0 1
    outer loop
      vertex 79 60 6
      vertex 73.334 51.2784 6
      vertex 73.5151 51.4849 6
    endloop
  endfacet
  facet normal 0 0 1
    outer loop
      vertex 48 39 6
      vertex 73.334 51.2784 6
      vertex 79 60 6
    endloop
  endfacet
  facet normal -0 0 1
    outer loop
      vertex 52.3301 -36.5 6
      vertex 73.334 -48.7216 6
      vertex 52.6194 -35.9134 6
    endloop
  endfacet
  facet normal 0 0 1
    outer loop
      vertex 50.5 38.3301 6
      vertex 72.9 50 6
      vertex 72.918 50.2741 6
    endloop
  endfacet
  facet normal 0 0 1
    outer loop
      vertex 49.9134 38.6194 6
      vertex 72.918 50.2741 6
      vertex 72.9716 50.5435 6
    endloop
  endfacet
  facet normal 0 0 1
    outer loop
      vertex 49.2941 38.8296 6
      vertex 72.9716 50.5435 6
      vertex 73.0599 50.8036 6
    endloop
  endfacet
  facet normal 0 0 1
    outer loop
      vertex 49.2941 38.8296 6
      vertex 73.0599 50.8036 6
      vertex 73.1813 51.05 6
    endloop
  endfacet
  facet normal 0 0 1
    outer loop
      vertex 73.334 51.2784 6
      vertex 48 39 6
      vertex 73.1813 51.05 6
    endloop
  endfacet
  facet normal 0 0 1
    outer loop
      vertex 73.95 48.1813 6
      vertex 52.9572 34.6526 6
      vertex 53 34 6
    endloop
  endfacet
  facet normal 0 0 1
    outer loop
      vertex 73.7216 48.334 6
      vertex 52.8296 35.2941 6
      vertex 52.9572 34.6526 6
    endloop
  endfacet
  facet normal 0 0 1
    outer loop
      vertex 73.5151 48.5151 6
      vertex 52.6194 35.9134 6
      vertex 52.8296 35.2941 6
    endloop
  endfacet
  facet normal 0 0 1
    outer loop
      vertex 73.334 48.7216 6
      vertex 52.3301 36.5 6
      vertex 52.6194 35.9134 6
    endloop
  endfacet
  facet normal 0 0 1
    outer loop
      vertex 73.1813 48.95 6
      vertex 51.9668 37.0438 6
      vertex 52.3301 36.5 6
    endloop
  endfacet
  facet normal 0 0 1
    outer loop
      vertex 72.9716 49.4565 6
      vertex 51.5355 37.5355 6
      vertex 51.9668 37.0438 6
    endloop
  endfacet
  facet normal 0 0 1
    outer loop
      vertex 72.918 49.7259 6
      vertex 51.0438 37.9668 6
      vertex 51.5355 37.5355 6
    endloop
  endfacet
  facet normal 0 0 1
    outer loop
      vertex 72.9 50 6
      vertex 50.5 38.3301 6
      vertex 51.0438 37.9668 6
    endloop
  endfacet
  facet normal 0 0 1
    outer loop
      vertex 72.918 50.2741 6
      vertex 49.9134 38.6194 6
      vertex 50.5 38.3301 6
    endloop
  endfacet
  facet normal 0 0 1
    outer loop
      vertex 72.9716 50.5435 6
      vertex 49.2941 38.8296 6
      vertex 49.9134 38.6194 6
    endloop
  endfacet
  facet normal 0 0 1
    outer loop
      vertex 73.1813 51.05 6
      vertex 48.6526 38.9572 6
      vertex 49.2941 38.8296 6
    endloop
  endfacet
  facet normal 0 0 1
    outer loop
      vertex 73.1813 51.05 6
      vertex 48 39 6
      vertex 48.6526 38.9572 6
    endloop
  endfacet
  facet normal 0 0 1
    outer loop
      vertex 79 60 6
      vertex 47.3474 38.9572 6
      vertex 48 39 6
    endloop
  endfacet
  facet normal 0 0 1
    outer loop
      vertex 79 60 6
      vertex 46.7059 38.8296 6
      vertex 47.3474 38.9572 6
    endloop
  endfacet
  facet normal 0 0 1
    outer loop
      vertex 79 60 6
      vertex 46.0866 38.6194 6
      vertex 46.7059 38.8296 6
    endloop
  endfacet
  facet normal 0 0 1
    outer loop
      vertex -46.0866 38.6194 6
      vertex 46.0866 38.6194 6
      vertex 79 60 6
    endloop
  endfacet
  facet normal 0 0 1
    outer loop
      vertex 43.1704 32.7059 6
      vertex 42.7664 27.3394 6
      vertex 42.9689 27.75 6
    endloop
  endfacet
  facet normal 0 0 1
    outer loop
      vertex 43.0428 33.3474 6
      vertex 42.6193 26.9059 6
      vertex 42.7664 27.3394 6
    endloop
  endfacet
  facet normal 0 0 1
    outer loop
      vertex 43 34 6
      vertex 42.5299 26.4568 6
      vertex 42.6193 26.9059 6
    endloop
  endfacet
  facet normal 0 0 1
    outer loop
      vertex -11 12 6
      vertex 42.5299 26.4568 6
      vertex 43 34 6
    endloop
  endfacet
  facet normal 0 0 1
    outer loop
      vertex 42.5299 26.4568 6
      vertex -11 12 6
      vertex 42.5 26 6
    endloop
  endfacet
  facet normal 0 0 1
    outer loop
      vertex -11 12 6
      vertex 43 34 6
      vertex 43.0428 34.6526 6
    endloop
  endfacet
  facet normal 0 0 1
    outer loop
      vertex -11 12 6
      vertex 43.0428 34.6526 6
      vertex 43.1704 35.2941 6
    endloop
  endfacet
  facet normal 0 0 1
    outer loop
      vertex -11 12 6
      vertex 43.1704 35.2941 6
      vertex 43.3806 35.9134 6
    endloop
  endfacet
  facet normal 0 0 1
    outer loop
      vertex 42.5 26 6
      vertex 17.4701 -25.5432 6
      vertex 17.5 -26 6
    endloop
  endfacet
  facet normal 0 0 1
    outer loop
      vertex 42.5 26 6
      vertex 17.3807 -25.0941 6
      vertex 17.4701 -25.5432 6
    endloop
  endfacet
  facet normal 0 0 1
    outer loop
      vertex 42.5 26 6
      vertex 17.2336 -24.6606 6
      vertex 17.3807 -25.0941 6
    endloop
  endfacet
  facet normal 0 0 1
    outer loop
      vertex 42.5 26 6
      vertex 17.0311 -24.25 6
      vertex 17.2336 -24.6606 6
    endloop
  endfacet
  facet normal 0 0 1
    outer loop
      vertex 42.5 26 6
      vertex 16.7767 -23.8693 6
      vertex 17.0311 -24.25 6
    endloop
  endfacet
  facet normal 0 0 1
    outer loop
      vertex 42.5 26 6
      vertex 16.4749 -23.5251 6
      vertex 16.7767 -23.8693 6
    endloop
  endfacet
  facet normal 0 0 1
    outer loop
      vertex 42.5 26 6
      vertex 16.1307 -23.2233 6
      vertex 16.4749 -23.5251 6
    endloop
  endfacet
  facet normal 0 0 1
    outer loop
      vertex 42.5 26 6
      vertex 15.75 -22.9689 6
      vertex 16.1307 -23.2233 6
    endloop
  endfacet
  facet normal 0 0 1
    outer loop
      vertex 42.5 26 6
      vertex 15.3394 -22.7664 6
      vertex 15.75 -22.9689 6
    endloop
  endfacet
  facet normal 0 0 1
    outer loop
      vertex 42.5 26 6
      vertex 14.9059 -22.6193 6
      vertex 15.3394 -22.7664 6
    endloop
  endfacet
  facet normal 0 -0 1
    outer loop
      vertex 14.4568 -22.5299 6
      vertex 42.5 26 6
      vertex -11 12 6
    endloop
  endfacet
  facet normal 0 0 1
    outer loop
      vertex -11 12 6
      vertex 43.3806 35.9134 6
      vertex 43.6699 36.5 6
    endloop
  endfacet
  facet normal 0 0 1
    outer loop
      vertex 42.5 26 6
      vertex 14.4568 -22.5299 6
      vertex 14.9059 -22.6193 6
    endloop
  endfacet
  facet normal 0 0 1
    outer loop
      vertex 14.4568 -22.5299 6
      vertex -11 12 6
      vertex 14 -22.5 6
    endloop
  endfacet
  facet normal 0 0 1
    outer loop
      vertex 14 -22.5 6
      vertex -11 12 6
      vertex 13.5432 -22.5299 6
    endloop
  endfacet
  facet normal 0 0 1
    outer loop
      vertex 13.5432 -22.5299 6
      vertex -11 12 6
      vertex 13.0941 -22.6193 6
    endloop
  endfacet
  facet normal -0 0 1
    outer loop
      vertex -11 -12 6
      vertex 13.0941 -22.6193 6
      vertex -11 12 6
    endloop
  endfacet
  facet normal 0 0 1
    outer loop
      vertex 13.0941 -22.6193 6
      vertex -11 -12 6
      vertex 12.6606 -22.7664 6
    endloop
  endfacet
  facet normal 0 0 1
    outer loop
      vertex 12.6606 -22.7664 6
      vertex -11 -12 6
      vertex 12.25 -22.9689 6
    endloop
  endfacet
  facet normal 0 0 1
    outer loop
      vertex 12.25 -22.9689 6
      vertex -11 -12 6
      vertex 11.8693 -23.2233 6
    endloop
  endfacet
  facet normal 0 0 1
    outer loop
      vertex 11.8693 -23.2233 6
      vertex -11 -12 6
      vertex 11.5251 -23.5251 6
    endloop
  endfacet
  facet normal 0 0 1
    outer loop
      vertex 10.6193 -25.0941 6
      vertex -11 -12 6
      vertex 10.5299 -25.5432 6
    endloop
  endfacet
  facet normal 0 0 1
    outer loop
      vertex 10.7664 -24.6606 6
      vertex -11 -12 6
      vertex 10.6193 -25.0941 6
    endloop
  endfacet
  facet normal 0 0 1
    outer loop
      vertex 10.9689 -24.25 6
      vertex -11 -12 6
      vertex 10.7664 -24.6606 6
    endloop
  endfacet
  facet normal 0 0 1
    outer loop
      vertex 11.2233 -23.8693 6
      vertex -11 -12 6
      vertex 10.9689 -24.25 6
    endloop
  endfacet
  facet normal 0 0 1
    outer loop
      vertex 11.5251 -23.5251 6
      vertex -11 -12 6
      vertex 11.2233 -23.8693 6
    endloop
  endfacet
  facet normal 0 0 1
    outer loop
      vertex -43.6699 36.5 6
      vertex 43.6699 36.5 6
      vertex 44.0332 37.0438 6
    endloop
  endfacet
  facet normal 0 0 1
    outer loop
      vertex -44.0332 37.0438 6
      vertex 44.0332 37.0438 6
      vertex 44.4645 37.5355 6
    endloop
  endfacet
  facet normal 0 0 1
    outer loop
      vertex -44.4645 37.5355 6
      vertex 44.4645 37.5355 6
      vertex 44.9562 37.9668 6
    endloop
  endfacet
  facet normal 0 0 1
    outer loop
      vertex -44.9562 37.9668 6
      vertex 44.9562 37.9668 6
      vertex 45.5 38.3301 6
    endloop
  endfacet
  facet normal 0 0 1
    outer loop
      vertex 46.0866 38.6194 6
      vertex -46.0866 38.6194 6
      vertex 45.5 38.3301 6
    endloop
  endfacet
  facet normal 0 0 1
    outer loop
      vertex 44.0332 37.0438 6
      vertex -44.0332 37.0438 6
      vertex -43.6699 36.5 6
    endloop
  endfacet
  facet normal -0 0 1
    outer loop
      vertex -42.5299 25.5432 6
      vertex -29 12 6
      vertex -42.5 26 6
    endloop
  endfacet
  facet normal -0 -0 1
    outer loop
      vertex -43.0428 34.6526 6
      vertex -11 12 6
      vertex -43.1704 35.2941 6
    endloop
  endfacet
  facet normal 0 0 1
    outer loop
      vertex -29 12 6
      vertex -42.5299 26.4568 6
      vertex -42.5 26 6
    endloop
  endfacet
  facet normal -0 0 1
    outer loop
      vertex -43.0428 33.3474 6
      vertex -29 12 6
      vertex -43 34 6
    endloop
  endfacet
  facet normal 0 0 1
    outer loop
      vertex -29 12 6
      vertex -42.6193 26.9059 6
      vertex -42.5299 26.4568 6
    endloop
  endfacet
  facet normal 0 0 1
    outer loop
      vertex -29 12 6
      vertex -43.0428 33.3474 6
      vertex -42.6193 26.9059 6
    endloop
  endfacet
  facet normal 0 0 1
    outer loop
      vertex -42.6193 26.9059 6
      vertex -43.0428 33.3474 6
      vertex -42.7664 27.3394 6
    endloop
  endfacet
  facet normal 0 0 1
    outer loop
      vertex -11 12 6
      vertex -43 34 6
      vertex -29 12 6
    endloop
  endfacet
  facet normal -0 -0 1
    outer loop
      vertex -43 34 6
      vertex -11 12 6
      vertex -43.0428 34.6526 6
    endloop
  endfacet
  facet normal 0 0 1
    outer loop
      vertex -11 12 6
      vertex -43.3806 35.9134 6
      vertex -43.1704 35.2941 6
    endloop
  endfacet
  facet normal 0 0 1
    outer loop
      vertex -11 12 6
      vertex -43.6699 36.5 6
      vertex -43.3806 35.9134 6
    endloop
  endfacet
  facet normal 0 0 1
    outer loop
      vertex 43.6699 36.5 6
      vertex -43.6699 36.5 6
      vertex -11 12 6
    endloop
  endfacet
  facet normal 0 0 1
    outer loop
      vertex 44.4645 37.5355 6
      vertex -44.4645 37.5355 6
      vertex -44.0332 37.0438 6
    endloop
  endfacet
  facet normal 0 0 1
    outer loop
      vertex 44.9562 37.9668 6
      vertex -44.9562 37.9668 6
      vertex -44.4645 37.5355 6
    endloop
  endfacet
  facet normal 0 0 1
    outer loop
      vertex 45.5 38.3301 6
      vertex -45.5 38.3301 6
      vertex -44.9562 37.9668 6
    endloop
  endfacet
  facet normal 0 0 1
    outer loop
      vertex 45.5 38.3301 6
      vertex -46.0866 38.6194 6
      vertex -45.5 38.3301 6
    endloop
  endfacet
  facet normal -0 0 1
    outer loop
      vertex -79 60 6
      vertex -46.0866 38.6194 6
      vertex 79 60 6
    endloop
  endfacet
  facet normal 0 0 1
    outer loop
      vertex -46.0866 38.6194 6
      vertex -79 60 6
      vertex -46.7059 38.8296 6
    endloop
  endfacet
  facet normal 0 0 1
    outer loop
      vertex -46.7059 38.8296 6
      vertex -79 60 6
      vertex -47.3474 38.9572 6
    endloop
  endfacet
  facet normal 0 0 1
    outer loop
      vertex -47.3474 38.9572 6
      vertex -79 60 6
      vertex -48 39 6
    endloop
  endfacet
  facet normal -0 0 1
    outer loop
      vertex -73.7216 48.334 6
      vertex -52.8296 35.2941 6
      vertex -73.5151 48.5151 6
    endloop
  endfacet
  facet normal 0 0 1
    outer loop
      vertex -52.6194 35.9134 6
      vertex -73.5151 48.5151 6
      vertex -52.8296 35.2941 6
    endloop
  endfacet
  facet normal 0 0 1
    outer loop
      vertex -51.9668 37.0438 6
      vertex -73.1813 48.95 6
      vertex -52.3301 36.5 6
    endloop
  endfacet
  facet normal -0 0 1
    outer loop
      vertex -73.1813 48.95 6
      vertex -51.9668 37.0438 6
      vertex -73.0599 49.1964 6
    endloop
  endfacet
  facet normal -0 0 1
    outer loop
      vertex -73.0599 49.1964 6
      vertex -51.9668 37.0438 6
      vertex -72.9716 49.4565 6
    endloop
  endfacet
  facet normal 0 0 1
    outer loop
      vertex -51.5355 37.5355 6
      vertex -72.9716 49.4565 6
      vertex -51.9668 37.0438 6
    endloop
  endfacet
  facet normal -0 0 1
    outer loop
      vertex -72.9716 49.4565 6
      vertex -51.5355 37.5355 6
      vertex -72.918 49.7259 6
    endloop
  endfacet
  facet normal 0 0 1
    outer loop
      vertex -51.0438 37.9668 6
      vertex -72.918 49.7259 6
      vertex -51.5355 37.5355 6
    endloop
  endfacet
  facet normal -0 0 1
    outer loop
      vertex -72.918 49.7259 6
      vertex -51.0438 37.9668 6
      vertex -72.9 50 6
    endloop
  endfacet
  facet normal 0 0 1
    outer loop
      vertex -50.5 38.3301 6
      vertex -72.9 50 6
      vertex -51.0438 37.9668 6
    endloop
  endfacet
  facet normal 0 0 1
    outer loop
      vertex -72.918 50.2741 6
      vertex -50.5 38.3301 6
      vertex -49.9134 38.6194 6
    endloop
  endfacet
  facet normal 0 0 1
    outer loop
      vertex -72.9716 50.5435 6
      vertex -49.9134 38.6194 6
      vertex -49.2941 38.8296 6
    endloop
  endfacet
  facet normal 0 0 1
    outer loop
      vertex -73.0599 50.8036 6
      vertex -49.2941 38.8296 6
      vertex -48.6526 38.9572 6
    endloop
  endfacet
  facet normal -0 -0 1
    outer loop
      vertex -73.334 51.2784 6
      vertex -48 39 6
      vertex -79 60 6
    endloop
  endfacet
  facet normal 0 0 1
    outer loop
      vertex -50.5 38.3301 6
      vertex -72.918 50.2741 6
      vertex -72.9 50 6
    endloop
  endfacet
  facet normal 0 0 1
    outer loop
      vertex -49.9134 38.6194 6
      vertex -72.9716 50.5435 6
      vertex -72.918 50.2741 6
    endloop
  endfacet
  facet normal 0 0 1
    outer loop
      vertex -49.2941 38.8296 6
      vertex -73.0599 50.8036 6
      vertex -72.9716 50.5435 6
    endloop
  endfacet
  facet normal 0 0 1
    outer loop
      vertex -48.6526 38.9572 6
      vertex -73.1813 51.05 6
      vertex -73.0599 50.8036 6
    endloop
  endfacet
  facet normal 0 0 1
    outer loop
      vertex -48.6526 38.9572 6
      vertex -73.334 51.2784 6
      vertex -73.1813 51.05 6
    endloop
  endfacet
  facet normal 0 0 1
    outer loop
      vertex -48 39 6
      vertex -73.334 51.2784 6
      vertex -48.6526 38.9572 6
    endloop
  endfacet
  facet normal 0 0 1
    outer loop
      vertex -73.334 51.2784 6
      vertex -79 60 6
      vertex -73.5151 51.4849 6
    endloop
  endfacet
  facet normal 0 0 1
    outer loop
      vertex -73.5151 51.4849 6
      vertex -79 60 6
      vertex -73.7216 51.666 6
    endloop
  endfacet
  facet normal 0 0 1
    outer loop
      vertex -73.7216 51.666 6
      vertex -79 60 6
      vertex -73.95 51.8187 6
    endloop
  endfacet
  facet normal 0 0 1
    outer loop
      vertex -73.95 51.8187 6
      vertex -79 60 6
      vertex -74.1964 51.9401 6
    endloop
  endfacet
  facet normal 0 0 1
    outer loop
      vertex -74.1964 51.9401 6
      vertex -79 60 6
      vertex -74.4565 52.0284 6
    endloop
  endfacet
  facet normal 0 0 1
    outer loop
      vertex -74.4565 52.0284 6
      vertex -79 60 6
      vertex -74.7259 52.082 6
    endloop
  endfacet
  facet normal -0 0 1
    outer loop
      vertex -83.7601 57.6526 6
      vertex -76.4849 51.4849 6
      vertex -83.2426 58.2426 6
    endloop
  endfacet
  facet normal -0 0 1
    outer loop
      vertex -83.2426 58.2426 6
      vertex -76.4849 51.4849 6
      vertex -82.6526 58.7601 6
    endloop
  endfacet
  facet normal -0 0 1
    outer loop
      vertex -82.6526 58.7601 6
      vertex -76.4849 51.4849 6
      vertex -82 59.1962 6
    endloop
  endfacet
  facet normal -0 0 1
    outer loop
      vertex -82 59.1962 6
      vertex -76.4849 51.4849 6
      vertex -81.2961 59.5433 6
    endloop
  endfacet
  facet normal 0 0 1
    outer loop
      vertex -76.2784 51.666 6
      vertex -81.2961 59.5433 6
      vertex -76.4849 51.4849 6
    endloop
  endfacet
  facet normal -0 0 1
    outer loop
      vertex -81.2961 59.5433 6
      vertex -76.2784 51.666 6
      vertex -80.5529 59.7955 6
    endloop
  endfacet
  facet normal -0 0 1
    outer loop
      vertex -80.5529 59.7955 6
      vertex -76.2784 51.666 6
      vertex -79.7831 59.9487 6
    endloop
  endfacet
  facet normal -0 0 1
    outer loop
      vertex -79.7831 59.9487 6
      vertex -76.2784 51.666 6
      vertex -79 60 6
    endloop
  endfacet
  facet normal 0 0 1
    outer loop
      vertex -76.05 51.8187 6
      vertex -79 60 6
      vertex -76.2784 51.666 6
    endloop
  endfacet
  facet normal 0 0 1
    outer loop
      vertex -75.8036 51.9401 6
      vertex -79 60 6
      vertex -76.05 51.8187 6
    endloop
  endfacet
  facet normal 0 0 1
    outer loop
      vertex -75.5435 52.0284 6
      vertex -79 60 6
      vertex -75.8036 51.9401 6
    endloop
  endfacet
  facet normal 0 0 1
    outer loop
      vertex -75.2741 52.082 6
      vertex -79 60 6
      vertex -75.5435 52.0284 6
    endloop
  endfacet
  facet normal 0 0 1
    outer loop
      vertex -75 52.1 6
      vertex -79 60 6
      vertex -75.2741 52.082 6
    endloop
  endfacet
  facet normal 0 0 1
    outer loop
      vertex -74.7259 52.082 6
      vertex -79 60 6
      vertex -75 52.1 6
    endloop
  endfacet
  facet normal 0 0 1
    outer loop
      vertex 83.7601 -57.6526 6
      vertex 76.4849 -51.4849 6
      vertex 83.2426 -58.2426 6
    endloop
  endfacet
  facet normal 0 0 1
    outer loop
      vertex 83.2426 -58.2426 6
      vertex 76.4849 -51.4849 6
      vertex 82.6526 -58.7601 6
    endloop
  endfacet
  facet normal 0 0 1
    outer loop
      vertex 82.6526 -58.7601 6
      vertex 76.4849 -51.4849 6
      vertex 82 -59.1962 6
    endloop
  endfacet
  facet normal 0 0 1
    outer loop
      vertex 82 -59.1962 6
      vertex 76.4849 -51.4849 6
      vertex 81.2961 -59.5433 6
    endloop
  endfacet
  facet normal -0 0 1
    outer loop
      vertex 76.2784 -51.666 6
      vertex 81.2961 -59.5433 6
      vertex 76.4849 -51.4849 6
    endloop
  endfacet
  facet normal 0 0 1
    outer loop
      vertex 81.2961 -59.5433 6
      vertex 76.2784 -51.666 6
      vertex 80.5529 -59.7955 6
    endloop
  endfacet
  facet normal 0 0 1
    outer loop
      vertex 80.5529 -59.7955 6
      vertex 76.2784 -51.666 6
      vertex 79.7831 -59.9487 6
    endloop
  endfacet
  facet normal 0 0 1
    outer loop
      vertex 79.7831 -59.9487 6
      vertex 76.2784 -51.666 6
      vertex 79 -60 6
    endloop
  endfacet
  facet normal -0 0 1
    outer loop
      vertex 76.05 -51.8187 6
      vertex 79 -60 6
      vertex 76.2784 -51.666 6
    endloop
  endfacet
  facet normal -0 0 1
    outer loop
      vertex 75.8036 -51.9401 6
      vertex 79 -60 6
      vertex 76.05 -51.8187 6
    endloop
  endfacet
  facet normal -0 0 1
    outer loop
      vertex 75.5435 -52.0284 6
      vertex 79 -60 6
      vertex 75.8036 -51.9401 6
    endloop
  endfacet
  facet normal -0 0 1
    outer loop
      vertex 75.2741 -52.082 6
      vertex 79 -60 6
      vertex 75.5435 -52.0284 6
    endloop
  endfacet
  facet normal -0 0 1
    outer loop
      vertex 75 -52.1 6
      vertex 79 -60 6
      vertex 75.2741 -52.082 6
    endloop
  endfacet
  facet normal 0 0 1
    outer loop
      vertex 74.7259 -52.082 6
      vertex 79 -60 6
      vertex 75 -52.1 6
    endloop
  endfacet
  facet normal 0 0 1
    outer loop
      vertex 74.4565 -52.0284 6
      vertex 79 -60 6
      vertex 74.7259 -52.082 6
    endloop
  endfacet
  facet normal 0 0 1
    outer loop
      vertex 74.1964 -51.9401 6
      vertex 79 -60 6
      vertex 74.4565 -52.0284 6
    endloop
  endfacet
  facet normal 0 0 1
    outer loop
      vertex 73.95 -51.8187 6
      vertex 79 -60 6
      vertex 74.1964 -51.9401 6
    endloop
  endfacet
  facet normal 0 0 1
    outer loop
      vertex 73.7216 -51.666 6
      vertex 79 -60 6
      vertex 73.95 -51.8187 6
    endloop
  endfacet
  facet normal 0 0 1
    outer loop
      vertex 73.5151 -51.4849 6
      vertex 79 -60 6
      vertex 73.7216 -51.666 6
    endloop
  endfacet
  facet normal 0 0 1
    outer loop
      vertex 73.334 -51.2784 6
      vertex 79 -60 6
      vertex 73.5151 -51.4849 6
    endloop
  endfacet
  facet normal 0 0 1
    outer loop
      vertex 48 -39 6
      vertex 73.334 -51.2784 6
      vertex 73.1813 -51.05 6
    endloop
  endfacet
  facet normal 0 0 1
    outer loop
      vertex 73.334 -48.7216 6
      vertex 52.3301 -36.5 6
      vertex 73.1813 -48.95 6
    endloop
  endfacet
  facet normal -0 0 1
    outer loop
      vertex 51.9668 -37.0438 6
      vertex 73.1813 -48.95 6
      vertex 52.3301 -36.5 6
    endloop
  endfacet
  facet normal 0 0 1
    outer loop
      vertex 73.1813 -48.95 6
      vertex 51.9668 -37.0438 6
      vertex 73.0599 -49.1964 6
    endloop
  endfacet
  facet normal 0 0 1
    outer loop
      vertex 73.0599 -49.1964 6
      vertex 51.9668 -37.0438 6
      vertex 72.9716 -49.4565 6
    endloop
  endfacet
  facet normal -0 0 1
    outer loop
      vertex 51.5355 -37.5355 6
      vertex 72.9716 -49.4565 6
      vertex 51.9668 -37.0438 6
    endloop
  endfacet
  facet normal 0 0 1
    outer loop
      vertex 72.9716 -49.4565 6
      vertex 51.5355 -37.5355 6
      vertex 72.918 -49.7259 6
    endloop
  endfacet
  facet normal -0 0 1
    outer loop
      vertex 51.0438 -37.9668 6
      vertex 72.918 -49.7259 6
      vertex 51.5355 -37.5355 6
    endloop
  endfacet
  facet normal 0 0 1
    outer loop
      vertex 72.918 -49.7259 6
      vertex 51.0438 -37.9668 6
      vertex 72.9 -50 6
    endloop
  endfacet
  facet normal -0 0 1
    outer loop
      vertex 50.5 -38.3301 6
      vertex 72.9 -50 6
      vertex 51.0438 -37.9668 6
    endloop
  endfacet
  facet normal 0 0 1
    outer loop
      vertex 72.9 -50 6
      vertex 50.5 -38.3301 6
      vertex 72.918 -50.2741 6
    endloop
  endfacet
  facet normal -0 0 1
    outer loop
      vertex 49.9134 -38.6194 6
      vertex 72.918 -50.2741 6
      vertex 50.5 -38.3301 6
    endloop
  endfacet
  facet normal 0 0 1
    outer loop
      vertex 72.918 -50.2741 6
      vertex 49.9134 -38.6194 6
      vertex 72.9716 -50.5435 6
    endloop
  endfacet
  facet normal -0 0 1
    outer loop
      vertex 49.2941 -38.8296 6
      vertex 72.9716 -50.5435 6
      vertex 49.9134 -38.6194 6
    endloop
  endfacet
  facet normal 0 0 1
    outer loop
      vertex 72.9716 -50.5435 6
      vertex 49.2941 -38.8296 6
      vertex 73.0599 -50.8036 6
    endloop
  endfacet
  facet normal 0 0 1
    outer loop
      vertex 73.0599 -50.8036 6
      vertex 49.2941 -38.8296 6
      vertex 73.1813 -51.05 6
    endloop
  endfacet
  facet normal -0 0 1
    outer loop
      vertex 48.6526 -38.9572 6
      vertex 73.1813 -51.05 6
      vertex 49.2941 -38.8296 6
    endloop
  endfacet
  facet normal -0 0 1
    outer loop
      vertex 48 -39 6
      vertex 73.1813 -51.05 6
      vertex 48.6526 -38.9572 6
    endloop
  endfacet
  facet normal 0 0 1
    outer loop
      vertex 73.334 -51.2784 6
      vertex 48 -39 6
      vertex 79 -60 6
    endloop
  endfacet
  facet normal 0 0 1
    outer loop
      vertex 47.3474 -38.9572 6
      vertex 79 -60 6
      vertex 48 -39 6
    endloop
  endfacet
  facet normal 0 0 1
    outer loop
      vertex 46.7059 -38.8296 6
      vertex 79 -60 6
      vertex 47.3474 -38.9572 6
    endloop
  endfacet
  facet normal 0 0 1
    outer loop
      vertex 46.0866 -38.6194 6
      vertex 79 -60 6
      vertex 46.7059 -38.8296 6
    endloop
  endfacet
  facet normal 0 0 1
    outer loop
      vertex 13.5432 -29.4701 6
      vertex 46.0866 -38.6194 6
      vertex 45.5 -38.3301 6
    endloop
  endfacet
  facet normal 0 0 1
    outer loop
      vertex 43.3806 -32.0866 6
      vertex 17.4701 -26.4568 6
      vertex 43.1704 -32.7059 6
    endloop
  endfacet
  facet normal 0 0 1
    outer loop
      vertex 17.5 -26 6
      vertex 42.7664 24.6606 6
      vertex 42.6193 25.0941 6
    endloop
  endfacet
  facet normal 0 0 1
    outer loop
      vertex 17.5 -26 6
      vertex 42.6193 25.0941 6
      vertex 42.5299 25.5432 6
    endloop
  endfacet
  facet normal 0 0 1
    outer loop
      vertex 17.5 -26 6
      vertex 42.5299 25.5432 6
      vertex 42.5 26 6
    endloop
  endfacet
  facet normal -0 0 1
    outer loop
      vertex 17.3807 -26.9059 6
      vertex 43.1704 -32.7059 6
      vertex 17.4701 -26.4568 6
    endloop
  endfacet
  facet normal 0 0 1
    outer loop
      vertex 43.1704 -32.7059 6
      vertex 17.3807 -26.9059 6
      vertex 43.0428 -33.3474 6
    endloop
  endfacet
  facet normal -0 0 1
    outer loop
      vertex 17.2336 -27.3394 6
      vertex 43.0428 -33.3474 6
      vertex 17.3807 -26.9059 6
    endloop
  endfacet
  facet normal 0 0 1
    outer loop
      vertex 43.0428 -33.3474 6
      vertex 17.2336 -27.3394 6
      vertex 43 -34 6
    endloop
  endfacet
  facet normal -0 0 1
    outer loop
      vertex 17.0311 -27.75 6
      vertex 43 -34 6
      vertex 17.2336 -27.3394 6
    endloop
  endfacet
  facet normal 0 0 1
    outer loop
      vertex 43 -34 6
      vertex 17.0311 -27.75 6
      vertex 43.0428 -34.6526 6
    endloop
  endfacet
  facet normal -0 0 1
    outer loop
      vertex 16.7767 -28.1307 6
      vertex 43.0428 -34.6526 6
      vertex 17.0311 -27.75 6
    endloop
  endfacet
  facet normal 0 0 1
    outer loop
      vertex 43.0428 -34.6526 6
      vertex 16.7767 -28.1307 6
      vertex 43.1704 -35.2941 6
    endloop
  endfacet
  facet normal -0 0 1
    outer loop
      vertex 16.4749 -28.4749 6
      vertex 43.1704 -35.2941 6
      vertex 16.7767 -28.1307 6
    endloop
  endfacet
  facet normal 0 0 1
    outer loop
      vertex 43.1704 -35.2941 6
      vertex 16.4749 -28.4749 6
      vertex 43.3806 -35.9134 6
    endloop
  endfacet
  facet normal -0 0 1
    outer loop
      vertex 16.1307 -28.7767 6
      vertex 43.3806 -35.9134 6
      vertex 16.4749 -28.4749 6
    endloop
  endfacet
  facet normal 0 0 1
    outer loop
      vertex 43.3806 -35.9134 6
      vertex 16.1307 -28.7767 6
      vertex 43.6699 -36.5 6
    endloop
  endfacet
  facet normal -0 0 1
    outer loop
      vertex 15.75 -29.0311 6
      vertex 43.6699 -36.5 6
      vertex 16.1307 -28.7767 6
    endloop
  endfacet
  facet normal 0 0 1
    outer loop
      vertex 43.6699 -36.5 6
      vertex 15.75 -29.0311 6
      vertex 44.0332 -37.0438 6
    endloop
  endfacet
  facet normal -0 0 1
    outer loop
      vertex 15.3394 -29.2336 6
      vertex 44.0332 -37.0438 6
      vertex 15.75 -29.0311 6
    endloop
  endfacet
  facet normal -0 0 1
    outer loop
      vertex 14.9059 -29.3807 6
      vertex 44.0332 -37.0438 6
      vertex 15.3394 -29.2336 6
    endloop
  endfacet
  facet normal 0 0 1
    outer loop
      vertex 44.0332 -37.0438 6
      vertex 14.9059 -29.3807 6
      vertex 44.4645 -37.5355 6
    endloop
  endfacet
  facet normal -0 0 1
    outer loop
      vertex 14.4568 -29.4701 6
      vertex 44.4645 -37.5355 6
      vertex 14.9059 -29.3807 6
    endloop
  endfacet
  facet normal 0 0 1
    outer loop
      vertex 44.4645 -37.5355 6
      vertex 14.4568 -29.4701 6
      vertex 44.9562 -37.9668 6
    endloop
  endfacet
  facet normal -0 0 1
    outer loop
      vertex 14 -29.5 6
      vertex 44.9562 -37.9668 6
      vertex 14.4568 -29.4701 6
    endloop
  endfacet
  facet normal 0 0 1
    outer loop
      vertex 44.9562 -37.9668 6
      vertex 14 -29.5 6
      vertex 45.5 -38.3301 6
    endloop
  endfacet
  facet normal 0 0 1
    outer loop
      vertex 13.5432 -29.4701 6
      vertex 45.5 -38.3301 6
      vertex 14 -29.5 6
    endloop
  endfacet
  facet normal 0 0 1
    outer loop
      vertex 46.0866 -38.6194 6
      vertex 13.5432 -29.4701 6
      vertex -46.0866 -38.6194 6
    endloop
  endfacet
  facet normal 0 0 1
    outer loop
      vertex -45.5 -38.3301 6
      vertex 13.5432 -29.4701 6
      vertex 13.0941 -29.3807 6
    endloop
  endfacet
  facet normal 0 0 1
    outer loop
      vertex -44.9562 -37.9668 6
      vertex 13.0941 -29.3807 6
      vertex 12.6606 -29.2336 6
    endloop
  endfacet
  facet normal 0 0 1
    outer loop
      vertex 10.5299 -25.5432 6
      vertex -11 -12 6
      vertex 10.5 -26 6
    endloop
  endfacet
  facet normal 0 0 1
    outer loop
      vertex 10.5 -26 6
      vertex -11 -12 6
      vertex 10.5299 -26.4568 6
    endloop
  endfacet
  facet normal 0 0 1
    outer loop
      vertex 10.5299 -26.4568 6
      vertex -11 -12 6
      vertex 10.6193 -26.9059 6
    endloop
  endfacet
  facet normal 0 0 1
    outer loop
      vertex 10.6193 -26.9059 6
      vertex -11 -12 6
      vertex 10.7664 -27.3394 6
    endloop
  endfacet
  facet normal 0 0 1
    outer loop
      vertex 10.7664 -27.3394 6
      vertex -11 -12 6
      vertex 10.9689 -27.75 6
    endloop
  endfacet
  facet normal 0 0 1
    outer loop
      vertex -43.0428 -34.6526 6
      vertex 10.9689 -27.75 6
      vertex -11 -12 6
    endloop
  endfacet
  facet normal 0 0 1
    outer loop
      vertex -43.1704 -35.2941 6
      vertex 10.9689 -27.75 6
      vertex -43.0428 -34.6526 6
    endloop
  endfacet
  facet normal 0 0 1
    outer loop
      vertex 10.9689 -27.75 6
      vertex -43.1704 -35.2941 6
      vertex 11.2233 -28.1307 6
    endloop
  endfacet
  facet normal 0 0 1
    outer loop
      vertex -43 -34 6
      vertex -11 -12 6
      vertex -29 -12 6
    endloop
  endfacet
  facet normal 0 0 1
    outer loop
      vertex -43.3806 -35.9134 6
      vertex 11.2233 -28.1307 6
      vertex -43.1704 -35.2941 6
    endloop
  endfacet
  facet normal 0 0 1
    outer loop
      vertex 11.2233 -28.1307 6
      vertex -43.3806 -35.9134 6
      vertex 11.5251 -28.4749 6
    endloop
  endfacet
  facet normal 0 0 1
    outer loop
      vertex -43.6699 -36.5 6
      vertex 11.5251 -28.4749 6
      vertex -43.3806 -35.9134 6
    endloop
  endfacet
  facet normal 0 0 1
    outer loop
      vertex -42.5299 -26.4568 6
      vertex -29 -12 6
      vertex -42.5 -26 6
    endloop
  endfacet
  facet normal 0 0 1
    outer loop
      vertex -42.6193 -26.9059 6
      vertex -29 -12 6
      vertex -42.5299 -26.4568 6
    endloop
  endfacet
  facet normal 0 0 1
    outer loop
      vertex -43.0428 -33.3474 6
      vertex -29 -12 6
      vertex -42.6193 -26.9059 6
    endloop
  endfacet
  facet normal 0 0 1
    outer loop
      vertex -43.0428 -33.3474 6
      vertex -42.6193 -26.9059 6
      vertex -42.7664 -27.3394 6
    endloop
  endfacet
  facet normal 0 0 1
    outer loop
      vertex -43.1704 -32.7059 6
      vertex -42.7664 -27.3394 6
      vertex -42.9689 -27.75 6
    endloop
  endfacet
  facet normal 0 0 1
    outer loop
      vertex -11 -12 6
      vertex -43 -34 6
      vertex -43.0428 -34.6526 6
    endloop
  endfacet
  facet normal 0 0 1
    outer loop
      vertex 11.5251 -28.4749 6
      vertex -43.6699 -36.5 6
      vertex 11.8693 -28.7767 6
    endloop
  endfacet
  facet normal 0 0 1
    outer loop
      vertex -44.0332 -37.0438 6
      vertex 11.8693 -28.7767 6
      vertex -43.6699 -36.5 6
    endloop
  endfacet
  facet normal 0 0 1
    outer loop
      vertex 11.8693 -28.7767 6
      vertex -44.0332 -37.0438 6
      vertex 12.25 -29.0311 6
    endloop
  endfacet
  facet normal 0 0 1
    outer loop
      vertex -44.4645 -37.5355 6
      vertex 12.25 -29.0311 6
      vertex -44.0332 -37.0438 6
    endloop
  endfacet
  facet normal 0 0 1
    outer loop
      vertex 12.25 -29.0311 6
      vertex -44.4645 -37.5355 6
      vertex 12.6606 -29.2336 6
    endloop
  endfacet
  facet normal 0 0 1
    outer loop
      vertex -44.9562 -37.9668 6
      vertex 12.6606 -29.2336 6
      vertex -44.4645 -37.5355 6
    endloop
  endfacet
  facet normal 0 0 1
    outer loop
      vertex 13.0941 -29.3807 6
      vertex -44.9562 -37.9668 6
      vertex -45.5 -38.3301 6
    endloop
  endfacet
  facet normal 0 0 1
    outer loop
      vertex 13.5432 -29.4701 6
      vertex -45.5 -38.3301 6
      vertex -46.0866 -38.6194 6
    endloop
  endfacet
  facet normal 0 0 1
    outer loop
      vertex 46.0866 -38.6194 6
      vertex -46.0866 -38.6194 6
      vertex 79 -60 6
    endloop
  endfacet
  facet normal 0 0 1
    outer loop
      vertex -79 -60 6
      vertex -46.0866 -38.6194 6
      vertex -46.7059 -38.8296 6
    endloop
  endfacet
  facet normal 0 0 1
    outer loop
      vertex -79 -60 6
      vertex -46.7059 -38.8296 6
      vertex -47.3474 -38.9572 6
    endloop
  endfacet
  facet normal 0 0 1
    outer loop
      vertex -79 -60 6
      vertex -47.3474 -38.9572 6
      vertex -48 -39 6
    endloop
  endfacet
  facet normal 0 0 1
    outer loop
      vertex -73.334 -51.2784 6
      vertex -48 -39 6
      vertex -48.6526 -38.9572 6
    endloop
  endfacet
  facet normal 0 0 1
    outer loop
      vertex -52.8296 35.2941 6
      vertex -73.7216 48.334 6
      vertex -52.9572 34.6526 6
    endloop
  endfacet
  facet normal 0 0 1
    outer loop
      vertex -52.9572 -33.3474 6
      vertex -72.9 -50 6
      vertex -53 -34 6
    endloop
  endfacet
  facet normal 0 0 1
    outer loop
      vertex -53 -34 6
      vertex -72.9 -50 6
      vertex -52.9572 -34.6526 6
    endloop
  endfacet
  facet normal 0 0 1
    outer loop
      vertex -52.9572 -34.6526 6
      vertex -72.9 -50 6
      vertex -52.8296 -35.2941 6
    endloop
  endfacet
  facet normal 0 0 1
    outer loop
      vertex -72.9 -50 6
      vertex -52.6194 -35.9134 6
      vertex -52.8296 -35.2941 6
    endloop
  endfacet
  facet normal 0 0 1
    outer loop
      vertex -72.9 -50 6
      vertex -52.3301 -36.5 6
      vertex -52.6194 -35.9134 6
    endloop
  endfacet
  facet normal 0 0 1
    outer loop
      vertex -72.9 -50 6
      vertex -51.9668 -37.0438 6
      vertex -52.3301 -36.5 6
    endloop
  endfacet
  facet normal 0 0 1
    outer loop
      vertex -72.9 -50 6
      vertex -51.5355 -37.5355 6
      vertex -51.9668 -37.0438 6
    endloop
  endfacet
  facet normal 0 0 1
    outer loop
      vertex -72.9 -50 6
      vertex -51.0438 -37.9668 6
      vertex -51.5355 -37.5355 6
    endloop
  endfacet
  facet normal 0 0 1
    outer loop
      vertex -72.9 -50 6
      vertex -50.5 -38.3301 6
      vertex -51.0438 -37.9668 6
    endloop
  endfacet
  facet normal 0 0 1
    outer loop
      vertex -72.918 -50.2741 6
      vertex -50.5 -38.3301 6
      vertex -72.9 -50 6
    endloop
  endfacet
  facet normal 0 0 1
    outer loop
      vertex -50.5 -38.3301 6
      vertex -72.918 -50.2741 6
      vertex -49.9134 -38.6194 6
    endloop
  endfacet
  facet normal 0 0 1
    outer loop
      vertex -72.9716 -50.5435 6
      vertex -49.9134 -38.6194 6
      vertex -72.918 -50.2741 6
    endloop
  endfacet
  facet normal 0 0 1
    outer loop
      vertex -49.9134 -38.6194 6
      vertex -72.9716 -50.5435 6
      vertex -49.2941 -38.8296 6
    endloop
  endfacet
  facet normal 0 0 1
    outer loop
      vertex -73.0599 -50.8036 6
      vertex -49.2941 -38.8296 6
      vertex -72.9716 -50.5435 6
    endloop
  endfacet
  facet normal 0 0 1
    outer loop
      vertex -49.2941 -38.8296 6
      vertex -73.0599 -50.8036 6
      vertex -48.6526 -38.9572 6
    endloop
  endfacet
  facet normal 0 0 1
    outer loop
      vertex -73.1813 -51.05 6
      vertex -48.6526 -38.9572 6
      vertex -73.0599 -50.8036 6
    endloop
  endfacet
  facet normal 0 0 1
    outer loop
      vertex -73.334 -51.2784 6
      vertex -48.6526 -38.9572 6
      vertex -73.1813 -51.05 6
    endloop
  endfacet
  facet normal 0 0 1
    outer loop
      vertex -48 -39 6
      vertex -73.334 -51.2784 6
      vertex -79 -60 6
    endloop
  endfacet
  facet normal 0 0 1
    outer loop
      vertex -79 -60 6
      vertex -73.334 -51.2784 6
      vertex -73.5151 -51.4849 6
    endloop
  endfacet
  facet normal 0 0 1
    outer loop
      vertex -79 -60 6
      vertex -73.5151 -51.4849 6
      vertex -73.7216 -51.666 6
    endloop
  endfacet
  facet normal 0 0 1
    outer loop
      vertex -79 -60 6
      vertex -73.7216 -51.666 6
      vertex -73.95 -51.8187 6
    endloop
  endfacet
  facet normal 0 0 1
    outer loop
      vertex -79 -60 6
      vertex -73.95 -51.8187 6
      vertex -74.1964 -51.9401 6
    endloop
  endfacet
  facet normal 0 0 1
    outer loop
      vertex -79 -60 6
      vertex -74.1964 -51.9401 6
      vertex -74.4565 -52.0284 6
    endloop
  endfacet
  facet normal 0 0 1
    outer loop
      vertex -79 -60 6
      vertex -74.4565 -52.0284 6
      vertex -74.7259 -52.082 6
    endloop
  endfacet
  facet normal 0 0 1
    outer loop
      vertex -79 -60 6
      vertex -74.7259 -52.082 6
      vertex -75 -52.1 6
    endloop
  endfacet
  facet normal 0 0 1
    outer loop
      vertex -46.0866 -38.6194 6
      vertex -79 -60 6
      vertex 79 -60 6
    endloop
  endfacet
  facet normal 0 0 1
    outer loop
      vertex -75.2741 -52.082 6
      vertex -79 -60 6
      vertex -75 -52.1 6
    endloop
  endfacet
  facet normal 0 0 1
    outer loop
      vertex -75.5435 -52.0284 6
      vertex -79 -60 6
      vertex -75.2741 -52.082 6
    endloop
  endfacet
  facet normal 0 0 1
    outer loop
      vertex -75.8036 -51.9401 6
      vertex -79 -60 6
      vertex -75.5435 -52.0284 6
    endloop
  endfacet
  facet normal 0 0 1
    outer loop
      vertex -76.05 -51.8187 6
      vertex -79 -60 6
      vertex -75.8036 -51.9401 6
    endloop
  endfacet
  facet normal 0 0 1
    outer loop
      vertex -76.2784 -51.666 6
      vertex -79 -60 6
      vertex -76.05 -51.8187 6
    endloop
  endfacet
  facet normal 0 0 1
    outer loop
      vertex -81.2961 -59.5433 6
      vertex -76.2784 -51.666 6
      vertex -76.4849 -51.4849 6
    endloop
  endfacet
  facet normal 0 0 1
    outer loop
      vertex -84.1962 -57 6
      vertex -76.4849 -51.4849 6
      vertex -76.666 -51.2784 6
    endloop
  endfacet
  facet normal 0 0 1
    outer loop
      vertex -85 -54 6
      vertex -76.666 -51.2784 6
      vertex -76.8186 -51.05 6
    endloop
  endfacet
  facet normal 0 0 1
    outer loop
      vertex -85 -54 6
      vertex -76.8186 -51.05 6
      vertex -76.9401 -50.8036 6
    endloop
  endfacet
  facet normal 0 0 1
    outer loop
      vertex -85 -54 6
      vertex -76.9401 -50.8036 6
      vertex -77.0284 -50.5435 6
    endloop
  endfacet
  facet normal 0 0 1
    outer loop
      vertex -85 -54 6
      vertex -77.0284 -50.5435 6
      vertex -77.082 -50.2741 6
    endloop
  endfacet
  facet normal 0 0 1
    outer loop
      vertex -85 -54 6
      vertex -77.082 -50.2741 6
      vertex -77.1 -50 6
    endloop
  endfacet
  facet normal 0 0 1
    outer loop
      vertex -77.0284 -49.4565 6
      vertex -85 -54 6
      vertex -77.082 -49.7259 6
    endloop
  endfacet
  facet normal -0 0 1
    outer loop
      vertex -84.1962 57 6
      vertex -76.4849 51.4849 6
      vertex -83.7601 57.6526 6
    endloop
  endfacet
  facet normal 0 0 1
    outer loop
      vertex -77.082 -49.7259 6
      vertex -85 -54 6
      vertex -77.1 -50 6
    endloop
  endfacet
  facet normal 0 0 1
    outer loop
      vertex -76.4849 51.4849 6
      vertex -84.1962 57 6
      vertex -76.666 51.2784 6
    endloop
  endfacet
  facet normal 0 0 1
    outer loop
      vertex -76.666 -51.2784 6
      vertex -85 -54 6
      vertex -84.9487 -54.7831 6
    endloop
  endfacet
  facet normal -0 0 1
    outer loop
      vertex -84.5433 56.2961 6
      vertex -76.666 51.2784 6
      vertex -84.1962 57 6
    endloop
  endfacet
  facet normal 0 0 1
    outer loop
      vertex -76.2784 -51.666 6
      vertex -79.7831 -59.9487 6
      vertex -79 -60 6
    endloop
  endfacet
  facet normal -0 0 1
    outer loop
      vertex -84.7955 55.5529 6
      vertex -76.666 51.2784 6
      vertex -84.5433 56.2961 6
    endloop
  endfacet
  facet normal 0 0 1
    outer loop
      vertex -76.2784 -51.666 6
      vertex -80.5529 -59.7955 6
      vertex -79.7831 -59.9487 6
    endloop
  endfacet
  facet normal -0 0 1
    outer loop
      vertex -84.9487 54.7831 6
      vertex -76.666 51.2784 6
      vertex -84.7955 55.5529 6
    endloop
  endfacet
  facet normal 0 0 1
    outer loop
      vertex -76.2784 -51.666 6
      vertex -81.2961 -59.5433 6
      vertex -80.5529 -59.7955 6
    endloop
  endfacet
  facet normal -0 0 1
    outer loop
      vertex -85 54 6
      vertex -76.666 51.2784 6
      vertex -84.9487 54.7831 6
    endloop
  endfacet
  facet normal 0 0 1
    outer loop
      vertex -76.4849 -51.4849 6
      vertex -82 -59.1962 6
      vertex -81.2961 -59.5433 6
    endloop
  endfacet
  facet normal 0 0 1
    outer loop
      vertex -76.666 51.2784 6
      vertex -85 54 6
      vertex -76.8186 51.05 6
    endloop
  endfacet
  facet normal 0 0 1
    outer loop
      vertex -76.4849 -51.4849 6
      vertex -82.6526 -58.7601 6
      vertex -82 -59.1962 6
    endloop
  endfacet
  facet normal 0 0 1
    outer loop
      vertex -76.8186 51.05 6
      vertex -85 54 6
      vertex -76.9401 50.8036 6
    endloop
  endfacet
  facet normal 0 0 1
    outer loop
      vertex -76.4849 -51.4849 6
      vertex -83.2426 -58.2426 6
      vertex -82.6526 -58.7601 6
    endloop
  endfacet
  facet normal 0 0 1
    outer loop
      vertex -76.9401 50.8036 6
      vertex -85 54 6
      vertex -77.0284 50.5435 6
    endloop
  endfacet
  facet normal 0 0 1
    outer loop
      vertex -76.4849 -51.4849 6
      vertex -83.7601 -57.6526 6
      vertex -83.2426 -58.2426 6
    endloop
  endfacet
  facet normal 0 0 1
    outer loop
      vertex -77.0284 50.5435 6
      vertex -85 54 6
      vertex -77.082 50.2741 6
    endloop
  endfacet
  facet normal 0 0 1
    outer loop
      vertex -76.4849 -51.4849 6
      vertex -84.1962 -57 6
      vertex -83.7601 -57.6526 6
    endloop
  endfacet
  facet normal 0 0 1
    outer loop
      vertex -77.082 50.2741 6
      vertex -85 54 6
      vertex -77.1 50 6
    endloop
  endfacet
  facet normal 0 0 1
    outer loop
      vertex -76.666 -51.2784 6
      vertex -84.5433 -56.2961 6
      vertex -84.1962 -57 6
    endloop
  endfacet
  facet normal 0 0 1
    outer loop
      vertex -76.666 -51.2784 6
      vertex -84.7955 -55.5529 6
      vertex -84.5433 -56.2961 6
    endloop
  endfacet
  facet normal 0 0 1
    outer loop
      vertex -76.666 -51.2784 6
      vertex -84.9487 -54.7831 6
      vertex -84.7955 -55.5529 6
    endloop
  endfacet
  facet normal -0 0 1
    outer loop
      vertex 48.7767 23.8693 6
      vertex 51.9668 -30.9562 6
      vertex 49.0311 24.25 6
    endloop
  endfacet
  facet normal 0 0 1
    outer loop
      vertex 51.9668 -30.9562 6
      vertex 48.7767 23.8693 6
      vertex 51.5355 -30.4645 6
    endloop
  endfacet
  facet normal -0 0 1
    outer loop
      vertex 48.4749 23.5251 6
      vertex 51.5355 -30.4645 6
      vertex 48.7767 23.8693 6
    endloop
  endfacet
  facet normal 0 0 1
    outer loop
      vertex 51.5355 -30.4645 6
      vertex 48.4749 23.5251 6
      vertex 51.0438 -30.0332 6
    endloop
  endfacet
  facet normal -0 0 1
    outer loop
      vertex 48.1307 23.2233 6
      vertex 51.0438 -30.0332 6
      vertex 48.4749 23.5251 6
    endloop
  endfacet
  facet normal 0 0 1
    outer loop
      vertex 51.0438 -30.0332 6
      vertex 48.1307 23.2233 6
      vertex 50.5 -29.6699 6
    endloop
  endfacet
  facet normal -0 0 1
    outer loop
      vertex 47.75 22.9689 6
      vertex 50.5 -29.6699 6
      vertex 48.1307 23.2233 6
    endloop
  endfacet
  facet normal 0 0 1
    outer loop
      vertex 50.5 -29.6699 6
      vertex 47.75 22.9689 6
      vertex 49.9134 -29.3806 6
    endloop
  endfacet
  facet normal -0 0 1
    outer loop
      vertex 47.3394 22.7664 6
      vertex 49.9134 -29.3806 6
      vertex 47.75 22.9689 6
    endloop
  endfacet
  facet normal 0 0 1
    outer loop
      vertex 49.9134 -29.3806 6
      vertex 47.3394 22.7664 6
      vertex 49.2941 -29.1704 6
    endloop
  endfacet
  facet normal -0 0 1
    outer loop
      vertex 46.9059 22.6193 6
      vertex 49.2941 -29.1704 6
      vertex 47.3394 22.7664 6
    endloop
  endfacet
  facet normal 0 0 1
    outer loop
      vertex 49.2941 -29.1704 6
      vertex 46.9059 22.6193 6
      vertex 48.6526 -29.0428 6
    endloop
  endfacet
  facet normal -0 0 1
    outer loop
      vertex 46.4568 22.5299 6
      vertex 48.6526 -29.0428 6
      vertex 46.9059 22.6193 6
    endloop
  endfacet
  facet normal 0 0 1
    outer loop
      vertex 48.6526 -29.0428 6
      vertex 46.4568 22.5299 6
      vertex 48 -29 6
    endloop
  endfacet
  facet normal -0 0 1
    outer loop
      vertex 46 22.5 6
      vertex 48 -29 6
      vertex 46.4568 22.5299 6
    endloop
  endfacet
  facet normal 0 0 1
    outer loop
      vertex 48 -29 6
      vertex 46 22.5 6
      vertex 47.3474 -29.0428 6
    endloop
  endfacet
  facet normal 0 0 1
    outer loop
      vertex 45.5432 22.5299 6
      vertex 47.3474 -29.0428 6
      vertex 46 22.5 6
    endloop
  endfacet
  facet normal 0 0 1
    outer loop
      vertex 47.3474 -29.0428 6
      vertex 45.5432 22.5299 6
      vertex 46.7059 -29.1704 6
    endloop
  endfacet
  facet normal 0 0 1
    outer loop
      vertex 45.0941 22.6193 6
      vertex 46.7059 -29.1704 6
      vertex 45.5432 22.5299 6
    endloop
  endfacet
  facet normal 0 0 1
    outer loop
      vertex 46.7059 -29.1704 6
      vertex 45.0941 22.6193 6
      vertex 46.0866 -29.3806 6
    endloop
  endfacet
  facet normal 0 0 1
    outer loop
      vertex 44.6606 22.7664 6
      vertex 46.0866 -29.3806 6
      vertex 45.0941 22.6193 6
    endloop
  endfacet
  facet normal -0 0 1
    outer loop
      vertex 17.5 -26 6
      vertex 46.0866 -29.3806 6
      vertex 44.6606 22.7664 6
    endloop
  endfacet
  facet normal 0 0 1
    outer loop
      vertex 17.5 -26 6
      vertex 44.6606 22.7664 6
      vertex 44.25 22.9689 6
    endloop
  endfacet
  facet normal 0 0 1
    outer loop
      vertex 46.0866 -29.3806 6
      vertex 17.5 -26 6
      vertex 45.5 -29.6699 6
    endloop
  endfacet
  facet normal 0 0 1
    outer loop
      vertex 17.5 -26 6
      vertex 44.25 22.9689 6
      vertex 43.8693 23.2233 6
    endloop
  endfacet
  facet normal 0 0 1
    outer loop
      vertex 45.5 -29.6699 6
      vertex 17.5 -26 6
      vertex 44.9562 -30.0332 6
    endloop
  endfacet
  facet normal 0 0 1
    outer loop
      vertex 17.5 -26 6
      vertex 43.8693 23.2233 6
      vertex 43.5251 23.5251 6
    endloop
  endfacet
  facet normal 0 0 1
    outer loop
      vertex 44.9562 -30.0332 6
      vertex 17.5 -26 6
      vertex 44.4645 -30.4645 6
    endloop
  endfacet
  facet normal 0 0 1
    outer loop
      vertex 17.5 -26 6
      vertex 43.5251 23.5251 6
      vertex 43.2233 23.8693 6
    endloop
  endfacet
  facet normal 0 0 1
    outer loop
      vertex 44.4645 -30.4645 6
      vertex 17.5 -26 6
      vertex 44.0332 -30.9562 6
    endloop
  endfacet
  facet normal 0 0 1
    outer loop
      vertex 17.5 -26 6
      vertex 43.2233 23.8693 6
      vertex 42.9689 24.25 6
    endloop
  endfacet
  facet normal 0 0 1
    outer loop
      vertex 44.0332 -30.9562 6
      vertex 17.5 -26 6
      vertex 43.6699 -31.5 6
    endloop
  endfacet
  facet normal 0 0 1
    outer loop
      vertex 17.5 -26 6
      vertex 42.9689 24.25 6
      vertex 42.7664 24.6606 6
    endloop
  endfacet
  facet normal 0 0 1
    outer loop
      vertex 43.6699 -31.5 6
      vertex 17.5 -26 6
      vertex 43.3806 -32.0866 6
    endloop
  endfacet
  facet normal -0 0 1
    outer loop
      vertex 17.4701 -26.4568 6
      vertex 43.3806 -32.0866 6
      vertex 17.5 -26 6
    endloop
  endfacet
  facet normal 0 0 1
    outer loop
      vertex 45.5 29.6699 6
      vertex 45.5432 29.4701 6
      vertex 45.8627 29.491 6
    endloop
  endfacet
  facet normal 0 0 1
    outer loop
      vertex 45.5 29.6699 6
      vertex 45.0941 29.3807 6
      vertex 45.5432 29.4701 6
    endloop
  endfacet
  facet normal 0 0 1
    outer loop
      vertex 44.9562 30.0332 6
      vertex 45.0941 29.3807 6
      vertex 45.5 29.6699 6
    endloop
  endfacet
  facet normal 0 0 1
    outer loop
      vertex 44.9562 30.0332 6
      vertex 44.6606 29.2336 6
      vertex 45.0941 29.3807 6
    endloop
  endfacet
  facet normal 0 0 1
    outer loop
      vertex 44.4645 30.4645 6
      vertex 44.6606 29.2336 6
      vertex 44.9562 30.0332 6
    endloop
  endfacet
  facet normal 0 0 1
    outer loop
      vertex 44.4645 30.4645 6
      vertex 44.25 29.0311 6
      vertex 44.6606 29.2336 6
    endloop
  endfacet
  facet normal 0 0 1
    outer loop
      vertex 43.8693 28.7767 6
      vertex 44.4645 30.4645 6
      vertex 44.0332 30.9562 6
    endloop
  endfacet
  facet normal 0 0 1
    outer loop
      vertex 44.4645 30.4645 6
      vertex 43.8693 28.7767 6
      vertex 44.25 29.0311 6
    endloop
  endfacet
  facet normal 0 0 1
    outer loop
      vertex 43.5251 28.4749 6
      vertex 44.0332 30.9562 6
      vertex 43.6699 31.5 6
    endloop
  endfacet
  facet normal 0 0 1
    outer loop
      vertex 44.0332 30.9562 6
      vertex 43.5251 28.4749 6
      vertex 43.8693 28.7767 6
    endloop
  endfacet
  facet normal 0 0 1
    outer loop
      vertex 43.2233 28.1307 6
      vertex 43.6699 31.5 6
      vertex 43.3806 32.0866 6
    endloop
  endfacet
  facet normal 0 0 1
    outer loop
      vertex 43.6699 31.5 6
      vertex 43.2233 28.1307 6
      vertex 43.5251 28.4749 6
    endloop
  endfacet
  facet normal 0 0 1
    outer loop
      vertex 42.9689 27.75 6
      vertex 43.3806 32.0866 6
      vertex 43.1704 32.7059 6
    endloop
  endfacet
  facet normal 0 0 1
    outer loop
      vertex 42.7664 27.3394 6
      vertex 43.1704 32.7059 6
      vertex 43.0428 33.3474 6
    endloop
  endfacet
  facet normal 0 0 1
    outer loop
      vertex 42.6193 26.9059 6
      vertex 43.0428 33.3474 6
      vertex 43 34 6
    endloop
  endfacet
  facet normal 0 0 1
    outer loop
      vertex 43.3806 32.0866 6
      vertex 42.9689 27.75 6
      vertex 43.2233 28.1307 6
    endloop
  endfacet
  facet normal 0 0 1
    outer loop
      vertex -44.4137 -25.7912 6
      vertex -44.4137 -26.2088 6
      vertex -44.4 -26 6
    endloop
  endfacet
  facet normal 0 0 1
    outer loop
      vertex -44.4545 -25.5859 6
      vertex -44.4137 -26.2088 6
      vertex -44.4137 -25.7912 6
    endloop
  endfacet
  facet normal 0 0 1
    outer loop
      vertex -44.4545 -25.5859 6
      vertex -44.4545 -26.4141 6
      vertex -44.4137 -26.2088 6
    endloop
  endfacet
  facet normal 0 0 1
    outer loop
      vertex -44.5218 -25.3877 6
      vertex -44.4545 -26.4141 6
      vertex -44.4545 -25.5859 6
    endloop
  endfacet
  facet normal 0 0 1
    outer loop
      vertex -44.5218 -25.3877 6
      vertex -44.5218 -26.6123 6
      vertex -44.4545 -26.4141 6
    endloop
  endfacet
  facet normal 0 0 1
    outer loop
      vertex -44.6144 -25.2 6
      vertex -44.5218 -26.6123 6
      vertex -44.5218 -25.3877 6
    endloop
  endfacet
  facet normal 0 0 1
    outer loop
      vertex -44.6144 -25.2 6
      vertex -44.6144 -26.8 6
      vertex -44.5218 -26.6123 6
    endloop
  endfacet
  facet normal 0 0 1
    outer loop
      vertex -44.7306 -25.026 6
      vertex -44.6144 -26.8 6
      vertex -44.6144 -25.2 6
    endloop
  endfacet
  facet normal 0 0 1
    outer loop
      vertex -44.7306 -25.026 6
      vertex -44.7306 -26.974 6
      vertex -44.6144 -26.8 6
    endloop
  endfacet
  facet normal 0 0 1
    outer loop
      vertex -44.8686 -24.8686 6
      vertex -44.7306 -26.974 6
      vertex -44.7306 -25.026 6
    endloop
  endfacet
  facet normal 0 0 1
    outer loop
      vertex -44.8686 -24.8686 6
      vertex -44.8686 -27.1314 6
      vertex -44.7306 -26.974 6
    endloop
  endfacet
  facet normal 0 0 1
    outer loop
      vertex -45.026 -24.7306 6
      vertex -44.8686 -27.1314 6
      vertex -44.8686 -24.8686 6
    endloop
  endfacet
  facet normal 0 0 1
    outer loop
      vertex -45.026 -24.7306 6
      vertex -45.026 -27.2694 6
      vertex -44.8686 -27.1314 6
    endloop
  endfacet
  facet normal 0 0 1
    outer loop
      vertex -45.2 -24.6144 6
      vertex -45.026 -27.2694 6
      vertex -45.026 -24.7306 6
    endloop
  endfacet
  facet normal 0 0 1
    outer loop
      vertex -45.2 -24.6144 6
      vertex -45.2 -27.3856 6
      vertex -45.026 -27.2694 6
    endloop
  endfacet
  facet normal 0 0 1
    outer loop
      vertex -45.3877 -24.5218 6
      vertex -45.2 -27.3856 6
      vertex -45.2 -24.6144 6
    endloop
  endfacet
  facet normal 0 0 1
    outer loop
      vertex -45.3877 -24.5218 6
      vertex -45.3877 -27.4782 6
      vertex -45.2 -27.3856 6
    endloop
  endfacet
  facet normal 0 0 1
    outer loop
      vertex -45.5859 -24.4545 6
      vertex -45.3877 -27.4782 6
      vertex -45.3877 -24.5218 6
    endloop
  endfacet
  facet normal 0 0 1
    outer loop
      vertex -45.5859 -24.4545 6
      vertex -45.5859 -27.5455 6
      vertex -45.3877 -27.4782 6
    endloop
  endfacet
  facet normal 0 0 1
    outer loop
      vertex -45.7912 -24.4137 6
      vertex -45.5859 -27.5455 6
      vertex -45.5859 -24.4545 6
    endloop
  endfacet
  facet normal 0 0 1
    outer loop
      vertex -45.7912 -24.4137 6
      vertex -45.7912 -27.5863 6
      vertex -45.5859 -27.5455 6
    endloop
  endfacet
  facet normal 0 0 1
    outer loop
      vertex -46 -24.4 6
      vertex -45.7912 -27.5863 6
      vertex -45.7912 -24.4137 6
    endloop
  endfacet
  facet normal 0 0 1
    outer loop
      vertex -46 -24.4 6
      vertex -46 -27.6 6
      vertex -45.7912 -27.5863 6
    endloop
  endfacet
  facet normal -0 0 1
    outer loop
      vertex -46.2088 -24.4137 6
      vertex -46 -27.6 6
      vertex -46 -24.4 6
    endloop
  endfacet
  facet normal 0 0 1
    outer loop
      vertex -46.2088 -24.4137 6
      vertex -46.2088 -27.5863 6
      vertex -46 -27.6 6
    endloop
  endfacet
  facet normal -0 0 1
    outer loop
      vertex -46.4141 -24.4545 6
      vertex -46.2088 -27.5863 6
      vertex -46.2088 -24.4137 6
    endloop
  endfacet
  facet normal 0 0 1
    outer loop
      vertex -46.4141 -24.4545 6
      vertex -46.4141 -27.5455 6
      vertex -46.2088 -27.5863 6
    endloop
  endfacet
  facet normal -0 0 1
    outer loop
      vertex -46.6123 -24.5218 6
      vertex -46.4141 -27.5455 6
      vertex -46.4141 -24.4545 6
    endloop
  endfacet
  facet normal 0 0 1
    outer loop
      vertex -46.6123 -24.5218 6
      vertex -46.6123 -27.4782 6
      vertex -46.4141 -27.5455 6
    endloop
  endfacet
  facet normal -0 0 1
    outer loop
      vertex -46.8 -24.6144 6
      vertex -46.6123 -27.4782 6
      vertex -46.6123 -24.5218 6
    endloop
  endfacet
  facet normal 0 0 1
    outer loop
      vertex -46.8 -24.6144 6
      vertex -46.8 -27.3856 6
      vertex -46.6123 -27.4782 6
    endloop
  endfacet
  facet normal -0 0 1
    outer loop
      vertex -46.974 -24.7306 6
      vertex -46.8 -27.3856 6
      vertex -46.8 -24.6144 6
    endloop
  endfacet
  facet normal 0 0 1
    outer loop
      vertex -46.974 -24.7306 6
      vertex -46.974 -27.2694 6
      vertex -46.8 -27.3856 6
    endloop
  endfacet
  facet normal -0 0 1
    outer loop
      vertex -47.1314 -24.8686 6
      vertex -46.974 -27.2694 6
      vertex -46.974 -24.7306 6
    endloop
  endfacet
  facet normal 0 0 1
    outer loop
      vertex -47.1314 -24.8686 6
      vertex -47.1314 -27.1314 6
      vertex -46.974 -27.2694 6
    endloop
  endfacet
  facet normal -0 0 1
    outer loop
      vertex -47.2694 -25.026 6
      vertex -47.1314 -27.1314 6
      vertex -47.1314 -24.8686 6
    endloop
  endfacet
  facet normal 0 0 1
    outer loop
      vertex -47.2694 -25.026 6
      vertex -47.2694 -26.974 6
      vertex -47.1314 -27.1314 6
    endloop
  endfacet
  facet normal -0 0 1
    outer loop
      vertex -47.3856 -25.2 6
      vertex -47.2694 -26.974 6
      vertex -47.2694 -25.026 6
    endloop
  endfacet
  facet normal 0 0 1
    outer loop
      vertex -47.3856 -25.2 6
      vertex -47.3856 -26.8 6
      vertex -47.2694 -26.974 6
    endloop
  endfacet
  facet normal -0 0 1
    outer loop
      vertex -47.4782 -25.3877 6
      vertex -47.3856 -26.8 6
      vertex -47.3856 -25.2 6
    endloop
  endfacet
  facet normal 0 0 1
    outer loop
      vertex -47.4782 -25.3877 6
      vertex -47.4782 -26.6123 6
      vertex -47.3856 -26.8 6
    endloop
  endfacet
  facet normal -0 0 1
    outer loop
      vertex -47.5455 -25.5859 6
      vertex -47.4782 -26.6123 6
      vertex -47.4782 -25.3877 6
    endloop
  endfacet
  facet normal 0 0 1
    outer loop
      vertex -47.5455 -25.5859 6
      vertex -47.5455 -26.4141 6
      vertex -47.4782 -26.6123 6
    endloop
  endfacet
  facet normal -0 0 1
    outer loop
      vertex -47.5863 -25.7912 6
      vertex -47.5455 -26.4141 6
      vertex -47.5455 -25.5859 6
    endloop
  endfacet
  facet normal 0 0 1
    outer loop
      vertex -47.5863 -25.7912 6
      vertex -47.5863 -26.2088 6
      vertex -47.5455 -26.4141 6
    endloop
  endfacet
  facet normal 0 -0 1
    outer loop
      vertex -47.5863 -26.2088 6
      vertex -47.5863 -25.7912 6
      vertex -47.6 -26 6
    endloop
  endfacet
  facet normal 0 0 1
    outer loop
      vertex -44.4137 26.2088 6
      vertex -44.4137 25.7912 6
      vertex -44.4 26 6
    endloop
  endfacet
  facet normal 0 0 1
    outer loop
      vertex -44.4545 26.4141 6
      vertex -44.4137 25.7912 6
      vertex -44.4137 26.2088 6
    endloop
  endfacet
  facet normal 0 0 1
    outer loop
      vertex -44.4545 26.4141 6
      vertex -44.4545 25.5859 6
      vertex -44.4137 25.7912 6
    endloop
  endfacet
  facet normal 0 0 1
    outer loop
      vertex -44.5218 26.6123 6
      vertex -44.4545 25.5859 6
      vertex -44.4545 26.4141 6
    endloop
  endfacet
  facet normal 0 0 1
    outer loop
      vertex -44.5218 26.6123 6
      vertex -44.5218 25.3877 6
      vertex -44.4545 25.5859 6
    endloop
  endfacet
  facet normal 0 0 1
    outer loop
      vertex -44.6144 26.8 6
      vertex -44.5218 25.3877 6
      vertex -44.5218 26.6123 6
    endloop
  endfacet
  facet normal 0 0 1
    outer loop
      vertex -44.6144 26.8 6
      vertex -44.6144 25.2 6
      vertex -44.5218 25.3877 6
    endloop
  endfacet
  facet normal 0 0 1
    outer loop
      vertex -44.7306 26.974 6
      vertex -44.6144 25.2 6
      vertex -44.6144 26.8 6
    endloop
  endfacet
  facet normal 0 0 1
    outer loop
      vertex -44.7306 26.974 6
      vertex -44.7306 25.026 6
      vertex -44.6144 25.2 6
    endloop
  endfacet
  facet normal 0 0 1
    outer loop
      vertex -44.8686 27.1314 6
      vertex -44.7306 25.026 6
      vertex -44.7306 26.974 6
    endloop
  endfacet
  facet normal 0 0 1
    outer loop
      vertex -44.8686 27.1314 6
      vertex -44.8686 24.8686 6
      vertex -44.7306 25.026 6
    endloop
  endfacet
  facet normal 0 0 1
    outer loop
      vertex -45.026 27.2694 6
      vertex -44.8686 24.8686 6
      vertex -44.8686 27.1314 6
    endloop
  endfacet
  facet normal 0 0 1
    outer loop
      vertex -45.026 27.2694 6
      vertex -45.026 24.7306 6
      vertex -44.8686 24.8686 6
    endloop
  endfacet
  facet normal 0 0 1
    outer loop
      vertex -45.2 27.3856 6
      vertex -45.026 24.7306 6
      vertex -45.026 27.2694 6
    endloop
  endfacet
  facet normal 0 0 1
    outer loop
      vertex -45.2 27.3856 6
      vertex -45.2 24.6144 6
      vertex -45.026 24.7306 6
    endloop
  endfacet
  facet normal 0 0 1
    outer loop
      vertex -45.3877 27.4782 6
      vertex -45.2 24.6144 6
      vertex -45.2 27.3856 6
    endloop
  endfacet
  facet normal 0 0 1
    outer loop
      vertex -45.3877 27.4782 6
      vertex -45.3877 24.5218 6
      vertex -45.2 24.6144 6
    endloop
  endfacet
  facet normal 0 0 1
    outer loop
      vertex -45.5859 27.5455 6
      vertex -45.3877 24.5218 6
      vertex -45.3877 27.4782 6
    endloop
  endfacet
  facet normal 0 0 1
    outer loop
      vertex -45.5859 27.5455 6
      vertex -45.5859 24.4545 6
      vertex -45.3877 24.5218 6
    endloop
  endfacet
  facet normal 0 0 1
    outer loop
      vertex -45.7912 27.5863 6
      vertex -45.5859 24.4545 6
      vertex -45.5859 27.5455 6
    endloop
  endfacet
  facet normal 0 0 1
    outer loop
      vertex -45.7912 27.5863 6
      vertex -45.7912 24.4137 6
      vertex -45.5859 24.4545 6
    endloop
  endfacet
  facet normal 0 0 1
    outer loop
      vertex -46 27.6 6
      vertex -45.7912 24.4137 6
      vertex -45.7912 27.5863 6
    endloop
  endfacet
  facet normal 0 0 1
    outer loop
      vertex -46 27.6 6
      vertex -46 24.4 6
      vertex -45.7912 24.4137 6
    endloop
  endfacet
  facet normal -0 0 1
    outer loop
      vertex -46.2088 27.5863 6
      vertex -46 24.4 6
      vertex -46 27.6 6
    endloop
  endfacet
  facet normal 0 0 1
    outer loop
      vertex -46.2088 27.5863 6
      vertex -46.2088 24.4137 6
      vertex -46 24.4 6
    endloop
  endfacet
  facet normal -0 0 1
    outer loop
      vertex -46.4141 27.5455 6
      vertex -46.2088 24.4137 6
      vertex -46.2088 27.5863 6
    endloop
  endfacet
  facet normal 0 0 1
    outer loop
      vertex -46.4141 27.5455 6
      vertex -46.4141 24.4545 6
      vertex -46.2088 24.4137 6
    endloop
  endfacet
  facet normal -0 0 1
    outer loop
      vertex -46.6123 27.4782 6
      vertex -46.4141 24.4545 6
      vertex -46.4141 27.5455 6
    endloop
  endfacet
  facet normal 0 0 1
    outer loop
      vertex -46.6123 27.4782 6
      vertex -46.6123 24.5218 6
      vertex -46.4141 24.4545 6
    endloop
  endfacet
  facet normal -0 0 1
    outer loop
      vertex -46.8 27.3856 6
      vertex -46.6123 24.5218 6
      vertex -46.6123 27.4782 6
    endloop
  endfacet
  facet normal 0 0 1
    outer loop
      vertex -46.8 27.3856 6
      vertex -46.8 24.6144 6
      vertex -46.6123 24.5218 6
    endloop
  endfacet
  facet normal -0 0 1
    outer loop
      vertex -46.974 27.2694 6
      vertex -46.8 24.6144 6
      vertex -46.8 27.3856 6
    endloop
  endfacet
  facet normal 0 0 1
    outer loop
      vertex -46.974 27.2694 6
      vertex -46.974 24.7306 6
      vertex -46.8 24.6144 6
    endloop
  endfacet
  facet normal -0 0 1
    outer loop
      vertex -47.1314 27.1314 6
      vertex -46.974 24.7306 6
      vertex -46.974 27.2694 6
    endloop
  endfacet
  facet normal 0 0 1
    outer loop
      vertex -47.1314 27.1314 6
      vertex -47.1314 24.8686 6
      vertex -46.974 24.7306 6
    endloop
  endfacet
  facet normal -0 0 1
    outer loop
      vertex -47.2694 26.974 6
      vertex -47.1314 24.8686 6
      vertex -47.1314 27.1314 6
    endloop
  endfacet
  facet normal 0 0 1
    outer loop
      vertex -47.2694 26.974 6
      vertex -47.2694 25.026 6
      vertex -47.1314 24.8686 6
    endloop
  endfacet
  facet normal -0 0 1
    outer loop
      vertex -47.3856 26.8 6
      vertex -47.2694 25.026 6
      vertex -47.2694 26.974 6
    endloop
  endfacet
  facet normal 0 0 1
    outer loop
      vertex -47.3856 26.8 6
      vertex -47.3856 25.2 6
      vertex -47.2694 25.026 6
    endloop
  endfacet
  facet normal -0 0 1
    outer loop
      vertex -47.4782 26.6123 6
      vertex -47.3856 25.2 6
      vertex -47.3856 26.8 6
    endloop
  endfacet
  facet normal 0 0 1
    outer loop
      vertex -47.4782 26.6123 6
      vertex -47.4782 25.3877 6
      vertex -47.3856 25.2 6
    endloop
  endfacet
  facet normal -0 0 1
    outer loop
      vertex -47.5455 26.4141 6
      vertex -47.4782 25.3877 6
      vertex -47.4782 26.6123 6
    endloop
  endfacet
  facet normal 0 0 1
    outer loop
      vertex -47.5455 26.4141 6
      vertex -47.5455 25.5859 6
      vertex -47.4782 25.3877 6
    endloop
  endfacet
  facet normal -0 0 1
    outer loop
      vertex -47.5863 26.2088 6
      vertex -47.5455 25.5859 6
      vertex -47.5455 26.4141 6
    endloop
  endfacet
  facet normal 0 0 1
    outer loop
      vertex -47.5863 26.2088 6
      vertex -47.5863 25.7912 6
      vertex -47.5455 25.5859 6
    endloop
  endfacet
  facet normal 0 -0 1
    outer loop
      vertex -47.5863 25.7912 6
      vertex -47.5863 26.2088 6
      vertex -47.6 26 6
    endloop
  endfacet
  facet normal 0 0 1
    outer loop
      vertex 15.5863 -25.7912 6
      vertex 15.5863 -26.2088 6
      vertex 15.6 -26 6
    endloop
  endfacet
  facet normal 0 0 1
    outer loop
      vertex 15.5455 -25.5859 6
      vertex 15.5863 -26.2088 6
      vertex 15.5863 -25.7912 6
    endloop
  endfacet
  facet normal 0 0 1
    outer loop
      vertex 15.5455 -25.5859 6
      vertex 15.5455 -26.4141 6
      vertex 15.5863 -26.2088 6
    endloop
  endfacet
  facet normal 0 0 1
    outer loop
      vertex 15.4782 -25.3877 6
      vertex 15.5455 -26.4141 6
      vertex 15.5455 -25.5859 6
    endloop
  endfacet
  facet normal 0 0 1
    outer loop
      vertex 15.4782 -25.3877 6
      vertex 15.4782 -26.6123 6
      vertex 15.5455 -26.4141 6
    endloop
  endfacet
  facet normal 0 0 1
    outer loop
      vertex 15.3856 -25.2 6
      vertex 15.4782 -26.6123 6
      vertex 15.4782 -25.3877 6
    endloop
  endfacet
  facet normal 0 0 1
    outer loop
      vertex 15.3856 -25.2 6
      vertex 15.3856 -26.8 6
      vertex 15.4782 -26.6123 6
    endloop
  endfacet
  facet normal 0 0 1
    outer loop
      vertex 15.2694 -25.026 6
      vertex 15.3856 -26.8 6
      vertex 15.3856 -25.2 6
    endloop
  endfacet
  facet normal 0 0 1
    outer loop
      vertex 15.2694 -25.026 6
      vertex 15.2694 -26.974 6
      vertex 15.3856 -26.8 6
    endloop
  endfacet
  facet normal 0 0 1
    outer loop
      vertex 15.1314 -24.8686 6
      vertex 15.2694 -26.974 6
      vertex 15.2694 -25.026 6
    endloop
  endfacet
  facet normal 0 0 1
    outer loop
      vertex 15.1314 -24.8686 6
      vertex 15.1314 -27.1314 6
      vertex 15.2694 -26.974 6
    endloop
  endfacet
  facet normal 0 0 1
    outer loop
      vertex 14.974 -24.7306 6
      vertex 15.1314 -27.1314 6
      vertex 15.1314 -24.8686 6
    endloop
  endfacet
  facet normal 0 0 1
    outer loop
      vertex 14.974 -24.7306 6
      vertex 14.974 -27.2694 6
      vertex 15.1314 -27.1314 6
    endloop
  endfacet
  facet normal 0 0 1
    outer loop
      vertex 14.8 -24.6144 6
      vertex 14.974 -27.2694 6
      vertex 14.974 -24.7306 6
    endloop
  endfacet
  facet normal 0 0 1
    outer loop
      vertex 14.8 -24.6144 6
      vertex 14.8 -27.3856 6
      vertex 14.974 -27.2694 6
    endloop
  endfacet
  facet normal 0 0 1
    outer loop
      vertex 14.6123 -24.5218 6
      vertex 14.8 -27.3856 6
      vertex 14.8 -24.6144 6
    endloop
  endfacet
  facet normal 0 0 1
    outer loop
      vertex 14.6123 -24.5218 6
      vertex 14.6123 -27.4782 6
      vertex 14.8 -27.3856 6
    endloop
  endfacet
  facet normal 0 0 1
    outer loop
      vertex 14.4141 -24.4545 6
      vertex 14.6123 -27.4782 6
      vertex 14.6123 -24.5218 6
    endloop
  endfacet
  facet normal 0 0 1
    outer loop
      vertex 14.4141 -24.4545 6
      vertex 14.4141 -27.5455 6
      vertex 14.6123 -27.4782 6
    endloop
  endfacet
  facet normal 0 0 1
    outer loop
      vertex 14.2088 -24.4137 6
      vertex 14.4141 -27.5455 6
      vertex 14.4141 -24.4545 6
    endloop
  endfacet
  facet normal 0 0 1
    outer loop
      vertex 14.2088 -24.4137 6
      vertex 14.2088 -27.5863 6
      vertex 14.4141 -27.5455 6
    endloop
  endfacet
  facet normal 0 0 1
    outer loop
      vertex 14 -24.4 6
      vertex 14.2088 -27.5863 6
      vertex 14.2088 -24.4137 6
    endloop
  endfacet
  facet normal 0 0 1
    outer loop
      vertex 14 -24.4 6
      vertex 14 -27.6 6
      vertex 14.2088 -27.5863 6
    endloop
  endfacet
  facet normal -0 0 1
    outer loop
      vertex 13.7912 -24.4137 6
      vertex 14 -27.6 6
      vertex 14 -24.4 6
    endloop
  endfacet
  facet normal 0 0 1
    outer loop
      vertex 13.7912 -24.4137 6
      vertex 13.7912 -27.5863 6
      vertex 14 -27.6 6
    endloop
  endfacet
  facet normal -0 0 1
    outer loop
      vertex 13.5859 -24.4545 6
      vertex 13.7912 -27.5863 6
      vertex 13.7912 -24.4137 6
    endloop
  endfacet
  facet normal 0 0 1
    outer loop
      vertex 13.5859 -24.4545 6
      vertex 13.5859 -27.5455 6
      vertex 13.7912 -27.5863 6
    endloop
  endfacet
  facet normal -0 0 1
    outer loop
      vertex 13.3877 -24.5218 6
      vertex 13.5859 -27.5455 6
      vertex 13.5859 -24.4545 6
    endloop
  endfacet
  facet normal 0 0 1
    outer loop
      vertex 13.3877 -24.5218 6
      vertex 13.3877 -27.4782 6
      vertex 13.5859 -27.5455 6
    endloop
  endfacet
  facet normal -0 0 1
    outer loop
      vertex 13.2 -24.6144 6
      vertex 13.3877 -27.4782 6
      vertex 13.3877 -24.5218 6
    endloop
  endfacet
  facet normal 0 0 1
    outer loop
      vertex 13.2 -24.6144 6
      vertex 13.2 -27.3856 6
      vertex 13.3877 -27.4782 6
    endloop
  endfacet
  facet normal -0 0 1
    outer loop
      vertex 13.026 -24.7306 6
      vertex 13.2 -27.3856 6
      vertex 13.2 -24.6144 6
    endloop
  endfacet
  facet normal 0 0 1
    outer loop
      vertex 13.026 -24.7306 6
      vertex 13.026 -27.2694 6
      vertex 13.2 -27.3856 6
    endloop
  endfacet
  facet normal -0 0 1
    outer loop
      vertex 12.8686 -24.8686 6
      vertex 13.026 -27.2694 6
      vertex 13.026 -24.7306 6
    endloop
  endfacet
  facet normal 0 0 1
    outer loop
      vertex 12.8686 -24.8686 6
      vertex 12.8686 -27.1314 6
      vertex 13.026 -27.2694 6
    endloop
  endfacet
  facet normal -0 0 1
    outer loop
      vertex 12.7306 -25.026 6
      vertex 12.8686 -27.1314 6
      vertex 12.8686 -24.8686 6
    endloop
  endfacet
  facet normal 0 0 1
    outer loop
      vertex 12.7306 -25.026 6
      vertex 12.7306 -26.974 6
      vertex 12.8686 -27.1314 6
    endloop
  endfacet
  facet normal -0 0 1
    outer loop
      vertex 12.6144 -25.2 6
      vertex 12.7306 -26.974 6
      vertex 12.7306 -25.026 6
    endloop
  endfacet
  facet normal 0 0 1
    outer loop
      vertex 12.6144 -25.2 6
      vertex 12.6144 -26.8 6
      vertex 12.7306 -26.974 6
    endloop
  endfacet
  facet normal -0 0 1
    outer loop
      vertex 12.5218 -25.3877 6
      vertex 12.6144 -26.8 6
      vertex 12.6144 -25.2 6
    endloop
  endfacet
  facet normal 0 0 1
    outer loop
      vertex 12.5218 -25.3877 6
      vertex 12.5218 -26.6123 6
      vertex 12.6144 -26.8 6
    endloop
  endfacet
  facet normal -0 0 1
    outer loop
      vertex 12.4545 -25.5859 6
      vertex 12.5218 -26.6123 6
      vertex 12.5218 -25.3877 6
    endloop
  endfacet
  facet normal 0 0 1
    outer loop
      vertex 12.4545 -25.5859 6
      vertex 12.4545 -26.4141 6
      vertex 12.5218 -26.6123 6
    endloop
  endfacet
  facet normal -0 0 1
    outer loop
      vertex 12.4137 -25.7912 6
      vertex 12.4545 -26.4141 6
      vertex 12.4545 -25.5859 6
    endloop
  endfacet
  facet normal 0 0 1
    outer loop
      vertex 12.4137 -25.7912 6
      vertex 12.4137 -26.2088 6
      vertex 12.4545 -26.4141 6
    endloop
  endfacet
  facet normal 0 -0 1
    outer loop
      vertex 12.4137 -26.2088 6
      vertex 12.4137 -25.7912 6
      vertex 12.4 -26 6
    endloop
  endfacet
  facet normal 0 0 1
    outer loop
      vertex 47.5863 26.2088 6
      vertex 47.5863 25.7912 6
      vertex 47.6 26 6
    endloop
  endfacet
  facet normal 0 0 1
    outer loop
      vertex 47.5455 26.4141 6
      vertex 47.5863 25.7912 6
      vertex 47.5863 26.2088 6
    endloop
  endfacet
  facet normal 0 0 1
    outer loop
      vertex 47.5455 26.4141 6
      vertex 47.5455 25.5859 6
      vertex 47.5863 25.7912 6
    endloop
  endfacet
  facet normal 0 0 1
    outer loop
      vertex 47.4782 26.6123 6
      vertex 47.5455 25.5859 6
      vertex 47.5455 26.4141 6
    endloop
  endfacet
  facet normal 0 0 1
    outer loop
      vertex 47.4782 26.6123 6
      vertex 47.4782 25.3877 6
      vertex 47.5455 25.5859 6
    endloop
  endfacet
  facet normal 0 0 1
    outer loop
      vertex 47.3856 26.8 6
      vertex 47.4782 25.3877 6
      vertex 47.4782 26.6123 6
    endloop
  endfacet
  facet normal 0 0 1
    outer loop
      vertex 47.3856 26.8 6
      vertex 47.3856 25.2 6
      vertex 47.4782 25.3877 6
    endloop
  endfacet
  facet normal 0 0 1
    outer loop
      vertex 47.2694 26.974 6
      vertex 47.3856 25.2 6
      vertex 47.3856 26.8 6
    endloop
  endfacet
  facet normal 0 0 1
    outer loop
      vertex 47.2694 26.974 6
      vertex 47.2694 25.026 6
      vertex 47.3856 25.2 6
    endloop
  endfacet
  facet normal 0 0 1
    outer loop
      vertex 47.1314 27.1314 6
      vertex 47.2694 25.026 6
      vertex 47.2694 26.974 6
    endloop
  endfacet
  facet normal 0 0 1
    outer loop
      vertex 47.1314 27.1314 6
      vertex 47.1314 24.8686 6
      vertex 47.2694 25.026 6
    endloop
  endfacet
  facet normal 0 0 1
    outer loop
      vertex 46.974 27.2694 6
      vertex 47.1314 24.8686 6
      vertex 47.1314 27.1314 6
    endloop
  endfacet
  facet normal 0 0 1
    outer loop
      vertex 46.974 27.2694 6
      vertex 46.974 24.7306 6
      vertex 47.1314 24.8686 6
    endloop
  endfacet
  facet normal 0 0 1
    outer loop
      vertex 46.8 27.3856 6
      vertex 46.974 24.7306 6
      vertex 46.974 27.2694 6
    endloop
  endfacet
  facet normal 0 0 1
    outer loop
      vertex 46.8 27.3856 6
      vertex 46.8 24.6144 6
      vertex 46.974 24.7306 6
    endloop
  endfacet
  facet normal 0 0 1
    outer loop
      vertex 46.6123 27.4782 6
      vertex 46.8 24.6144 6
      vertex 46.8 27.3856 6
    endloop
  endfacet
  facet normal 0 0 1
    outer loop
      vertex 46.6123 27.4782 6
      vertex 46.6123 24.5218 6
      vertex 46.8 24.6144 6
    endloop
  endfacet
  facet normal 0 0 1
    outer loop
      vertex 46.4141 27.5455 6
      vertex 46.6123 24.5218 6
      vertex 46.6123 27.4782 6
    endloop
  endfacet
  facet normal 0 0 1
    outer loop
      vertex 46.4141 27.5455 6
      vertex 46.4141 24.4545 6
      vertex 46.6123 24.5218 6
    endloop
  endfacet
  facet normal 0 0 1
    outer loop
      vertex 46.2088 27.5863 6
      vertex 46.4141 24.4545 6
      vertex 46.4141 27.5455 6
    endloop
  endfacet
  facet normal 0 0 1
    outer loop
      vertex 46.2088 27.5863 6
      vertex 46.2088 24.4137 6
      vertex 46.4141 24.4545 6
    endloop
  endfacet
  facet normal 0 0 1
    outer loop
      vertex 46 27.6 6
      vertex 46.2088 24.4137 6
      vertex 46.2088 27.5863 6
    endloop
  endfacet
  facet normal 0 0 1
    outer loop
      vertex 46 27.6 6
      vertex 46 24.4 6
      vertex 46.2088 24.4137 6
    endloop
  endfacet
  facet normal -0 0 1
    outer loop
      vertex 45.7912 27.5863 6
      vertex 46 24.4 6
      vertex 46 27.6 6
    endloop
  endfacet
  facet normal 0 0 1
    outer loop
      vertex 45.7912 27.5863 6
      vertex 45.7912 24.4137 6
      vertex 46 24.4 6
    endloop
  endfacet
  facet normal -0 0 1
    outer loop
      vertex 45.5859 27.5455 6
      vertex 45.7912 24.4137 6
      vertex 45.7912 27.5863 6
    endloop
  endfacet
  facet normal 0 0 1
    outer loop
      vertex 45.5859 27.5455 6
      vertex 45.5859 24.4545 6
      vertex 45.7912 24.4137 6
    endloop
  endfacet
  facet normal -0 0 1
    outer loop
      vertex 45.3877 27.4782 6
      vertex 45.5859 24.4545 6
      vertex 45.5859 27.5455 6
    endloop
  endfacet
  facet normal 0 0 1
    outer loop
      vertex 45.3877 27.4782 6
      vertex 45.3877 24.5218 6
      vertex 45.5859 24.4545 6
    endloop
  endfacet
  facet normal -0 0 1
    outer loop
      vertex 45.2 27.3856 6
      vertex 45.3877 24.5218 6
      vertex 45.3877 27.4782 6
    endloop
  endfacet
  facet normal 0 0 1
    outer loop
      vertex 45.2 27.3856 6
      vertex 45.2 24.6144 6
      vertex 45.3877 24.5218 6
    endloop
  endfacet
  facet normal -0 0 1
    outer loop
      vertex 45.026 27.2694 6
      vertex 45.2 24.6144 6
      vertex 45.2 27.3856 6
    endloop
  endfacet
  facet normal 0 0 1
    outer loop
      vertex 45.026 27.2694 6
      vertex 45.026 24.7306 6
      vertex 45.2 24.6144 6
    endloop
  endfacet
  facet normal -0 0 1
    outer loop
      vertex 44.8686 27.1314 6
      vertex 45.026 24.7306 6
      vertex 45.026 27.2694 6
    endloop
  endfacet
  facet normal 0 0 1
    outer loop
      vertex 44.8686 27.1314 6
      vertex 44.8686 24.8686 6
      vertex 45.026 24.7306 6
    endloop
  endfacet
  facet normal -0 0 1
    outer loop
      vertex 44.7306 26.974 6
      vertex 44.8686 24.8686 6
      vertex 44.8686 27.1314 6
    endloop
  endfacet
  facet normal 0 0 1
    outer loop
      vertex 44.7306 26.974 6
      vertex 44.7306 25.026 6
      vertex 44.8686 24.8686 6
    endloop
  endfacet
  facet normal -0 0 1
    outer loop
      vertex 44.6144 26.8 6
      vertex 44.7306 25.026 6
      vertex 44.7306 26.974 6
    endloop
  endfacet
  facet normal 0 0 1
    outer loop
      vertex 44.6144 26.8 6
      vertex 44.6144 25.2 6
      vertex 44.7306 25.026 6
    endloop
  endfacet
  facet normal -0 0 1
    outer loop
      vertex 44.5218 26.6123 6
      vertex 44.6144 25.2 6
      vertex 44.6144 26.8 6
    endloop
  endfacet
  facet normal 0 0 1
    outer loop
      vertex 44.5218 26.6123 6
      vertex 44.5218 25.3877 6
      vertex 44.6144 25.2 6
    endloop
  endfacet
  facet normal -0 0 1
    outer loop
      vertex 44.4545 26.4141 6
      vertex 44.5218 25.3877 6
      vertex 44.5218 26.6123 6
    endloop
  endfacet
  facet normal 0 0 1
    outer loop
      vertex 44.4545 26.4141 6
      vertex 44.4545 25.5859 6
      vertex 44.5218 25.3877 6
    endloop
  endfacet
  facet normal -0 0 1
    outer loop
      vertex 44.4137 26.2088 6
      vertex 44.4545 25.5859 6
      vertex 44.4545 26.4141 6
    endloop
  endfacet
  facet normal 0 0 1
    outer loop
      vertex 44.4137 26.2088 6
      vertex 44.4137 25.7912 6
      vertex 44.4545 25.5859 6
    endloop
  endfacet
  facet normal 0 -0 1
    outer loop
      vertex 44.4137 25.7912 6
      vertex 44.4137 26.2088 6
      vertex 44.4 26 6
    endloop
  endfacet
  facet normal -0.0653688 0.997861 0
    outer loop
      vertex -79 60 0
      vertex -79.7831 59.9487 6
      vertex -79 60 6
    endloop
  endfacet
  facet normal -0.0653688 0.997861 0
    outer loop
      vertex -79.7831 59.9487 6
      vertex -79 60 0
      vertex -79.7831 59.9487 0
    endloop
  endfacet
  facet normal 0.0653688 -0.997861 0
    outer loop
      vertex 79 -60 0
      vertex 79.7831 -59.9487 6
      vertex 79 -60 6
    endloop
  endfacet
  facet normal 0.0653688 -0.997861 0
    outer loop
      vertex 79.7831 -59.9487 6
      vertex 79 -60 0
      vertex 79.7831 -59.9487 0
    endloop
  endfacet
  facet normal 0.195185 -0.980766 0
    outer loop
      vertex 79.7831 -59.9487 0
      vertex 80.5529 -59.7955 6
      vertex 79.7831 -59.9487 6
    endloop
  endfacet
  facet normal 0.195185 -0.980766 0
    outer loop
      vertex 80.5529 -59.7955 6
      vertex 79.7831 -59.9487 0
      vertex 80.5529 -59.7955 0
    endloop
  endfacet
  facet normal 0.997861 -0.0653688 -3.83047e-19
    outer loop
      vertex 84.9487 -54.7831 6
      vertex 85 -54 0
      vertex 85 -54 6
    endloop
  endfacet
  facet normal 0.997861 -0.0653688 -3.83047e-19
    outer loop
      vertex 85 -54 0
      vertex 84.9487 -54.7831 6
      vertex 84.9487 -54.7831 0
    endloop
  endfacet
  facet normal -0.0653688 -0.997861 0
    outer loop
      vertex -79.7831 -59.9487 0
      vertex -79 -60 6
      vertex -79.7831 -59.9487 6
    endloop
  endfacet
  facet normal -0.0653688 -0.997861 -0
    outer loop
      vertex -79 -60 6
      vertex -79.7831 -59.9487 0
      vertex -79 -60 0
    endloop
  endfacet
  facet normal -0 0 -1
    outer loop
      vertex -42.6123 -8.47821 0
      vertex -73.334 -48.7216 0
      vertex -42.8 -8.38564 0
    endloop
  endfacet
  facet normal 0 0 -1
    outer loop
      vertex -55 3 0
      vertex -72.918 49.7259 0
      vertex -72.9 50 0
    endloop
  endfacet
  facet normal 0 0 -1
    outer loop
      vertex -73.5151 -48.5151 0
      vertex -42.8 -8.38564 0
      vertex -73.334 -48.7216 0
    endloop
  endfacet
  facet normal 0 0 -1
    outer loop
      vertex -55 3 0
      vertex -72.9716 49.4565 0
      vertex -72.918 49.7259 0
    endloop
  endfacet
  facet normal -0 0 -1
    outer loop
      vertex -42.8 -8.38564 0
      vertex -73.5151 -48.5151 0
      vertex -42.974 -8.26937 0
    endloop
  endfacet
  facet normal 0 0 -1
    outer loop
      vertex -55 3 0
      vertex -73.0599 49.1964 0
      vertex -72.9716 49.4565 0
    endloop
  endfacet
  facet normal 0 0 -1
    outer loop
      vertex -73.7216 -48.334 0
      vertex -42.974 -8.26937 0
      vertex -73.5151 -48.5151 0
    endloop
  endfacet
  facet normal 0 0 -1
    outer loop
      vertex -55 3 0
      vertex -73.1813 48.95 0
      vertex -73.0599 49.1964 0
    endloop
  endfacet
  facet normal -0 0 -1
    outer loop
      vertex -42.974 -8.26937 0
      vertex -73.7216 -48.334 0
      vertex -55 -3 0
    endloop
  endfacet
  facet normal 0 0 -1
    outer loop
      vertex -55 3 0
      vertex -73.334 48.7216 0
      vertex -73.1813 48.95 0
    endloop
  endfacet
  facet normal 0 0 -1
    outer loop
      vertex -73.95 -48.1813 0
      vertex -55 -3 0
      vertex -73.7216 -48.334 0
    endloop
  endfacet
  facet normal 0 0 -1
    outer loop
      vertex -55 3 0
      vertex -73.5151 48.5151 0
      vertex -73.334 48.7216 0
    endloop
  endfacet
  facet normal 0 0 -1
    outer loop
      vertex -74.1964 -48.0599 0
      vertex -55 -3 0
      vertex -73.95 -48.1813 0
    endloop
  endfacet
  facet normal 0 0 -1
    outer loop
      vertex -55 3 0
      vertex -73.7216 48.334 0
      vertex -73.5151 48.5151 0
    endloop
  endfacet
  facet normal 0 0 -1
    outer loop
      vertex -74.4565 -47.9716 0
      vertex -55 -3 0
      vertex -74.1964 -48.0599 0
    endloop
  endfacet
  facet normal 0 0 -1
    outer loop
      vertex -55 3 0
      vertex -73.95 48.1813 0
      vertex -73.7216 48.334 0
    endloop
  endfacet
  facet normal 0 0 -1
    outer loop
      vertex -74.7259 -47.918 0
      vertex -55 -3 0
      vertex -74.4565 -47.9716 0
    endloop
  endfacet
  facet normal 0 0 -1
    outer loop
      vertex -55 3 0
      vertex -74.1964 48.0599 0
      vertex -73.95 48.1813 0
    endloop
  endfacet
  facet normal 0 0 -1
    outer loop
      vertex -75 -47.9 0
      vertex -55 -3 0
      vertex -74.7259 -47.918 0
    endloop
  endfacet
  facet normal 0 0 -1
    outer loop
      vertex -55 3 0
      vertex -74.4565 47.9716 0
      vertex -74.1964 48.0599 0
    endloop
  endfacet
  facet normal 0 0 -1
    outer loop
      vertex -75.2741 -47.918 0
      vertex -55 -3 0
      vertex -75 -47.9 0
    endloop
  endfacet
  facet normal 0 0 -1
    outer loop
      vertex -55 3 0
      vertex -74.7259 47.918 0
      vertex -74.4565 47.9716 0
    endloop
  endfacet
  facet normal 0 0 -1
    outer loop
      vertex -75.5435 -47.9716 0
      vertex -55 -3 0
      vertex -75.2741 -47.918 0
    endloop
  endfacet
  facet normal 0 0 -1
    outer loop
      vertex -55 3 0
      vertex -75 47.9 0
      vertex -74.7259 47.918 0
    endloop
  endfacet
  facet normal 0 0 -1
    outer loop
      vertex -75.8036 -48.0599 0
      vertex -55 -3 0
      vertex -75.5435 -47.9716 0
    endloop
  endfacet
  facet normal 0 0 -1
    outer loop
      vertex -55 3 0
      vertex -75.2741 47.918 0
      vertex -75 47.9 0
    endloop
  endfacet
  facet normal 0 0 -1
    outer loop
      vertex -76.05 -48.1813 0
      vertex -55 -3 0
      vertex -75.8036 -48.0599 0
    endloop
  endfacet
  facet normal 0 0 -1
    outer loop
      vertex -55 3 0
      vertex -75.5435 47.9716 0
      vertex -75.2741 47.918 0
    endloop
  endfacet
  facet normal 0 0 -1
    outer loop
      vertex -76.2784 -48.334 0
      vertex -55 -3 0
      vertex -76.05 -48.1813 0
    endloop
  endfacet
  facet normal 0 0 -1
    outer loop
      vertex -55 3 0
      vertex -75.8036 48.0599 0
      vertex -75.5435 47.9716 0
    endloop
  endfacet
  facet normal 0 0 -1
    outer loop
      vertex -85 -54 0
      vertex -55 -3 0
      vertex -76.2784 -48.334 0
    endloop
  endfacet
  facet normal 0 0 -1
    outer loop
      vertex -55 3 0
      vertex -76.05 48.1813 0
      vertex -75.8036 48.0599 0
    endloop
  endfacet
  facet normal -0 0 -1
    outer loop
      vertex -55 -3 0
      vertex -85 -54 0
      vertex -55 3 0
    endloop
  endfacet
  facet normal 0 0 -1
    outer loop
      vertex -55 3 0
      vertex -76.2784 48.334 0
      vertex -76.05 48.1813 0
    endloop
  endfacet
  facet normal 0 0 -1
    outer loop
      vertex -85 -54 0
      vertex -76.2784 -48.334 0
      vertex -76.4849 -48.5151 0
    endloop
  endfacet
  facet normal 0 0 -1
    outer loop
      vertex -85 54 0
      vertex -55 3 0
      vertex -85 -54 0
    endloop
  endfacet
  facet normal 0 0 -1
    outer loop
      vertex -85 -54 0
      vertex -76.4849 -48.5151 0
      vertex -76.666 -48.7216 0
    endloop
  endfacet
  facet normal 0 0 -1
    outer loop
      vertex -55 3 0
      vertex -85 54 0
      vertex -76.2784 48.334 0
    endloop
  endfacet
  facet normal 0 0 -1
    outer loop
      vertex -85 -54 0
      vertex -76.666 -48.7216 0
      vertex -76.8186 -48.95 0
    endloop
  endfacet
  facet normal 0 0 -1
    outer loop
      vertex -76.2784 48.334 0
      vertex -85 54 0
      vertex -76.4849 48.5151 0
    endloop
  endfacet
  facet normal 0 0 -1
    outer loop
      vertex -85 -54 0
      vertex -76.8186 -48.95 0
      vertex -76.9401 -49.1964 0
    endloop
  endfacet
  facet normal 0 0 -1
    outer loop
      vertex -76.4849 48.5151 0
      vertex -85 54 0
      vertex -76.666 48.7216 0
    endloop
  endfacet
  facet normal 0 0 -1
    outer loop
      vertex -85 -54 0
      vertex -76.9401 -49.1964 0
      vertex -77.0284 -49.4565 0
    endloop
  endfacet
  facet normal 0 0 -1
    outer loop
      vertex -76.666 48.7216 0
      vertex -85 54 0
      vertex -76.8186 48.95 0
    endloop
  endfacet
  facet normal 0 0 -1
    outer loop
      vertex -85 -54 0
      vertex -77.0284 -49.4565 0
      vertex -77.082 -49.7259 0
    endloop
  endfacet
  facet normal 0 0 -1
    outer loop
      vertex -76.8186 48.95 0
      vertex -85 54 0
      vertex -76.9401 49.1964 0
    endloop
  endfacet
  facet normal 0 0 -1
    outer loop
      vertex -85 -54 0
      vertex -77.082 -49.7259 0
      vertex -77.1 -50 0
    endloop
  endfacet
  facet normal 0 0 -1
    outer loop
      vertex -76.9401 49.1964 0
      vertex -85 54 0
      vertex -77.0284 49.4565 0
    endloop
  endfacet
  facet normal 0 0 -1
    outer loop
      vertex -31 3 0
      vertex -40.4137 6.79116 0
      vertex -40.4 7 0
    endloop
  endfacet
  facet normal 0 0 -1
    outer loop
      vertex -31 3 0
      vertex -40.4545 6.58589 0
      vertex -40.4137 6.79116 0
    endloop
  endfacet
  facet normal 0 0 -1
    outer loop
      vertex -31 3 0
      vertex -40.5218 6.38771 0
      vertex -40.4545 6.58589 0
    endloop
  endfacet
  facet normal 0 0 -1
    outer loop
      vertex -31 3 0
      vertex -40.6144 6.2 0
      vertex -40.5218 6.38771 0
    endloop
  endfacet
  facet normal 0 0 -1
    outer loop
      vertex -31 3 0
      vertex -40.7306 6.02598 0
      vertex -40.6144 6.2 0
    endloop
  endfacet
  facet normal 0 0 -1
    outer loop
      vertex -31 3 0
      vertex -40.8686 5.86863 0
      vertex -40.7306 6.02598 0
    endloop
  endfacet
  facet normal 0 0 -1
    outer loop
      vertex -31 3 0
      vertex -41.026 5.73063 0
      vertex -40.8686 5.86863 0
    endloop
  endfacet
  facet normal 0 0 -1
    outer loop
      vertex -31 3 0
      vertex -41.2 5.61436 0
      vertex -41.026 5.73063 0
    endloop
  endfacet
  facet normal 0 0 -1
    outer loop
      vertex -31 3 0
      vertex -41.3877 5.52179 0
      vertex -41.2 5.61436 0
    endloop
  endfacet
  facet normal 0 0 -1
    outer loop
      vertex -31 3 0
      vertex -41.5859 5.45452 0
      vertex -41.3877 5.52179 0
    endloop
  endfacet
  facet normal 0 0 -1
    outer loop
      vertex -31 3 0
      vertex -41.7912 5.41369 0
      vertex -41.5859 5.45452 0
    endloop
  endfacet
  facet normal 0 0 -1
    outer loop
      vertex -31 3 0
      vertex -42 5.4 0
      vertex -41.7912 5.41369 0
    endloop
  endfacet
  facet normal 0 0 -1
    outer loop
      vertex -55 3 0
      vertex -42 5.4 0
      vertex -31 3 0
    endloop
  endfacet
  facet normal -0 0 -1
    outer loop
      vertex -42 5.4 0
      vertex -55 3 0
      vertex -42.2088 5.41369 0
    endloop
  endfacet
  facet normal -0 0 -1
    outer loop
      vertex -43.5863 6.79116 0
      vertex -55 3 0
      vertex -43.6 7 0
    endloop
  endfacet
  facet normal -0 0 -1
    outer loop
      vertex -43.5455 6.58589 0
      vertex -55 3 0
      vertex -43.5863 6.79116 0
    endloop
  endfacet
  facet normal -0 0 -1
    outer loop
      vertex -43.4782 6.38771 0
      vertex -55 3 0
      vertex -43.5455 6.58589 0
    endloop
  endfacet
  facet normal -0 0 -1
    outer loop
      vertex -43.3856 6.2 0
      vertex -55 3 0
      vertex -43.4782 6.38771 0
    endloop
  endfacet
  facet normal -0 0 -1
    outer loop
      vertex -43.2694 6.02598 0
      vertex -55 3 0
      vertex -43.3856 6.2 0
    endloop
  endfacet
  facet normal -0 0 -1
    outer loop
      vertex -43.1314 5.86863 0
      vertex -55 3 0
      vertex -43.2694 6.02598 0
    endloop
  endfacet
  facet normal -0 0 -1
    outer loop
      vertex -42.974 5.73063 0
      vertex -55 3 0
      vertex -43.1314 5.86863 0
    endloop
  endfacet
  facet normal -0 0 -1
    outer loop
      vertex -42.8 5.61436 0
      vertex -55 3 0
      vertex -42.974 5.73063 0
    endloop
  endfacet
  facet normal -0 0 -1
    outer loop
      vertex -42.6123 5.52179 0
      vertex -55 3 0
      vertex -42.8 5.61436 0
    endloop
  endfacet
  facet normal -0 0 -1
    outer loop
      vertex -42.4141 5.45452 0
      vertex -55 3 0
      vertex -42.6123 5.52179 0
    endloop
  endfacet
  facet normal -0 0 -1
    outer loop
      vertex -42.2088 5.41369 0
      vertex -55 3 0
      vertex -42.4141 5.45452 0
    endloop
  endfacet
  facet normal 0 0 -1
    outer loop
      vertex 76.9401 -49.1964 0
      vertex 85 -54 0
      vertex 77.0284 -49.4565 0
    endloop
  endfacet
  facet normal 0 0 -1
    outer loop
      vertex 85 54 0
      vertex 77.082 49.7259 0
      vertex 77.1 50 0
    endloop
  endfacet
  facet normal 0 0 -1
    outer loop
      vertex 76.8186 -48.95 0
      vertex 85 -54 0
      vertex 76.9401 -49.1964 0
    endloop
  endfacet
  facet normal 0 0 -1
    outer loop
      vertex 85 54 0
      vertex 77.0284 49.4565 0
      vertex 77.082 49.7259 0
    endloop
  endfacet
  facet normal 0 0 -1
    outer loop
      vertex 76.666 -48.7216 0
      vertex 85 -54 0
      vertex 76.8186 -48.95 0
    endloop
  endfacet
  facet normal 0 0 -1
    outer loop
      vertex 85 54 0
      vertex 76.9401 49.1964 0
      vertex 77.0284 49.4565 0
    endloop
  endfacet
  facet normal 0 0 -1
    outer loop
      vertex 76.4849 -48.5151 0
      vertex 85 -54 0
      vertex 76.666 -48.7216 0
    endloop
  endfacet
  facet normal 0 0 -1
    outer loop
      vertex 85 54 0
      vertex 76.8186 48.95 0
      vertex 76.9401 49.1964 0
    endloop
  endfacet
  facet normal 0 0 -1
    outer loop
      vertex 76.2784 -48.334 0
      vertex 85 -54 0
      vertex 76.4849 -48.5151 0
    endloop
  endfacet
  facet normal 0 0 -1
    outer loop
      vertex 85 54 0
      vertex 76.666 48.7216 0
      vertex 76.8186 48.95 0
    endloop
  endfacet
  facet normal 0 0 -1
    outer loop
      vertex 85 -54 0
      vertex 76.2784 -48.334 0
      vertex 85 54 0
    endloop
  endfacet
  facet normal 0 0 -1
    outer loop
      vertex 85 54 0
      vertex 76.4849 48.5151 0
      vertex 76.666 48.7216 0
    endloop
  endfacet
  facet normal 0 0 -1
    outer loop
      vertex 76.2784 48.334 0
      vertex 85 54 0
      vertex 76.2784 -48.334 0
    endloop
  endfacet
  facet normal 0 0 -1
    outer loop
      vertex 85 54 0
      vertex 76.2784 48.334 0
      vertex 76.4849 48.5151 0
    endloop
  endfacet
  facet normal 0 0 -1
    outer loop
      vertex 76.05 -48.1813 0
      vertex 76.2784 48.334 0
      vertex 76.2784 -48.334 0
    endloop
  endfacet
  facet normal 0 0 -1
    outer loop
      vertex 76.05 -48.1813 0
      vertex 76.05 48.1813 0
      vertex 76.2784 48.334 0
    endloop
  endfacet
  facet normal 0 0 -1
    outer loop
      vertex 75.8036 -48.0599 0
      vertex 76.05 48.1813 0
      vertex 76.05 -48.1813 0
    endloop
  endfacet
  facet normal 0 0 -1
    outer loop
      vertex 75.8036 -48.0599 0
      vertex 75.8036 48.0599 0
      vertex 76.05 48.1813 0
    endloop
  endfacet
  facet normal 0 0 -1
    outer loop
      vertex 75.5435 -47.9716 0
      vertex 75.8036 48.0599 0
      vertex 75.8036 -48.0599 0
    endloop
  endfacet
  facet normal 0 0 -1
    outer loop
      vertex 75.5435 -47.9716 0
      vertex 75.5435 47.9716 0
      vertex 75.8036 48.0599 0
    endloop
  endfacet
  facet normal 0 0 -1
    outer loop
      vertex 75.2741 -47.918 0
      vertex 75.5435 47.9716 0
      vertex 75.5435 -47.9716 0
    endloop
  endfacet
  facet normal 0 0 -1
    outer loop
      vertex 75.2741 -47.918 0
      vertex 75.2741 47.918 0
      vertex 75.5435 47.9716 0
    endloop
  endfacet
  facet normal 0 0 -1
    outer loop
      vertex 75 -47.9 0
      vertex 75.2741 47.918 0
      vertex 75.2741 -47.918 0
    endloop
  endfacet
  facet normal 0 0 -1
    outer loop
      vertex 75 -47.9 0
      vertex 75 47.9 0
      vertex 75.2741 47.918 0
    endloop
  endfacet
  facet normal 0 0 -1
    outer loop
      vertex 74.7259 -47.918 0
      vertex 75 47.9 0
      vertex 75 -47.9 0
    endloop
  endfacet
  facet normal 0 0 -1
    outer loop
      vertex 74.7259 -47.918 0
      vertex 74.7259 47.918 0
      vertex 75 47.9 0
    endloop
  endfacet
  facet normal 0 0 -1
    outer loop
      vertex 74.4565 -47.9716 0
      vertex 74.7259 47.918 0
      vertex 74.7259 -47.918 0
    endloop
  endfacet
  facet normal 0 0 -1
    outer loop
      vertex 74.4565 -47.9716 0
      vertex 74.4565 47.9716 0
      vertex 74.7259 47.918 0
    endloop
  endfacet
  facet normal 0 0 -1
    outer loop
      vertex 74.1964 -48.0599 0
      vertex 74.4565 47.9716 0
      vertex 74.4565 -47.9716 0
    endloop
  endfacet
  facet normal 0 0 -1
    outer loop
      vertex 74.1964 -48.0599 0
      vertex 74.1964 48.0599 0
      vertex 74.4565 47.9716 0
    endloop
  endfacet
  facet normal 0 0 -1
    outer loop
      vertex 73.95 -48.1813 0
      vertex 74.1964 48.0599 0
      vertex 74.1964 -48.0599 0
    endloop
  endfacet
  facet normal 0 0 -1
    outer loop
      vertex 73.95 -48.1813 0
      vertex 73.95 48.1813 0
      vertex 74.1964 48.0599 0
    endloop
  endfacet
  facet normal 0 0 -1
    outer loop
      vertex 73.7216 -48.334 0
      vertex 73.95 48.1813 0
      vertex 73.95 -48.1813 0
    endloop
  endfacet
  facet normal 0 0 -1
    outer loop
      vertex 73.7216 -48.334 0
      vertex 73.7216 48.334 0
      vertex 73.95 48.1813 0
    endloop
  endfacet
  facet normal 0 0 -1
    outer loop
      vertex -17.4222 -0.339368 0
      vertex 73.7216 -48.334 0
      vertex 73.5151 -48.5151 0
    endloop
  endfacet
  facet normal 0 0 -1
    outer loop
      vertex 73.7216 -48.334 0
      vertex -17.4 0 0
      vertex 73.7216 48.334 0
    endloop
  endfacet
  facet normal 0 0 -1
    outer loop
      vertex -17.4886 -0.672929 0
      vertex 73.5151 -48.5151 0
      vertex 73.334 -48.7216 0
    endloop
  endfacet
  facet normal 0 0 -1
    outer loop
      vertex -17.4222 0.339368 0
      vertex 73.7216 48.334 0
      vertex -17.4 0 0
    endloop
  endfacet
  facet normal 0 0 -1
    outer loop
      vertex -17.5979 -0.994976 0
      vertex 73.334 -48.7216 0
      vertex 73.1813 -48.95 0
    endloop
  endfacet
  facet normal -0 0 -1
    outer loop
      vertex 73.7216 48.334 0
      vertex -17.4222 0.339368 0
      vertex 73.5151 48.5151 0
    endloop
  endfacet
  facet normal 0 0 -1
    outer loop
      vertex -17.7483 -1.3 0
      vertex 73.1813 -48.95 0
      vertex 73.0599 -49.1964 0
    endloop
  endfacet
  facet normal 0 0 -1
    outer loop
      vertex -17.4886 0.672929 0
      vertex 73.5151 48.5151 0
      vertex -17.4222 0.339368 0
    endloop
  endfacet
  facet normal 0 0 -1
    outer loop
      vertex -17.9373 -1.58278 0
      vertex 73.0599 -49.1964 0
      vertex 72.9716 -49.4565 0
    endloop
  endfacet
  facet normal -0 0 -1
    outer loop
      vertex 73.5151 48.5151 0
      vertex -17.4886 0.672929 0
      vertex 73.334 48.7216 0
    endloop
  endfacet
  facet normal 0 0 -1
    outer loop
      vertex -18.1615 -1.83848 0
      vertex 72.9716 -49.4565 0
      vertex 72.918 -49.7259 0
    endloop
  endfacet
  facet normal 0 0 -1
    outer loop
      vertex -17.5979 0.994976 0
      vertex 73.334 48.7216 0
      vertex -17.4886 0.672929 0
    endloop
  endfacet
  facet normal 0 0 -1
    outer loop
      vertex -18.4172 -2.06272 0
      vertex 72.918 -49.7259 0
      vertex 72.9 -50 0
    endloop
  endfacet
  facet normal -0 0 -1
    outer loop
      vertex 73.334 48.7216 0
      vertex -17.5979 0.994976 0
      vertex 73.1813 48.95 0
    endloop
  endfacet
  facet normal 0 0 -1
    outer loop
      vertex 76.666 -51.2784 0
      vertex 85 -54 0
      vertex 84.9487 -54.7831 0
    endloop
  endfacet
  facet normal 0 0 -1
    outer loop
      vertex 77.082 -49.7259 0
      vertex 85 -54 0
      vertex 77.1 -50 0
    endloop
  endfacet
  facet normal 0 0 -1
    outer loop
      vertex 76.666 -51.2784 0
      vertex 84.9487 -54.7831 0
      vertex 84.7955 -55.5529 0
    endloop
  endfacet
  facet normal 0 0 -1
    outer loop
      vertex 77.0284 -49.4565 0
      vertex 85 -54 0
      vertex 77.082 -49.7259 0
    endloop
  endfacet
  facet normal 0 0 -1
    outer loop
      vertex 76.666 -51.2784 0
      vertex 84.7955 -55.5529 0
      vertex 84.5433 -56.2961 0
    endloop
  endfacet
  facet normal 0 0 -1
    outer loop
      vertex 77.082 50.2741 0
      vertex 85 54 0
      vertex 77.1 50 0
    endloop
  endfacet
  facet normal 0 0 -1
    outer loop
      vertex 76.666 -51.2784 0
      vertex 84.5433 -56.2961 0
      vertex 84.1962 -57 0
    endloop
  endfacet
  facet normal 0 0 -1
    outer loop
      vertex 77.0284 50.5435 0
      vertex 85 54 0
      vertex 77.082 50.2741 0
    endloop
  endfacet
  facet normal 0 0 -1
    outer loop
      vertex 76.4849 -51.4849 0
      vertex 84.1962 -57 0
      vertex 83.7601 -57.6526 0
    endloop
  endfacet
  facet normal 0 0 -1
    outer loop
      vertex 76.9401 50.8036 0
      vertex 85 54 0
      vertex 77.0284 50.5435 0
    endloop
  endfacet
  facet normal 0 0 -1
    outer loop
      vertex 76.4849 -51.4849 0
      vertex 83.7601 -57.6526 0
      vertex 83.2426 -58.2426 0
    endloop
  endfacet
  facet normal 0 0 -1
    outer loop
      vertex 76.8186 51.05 0
      vertex 85 54 0
      vertex 76.9401 50.8036 0
    endloop
  endfacet
  facet normal 0 0 -1
    outer loop
      vertex 76.4849 -51.4849 0
      vertex 83.2426 -58.2426 0
      vertex 82.6526 -58.7601 0
    endloop
  endfacet
  facet normal 0 0 -1
    outer loop
      vertex 76.666 51.2784 0
      vertex 85 54 0
      vertex 76.8186 51.05 0
    endloop
  endfacet
  facet normal 0 0 -1
    outer loop
      vertex 76.4849 -51.4849 0
      vertex 82.6526 -58.7601 0
      vertex 82 -59.1962 0
    endloop
  endfacet
  facet normal -0 0 -1
    outer loop
      vertex 85 54 0
      vertex 76.666 51.2784 0
      vertex 84.9487 54.7831 0
    endloop
  endfacet
  facet normal 0 0 -1
    outer loop
      vertex 76.4849 -51.4849 0
      vertex 82 -59.1962 0
      vertex 81.2961 -59.5433 0
    endloop
  endfacet
  facet normal -0 0 -1
    outer loop
      vertex 84.9487 54.7831 0
      vertex 76.666 51.2784 0
      vertex 84.7955 55.5529 0
    endloop
  endfacet
  facet normal 0 0 -1
    outer loop
      vertex 76.2784 -51.666 0
      vertex 81.2961 -59.5433 0
      vertex 80.5529 -59.7955 0
    endloop
  endfacet
  facet normal -0 0 -1
    outer loop
      vertex 84.7955 55.5529 0
      vertex 76.666 51.2784 0
      vertex 84.5433 56.2961 0
    endloop
  endfacet
  facet normal 0 0 -1
    outer loop
      vertex 76.2784 -51.666 0
      vertex 80.5529 -59.7955 0
      vertex 79.7831 -59.9487 0
    endloop
  endfacet
  facet normal -0 0 -1
    outer loop
      vertex 84.5433 56.2961 0
      vertex 76.666 51.2784 0
      vertex 84.1962 57 0
    endloop
  endfacet
  facet normal 0 0 -1
    outer loop
      vertex 76.2784 -51.666 0
      vertex 79.7831 -59.9487 0
      vertex 79 -60 0
    endloop
  endfacet
  facet normal 0 0 -1
    outer loop
      vertex 76.4849 51.4849 0
      vertex 84.1962 57 0
      vertex 76.666 51.2784 0
    endloop
  endfacet
  facet normal -0 0 -1
    outer loop
      vertex 84.1962 57 0
      vertex 76.4849 51.4849 0
      vertex 83.7601 57.6526 0
    endloop
  endfacet
  facet normal 0 0 -1
    outer loop
      vertex 85 -54 0
      vertex 77.082 -50.2741 0
      vertex 77.1 -50 0
    endloop
  endfacet
  facet normal 0 0 -1
    outer loop
      vertex 85 -54 0
      vertex 77.0284 -50.5435 0
      vertex 77.082 -50.2741 0
    endloop
  endfacet
  facet normal 0 0 -1
    outer loop
      vertex 85 -54 0
      vertex 76.9401 -50.8036 0
      vertex 77.0284 -50.5435 0
    endloop
  endfacet
  facet normal 0 0 -1
    outer loop
      vertex 85 -54 0
      vertex 76.8186 -51.05 0
      vertex 76.9401 -50.8036 0
    endloop
  endfacet
  facet normal 0 0 -1
    outer loop
      vertex 85 -54 0
      vertex 76.666 -51.2784 0
      vertex 76.8186 -51.05 0
    endloop
  endfacet
  facet normal 0 0 -1
    outer loop
      vertex 84.1962 -57 0
      vertex 76.4849 -51.4849 0
      vertex 76.666 -51.2784 0
    endloop
  endfacet
  facet normal 0 0 -1
    outer loop
      vertex 81.2961 -59.5433 0
      vertex 76.2784 -51.666 0
      vertex 76.4849 -51.4849 0
    endloop
  endfacet
  facet normal 0 0 -1
    outer loop
      vertex 79 -60 0
      vertex 76.05 -51.8187 0
      vertex 76.2784 -51.666 0
    endloop
  endfacet
  facet normal 0 0 -1
    outer loop
      vertex 79 -60 0
      vertex 75.8036 -51.9401 0
      vertex 76.05 -51.8187 0
    endloop
  endfacet
  facet normal 0 0 -1
    outer loop
      vertex 79 -60 0
      vertex 75.5435 -52.0284 0
      vertex 75.8036 -51.9401 0
    endloop
  endfacet
  facet normal 0 0 -1
    outer loop
      vertex 79 -60 0
      vertex 75.2741 -52.082 0
      vertex 75.5435 -52.0284 0
    endloop
  endfacet
  facet normal 0 0 -1
    outer loop
      vertex 79 -60 0
      vertex 75 -52.1 0
      vertex 75.2741 -52.082 0
    endloop
  endfacet
  facet normal 0 0 -1
    outer loop
      vertex 79 -60 0
      vertex 74.7259 -52.082 0
      vertex 75 -52.1 0
    endloop
  endfacet
  facet normal 0 0 -1
    outer loop
      vertex 79 -60 0
      vertex 74.4565 -52.0284 0
      vertex 74.7259 -52.082 0
    endloop
  endfacet
  facet normal 0 0 -1
    outer loop
      vertex 79 -60 0
      vertex 74.1964 -51.9401 0
      vertex 74.4565 -52.0284 0
    endloop
  endfacet
  facet normal 0 0 -1
    outer loop
      vertex 79 -60 0
      vertex 73.95 -51.8187 0
      vertex 74.1964 -51.9401 0
    endloop
  endfacet
  facet normal 0 0 -1
    outer loop
      vertex 79 -60 0
      vertex 73.7216 -51.666 0
      vertex 73.95 -51.8187 0
    endloop
  endfacet
  facet normal 0 0 -1
    outer loop
      vertex 79 -60 0
      vertex 73.5151 -51.4849 0
      vertex 73.7216 -51.666 0
    endloop
  endfacet
  facet normal 0 0 -1
    outer loop
      vertex 79 -60 0
      vertex 73.334 -51.2784 0
      vertex 73.5151 -51.4849 0
    endloop
  endfacet
  facet normal 0 0 -1
    outer loop
      vertex -73.334 -51.2784 0
      vertex 73.334 -51.2784 0
      vertex 79 -60 0
    endloop
  endfacet
  facet normal 0 0 -1
    outer loop
      vertex -17.7483 1.3 0
      vertex 73.1813 48.95 0
      vertex -17.5979 0.994976 0
    endloop
  endfacet
  facet normal 0 0 -1
    outer loop
      vertex -18.7 -2.25167 0
      vertex 72.9 -50 0
      vertex 72.918 -50.2741 0
    endloop
  endfacet
  facet normal 0 0 -1
    outer loop
      vertex -19.005 -2.40209 0
      vertex 72.918 -50.2741 0
      vertex 72.9716 -50.5435 0
    endloop
  endfacet
  facet normal 0 0 -1
    outer loop
      vertex -19.3271 -2.51141 0
      vertex 72.9716 -50.5435 0
      vertex 73.0599 -50.8036 0
    endloop
  endfacet
  facet normal 0 0 -1
    outer loop
      vertex -73.0599 -50.8036 0
      vertex 73.0599 -50.8036 0
      vertex 73.1813 -51.05 0
    endloop
  endfacet
  facet normal 0 0 -1
    outer loop
      vertex 73.334 -51.2784 0
      vertex -73.334 -51.2784 0
      vertex 73.1813 -51.05 0
    endloop
  endfacet
  facet normal 0 0 -1
    outer loop
      vertex 73.7216 -48.334 0
      vertex -17.4222 -0.339368 0
      vertex -17.4 0 0
    endloop
  endfacet
  facet normal 0 0 -1
    outer loop
      vertex 73.5151 -48.5151 0
      vertex -17.4886 -0.672929 0
      vertex -17.4222 -0.339368 0
    endloop
  endfacet
  facet normal 0 0 -1
    outer loop
      vertex 73.334 -48.7216 0
      vertex -17.5979 -0.994976 0
      vertex -17.4886 -0.672929 0
    endloop
  endfacet
  facet normal 0 0 -1
    outer loop
      vertex 73.1813 -48.95 0
      vertex -17.7483 -1.3 0
      vertex -17.5979 -0.994976 0
    endloop
  endfacet
  facet normal 0 0 -1
    outer loop
      vertex 73.0599 -49.1964 0
      vertex -17.9373 -1.58278 0
      vertex -17.7483 -1.3 0
    endloop
  endfacet
  facet normal 0 0 -1
    outer loop
      vertex 72.9716 -49.4565 0
      vertex -18.1615 -1.83848 0
      vertex -17.9373 -1.58278 0
    endloop
  endfacet
  facet normal 0 0 -1
    outer loop
      vertex 72.918 -49.7259 0
      vertex -18.4172 -2.06272 0
      vertex -18.1615 -1.83848 0
    endloop
  endfacet
  facet normal 0 0 -1
    outer loop
      vertex 72.9 -50 0
      vertex -18.7 -2.25167 0
      vertex -18.4172 -2.06272 0
    endloop
  endfacet
  facet normal 0 0 -1
    outer loop
      vertex 72.918 -50.2741 0
      vertex -19.005 -2.40209 0
      vertex -18.7 -2.25167 0
    endloop
  endfacet
  facet normal 0 0 -1
    outer loop
      vertex 72.9716 -50.5435 0
      vertex -19.3271 -2.51141 0
      vertex -19.005 -2.40209 0
    endloop
  endfacet
  facet normal 0 0 -1
    outer loop
      vertex 73.0599 -50.8036 0
      vertex -73.0599 -50.8036 0
      vertex -19.3271 -2.51141 0
    endloop
  endfacet
  facet normal 0 -0 -1
    outer loop
      vertex -72.9716 -50.5435 0
      vertex -19.3271 -2.51141 0
      vertex -73.0599 -50.8036 0
    endloop
  endfacet
  facet normal 0 0 -1
    outer loop
      vertex -19.3271 -2.51141 0
      vertex -72.9716 -50.5435 0
      vertex -19.6606 -2.57776 0
    endloop
  endfacet
  facet normal 0 -0 -1
    outer loop
      vertex -72.918 -50.2741 0
      vertex -19.6606 -2.57776 0
      vertex -72.9716 -50.5435 0
    endloop
  endfacet
  facet normal 0 0 -1
    outer loop
      vertex -19.6606 -2.57776 0
      vertex -72.918 -50.2741 0
      vertex -20 -2.6 0
    endloop
  endfacet
  facet normal 0 -0 -1
    outer loop
      vertex -41.2 -8.38564 0
      vertex -20 -2.6 0
      vertex -72.918 -50.2741 0
    endloop
  endfacet
  facet normal -0 0 -1
    outer loop
      vertex -22.5778 -0.339368 0
      vertex -31 -3 0
      vertex -22.6 0 0
    endloop
  endfacet
  facet normal -0 0 -1
    outer loop
      vertex -22.5114 -0.672929 0
      vertex -31 -3 0
      vertex -22.5778 -0.339368 0
    endloop
  endfacet
  facet normal -0 0 -1
    outer loop
      vertex -22.4021 -0.994976 0
      vertex -31 -3 0
      vertex -22.5114 -0.672929 0
    endloop
  endfacet
  facet normal -0 0 -1
    outer loop
      vertex -22.2517 -1.3 0
      vertex -31 -3 0
      vertex -22.4021 -0.994976 0
    endloop
  endfacet
  facet normal -0 0 -1
    outer loop
      vertex -22.0627 -1.58278 0
      vertex -31 -3 0
      vertex -22.2517 -1.3 0
    endloop
  endfacet
  facet normal -0 0 -1
    outer loop
      vertex -21.8385 -1.83848 0
      vertex -31 -3 0
      vertex -22.0627 -1.58278 0
    endloop
  endfacet
  facet normal -0 0 -1
    outer loop
      vertex -21.5828 -2.06272 0
      vertex -31 -3 0
      vertex -21.8385 -1.83848 0
    endloop
  endfacet
  facet normal -0 0 -1
    outer loop
      vertex -21.3 -2.25167 0
      vertex -31 -3 0
      vertex -21.5828 -2.06272 0
    endloop
  endfacet
  facet normal 0 -0 -1
    outer loop
      vertex -41.026 -8.26937 0
      vertex -20 -2.6 0
      vertex -41.2 -8.38564 0
    endloop
  endfacet
  facet normal -0 0 -1
    outer loop
      vertex -20.3394 -2.57776 0
      vertex -31 -3 0
      vertex -20.6729 -2.51141 0
    endloop
  endfacet
  facet normal 0 0 -1
    outer loop
      vertex -31 -3 0
      vertex -40.4137 -7.20884 0
      vertex -40.4 -7 0
    endloop
  endfacet
  facet normal 0 0 -1
    outer loop
      vertex -31 -3 0
      vertex -40.4545 -7.41411 0
      vertex -40.4137 -7.20884 0
    endloop
  endfacet
  facet normal 0 0 -1
    outer loop
      vertex -31 -3 0
      vertex -40.5218 -7.61229 0
      vertex -40.4545 -7.41411 0
    endloop
  endfacet
  facet normal 0 0 -1
    outer loop
      vertex -31 -3 0
      vertex -40.6144 -7.8 0
      vertex -40.5218 -7.61229 0
    endloop
  endfacet
  facet normal 0 0 -1
    outer loop
      vertex -31 -3 0
      vertex -40.7306 -7.97402 0
      vertex -40.6144 -7.8 0
    endloop
  endfacet
  facet normal 0 0 -1
    outer loop
      vertex -31 -3 0
      vertex -40.8686 -8.13137 0
      vertex -40.7306 -7.97402 0
    endloop
  endfacet
  facet normal 0 0 -1
    outer loop
      vertex -31 -3 0
      vertex -41.026 -8.26937 0
      vertex -40.8686 -8.13137 0
    endloop
  endfacet
  facet normal -0 0 -1
    outer loop
      vertex -20.995 -2.40209 0
      vertex -31 -3 0
      vertex -21.3 -2.25167 0
    endloop
  endfacet
  facet normal -0 0 -1
    outer loop
      vertex -20.6729 -2.51141 0
      vertex -31 -3 0
      vertex -20.995 -2.40209 0
    endloop
  endfacet
  facet normal -0 0 -1
    outer loop
      vertex -20 -2.6 0
      vertex -41.026 -8.26937 0
      vertex -20.3394 -2.57776 0
    endloop
  endfacet
  facet normal 0 0 -1
    outer loop
      vertex -41.2 -8.38564 0
      vertex -72.918 -50.2741 0
      vertex -41.3877 -8.47821 0
    endloop
  endfacet
  facet normal 0 -0 -1
    outer loop
      vertex -72.9 -50 0
      vertex -41.3877 -8.47821 0
      vertex -72.918 -50.2741 0
    endloop
  endfacet
  facet normal 0 0 -1
    outer loop
      vertex -41.3877 -8.47821 0
      vertex -72.9 -50 0
      vertex -41.5859 -8.54548 0
    endloop
  endfacet
  facet normal 0 0 -1
    outer loop
      vertex -72.918 -49.7259 0
      vertex -41.5859 -8.54548 0
      vertex -72.9 -50 0
    endloop
  endfacet
  facet normal 0 0 -1
    outer loop
      vertex -41.5859 -8.54548 0
      vertex -72.918 -49.7259 0
      vertex -41.7912 -8.58631 0
    endloop
  endfacet
  facet normal 0 0 -1
    outer loop
      vertex -43.5863 -7.20884 0
      vertex -55 -3 0
      vertex -43.6 -7 0
    endloop
  endfacet
  facet normal 0 0 -1
    outer loop
      vertex -43.5455 -7.41411 0
      vertex -55 -3 0
      vertex -43.5863 -7.20884 0
    endloop
  endfacet
  facet normal 0 0 -1
    outer loop
      vertex -43.4782 -7.61229 0
      vertex -55 -3 0
      vertex -43.5455 -7.41411 0
    endloop
  endfacet
  facet normal 0 0 -1
    outer loop
      vertex -43.3856 -7.8 0
      vertex -55 -3 0
      vertex -43.4782 -7.61229 0
    endloop
  endfacet
  facet normal 0 0 -1
    outer loop
      vertex -43.2694 -7.97402 0
      vertex -55 -3 0
      vertex -43.3856 -7.8 0
    endloop
  endfacet
  facet normal 0 0 -1
    outer loop
      vertex -43.1314 -8.13137 0
      vertex -55 -3 0
      vertex -43.2694 -7.97402 0
    endloop
  endfacet
  facet normal 0 0 -1
    outer loop
      vertex -42.974 -8.26937 0
      vertex -55 -3 0
      vertex -43.1314 -8.13137 0
    endloop
  endfacet
  facet normal -0 0 -1
    outer loop
      vertex -42.2088 -8.58631 0
      vertex -73.0599 -49.1964 0
      vertex -42.4141 -8.54548 0
    endloop
  endfacet
  facet normal -0 0 -1
    outer loop
      vertex -42 -8.6 0
      vertex -73.0599 -49.1964 0
      vertex -42.2088 -8.58631 0
    endloop
  endfacet
  facet normal -0 0 -1
    outer loop
      vertex -42.4141 -8.54548 0
      vertex -73.1813 -48.95 0
      vertex -42.6123 -8.47821 0
    endloop
  endfacet
  facet normal 0 0 -1
    outer loop
      vertex -73.1813 -48.95 0
      vertex -42.4141 -8.54548 0
      vertex -73.0599 -49.1964 0
    endloop
  endfacet
  facet normal 0 0 -1
    outer loop
      vertex -72.9716 -49.4565 0
      vertex -41.7912 -8.58631 0
      vertex -72.918 -49.7259 0
    endloop
  endfacet
  facet normal 0 0 -1
    outer loop
      vertex -73.0599 -49.1964 0
      vertex -42 -8.6 0
      vertex -72.9716 -49.4565 0
    endloop
  endfacet
  facet normal 0 0 -1
    outer loop
      vertex -41.7912 -8.58631 0
      vertex -72.9716 -49.4565 0
      vertex -42 -8.6 0
    endloop
  endfacet
  facet normal 0 -0 -1
    outer loop
      vertex -31 -3 0
      vertex -20.3394 -2.57776 0
      vertex -41.026 -8.26937 0
    endloop
  endfacet
  facet normal 0 0 -1
    outer loop
      vertex 73.1813 -51.05 0
      vertex -73.1813 -51.05 0
      vertex -73.0599 -50.8036 0
    endloop
  endfacet
  facet normal -0 0 -1
    outer loop
      vertex 73.1813 -51.05 0
      vertex -73.334 -51.2784 0
      vertex -73.1813 -51.05 0
    endloop
  endfacet
  facet normal 0 0 -1
    outer loop
      vertex -79 -60 0
      vertex -73.334 -51.2784 0
      vertex 79 -60 0
    endloop
  endfacet
  facet normal 0 0 -1
    outer loop
      vertex -73.334 -51.2784 0
      vertex -79 -60 0
      vertex -73.5151 -51.4849 0
    endloop
  endfacet
  facet normal 0 0 -1
    outer loop
      vertex -73.5151 -51.4849 0
      vertex -79 -60 0
      vertex -73.7216 -51.666 0
    endloop
  endfacet
  facet normal 0 0 -1
    outer loop
      vertex -73.7216 -51.666 0
      vertex -79 -60 0
      vertex -73.95 -51.8187 0
    endloop
  endfacet
  facet normal 0 0 -1
    outer loop
      vertex -73.95 -51.8187 0
      vertex -79 -60 0
      vertex -74.1964 -51.9401 0
    endloop
  endfacet
  facet normal 0 0 -1
    outer loop
      vertex -74.1964 -51.9401 0
      vertex -79 -60 0
      vertex -74.4565 -52.0284 0
    endloop
  endfacet
  facet normal 0 0 -1
    outer loop
      vertex -74.4565 -52.0284 0
      vertex -79 -60 0
      vertex -74.7259 -52.082 0
    endloop
  endfacet
  facet normal 0 0 -1
    outer loop
      vertex -83.7601 -57.6526 0
      vertex -76.4849 -51.4849 0
      vertex -83.2426 -58.2426 0
    endloop
  endfacet
  facet normal 0 0 -1
    outer loop
      vertex -83.2426 -58.2426 0
      vertex -76.4849 -51.4849 0
      vertex -82.6526 -58.7601 0
    endloop
  endfacet
  facet normal 0 0 -1
    outer loop
      vertex -82.6526 -58.7601 0
      vertex -76.4849 -51.4849 0
      vertex -82 -59.1962 0
    endloop
  endfacet
  facet normal 0 0 -1
    outer loop
      vertex -82 -59.1962 0
      vertex -76.4849 -51.4849 0
      vertex -81.2961 -59.5433 0
    endloop
  endfacet
  facet normal -0 0 -1
    outer loop
      vertex -76.2784 -51.666 0
      vertex -81.2961 -59.5433 0
      vertex -76.4849 -51.4849 0
    endloop
  endfacet
  facet normal 0 0 -1
    outer loop
      vertex -81.2961 -59.5433 0
      vertex -76.2784 -51.666 0
      vertex -80.5529 -59.7955 0
    endloop
  endfacet
  facet normal 0 0 -1
    outer loop
      vertex -80.5529 -59.7955 0
      vertex -76.2784 -51.666 0
      vertex -79.7831 -59.9487 0
    endloop
  endfacet
  facet normal 0 0 -1
    outer loop
      vertex -79.7831 -59.9487 0
      vertex -76.2784 -51.666 0
      vertex -79 -60 0
    endloop
  endfacet
  facet normal -0 0 -1
    outer loop
      vertex -76.05 -51.8187 0
      vertex -79 -60 0
      vertex -76.2784 -51.666 0
    endloop
  endfacet
  facet normal -0 0 -1
    outer loop
      vertex -75.8036 -51.9401 0
      vertex -79 -60 0
      vertex -76.05 -51.8187 0
    endloop
  endfacet
  facet normal -0 0 -1
    outer loop
      vertex -75.5435 -52.0284 0
      vertex -79 -60 0
      vertex -75.8036 -51.9401 0
    endloop
  endfacet
  facet normal -0 0 -1
    outer loop
      vertex -75.2741 -52.082 0
      vertex -79 -60 0
      vertex -75.5435 -52.0284 0
    endloop
  endfacet
  facet normal -0 0 -1
    outer loop
      vertex -75 -52.1 0
      vertex -79 -60 0
      vertex -75.2741 -52.082 0
    endloop
  endfacet
  facet normal 0 0 -1
    outer loop
      vertex -74.7259 -52.082 0
      vertex -79 -60 0
      vertex -75 -52.1 0
    endloop
  endfacet
  facet normal -0 0 -1
    outer loop
      vertex 83.7601 57.6526 0
      vertex 76.4849 51.4849 0
      vertex 83.2426 58.2426 0
    endloop
  endfacet
  facet normal -0 0 -1
    outer loop
      vertex 83.2426 58.2426 0
      vertex 76.4849 51.4849 0
      vertex 82.6526 58.7601 0
    endloop
  endfacet
  facet normal -0 0 -1
    outer loop
      vertex 82.6526 58.7601 0
      vertex 76.4849 51.4849 0
      vertex 82 59.1962 0
    endloop
  endfacet
  facet normal -0 0 -1
    outer loop
      vertex 82 59.1962 0
      vertex 76.4849 51.4849 0
      vertex 81.2961 59.5433 0
    endloop
  endfacet
  facet normal 0 0 -1
    outer loop
      vertex 76.2784 51.666 0
      vertex 81.2961 59.5433 0
      vertex 76.4849 51.4849 0
    endloop
  endfacet
  facet normal -0 0 -1
    outer loop
      vertex 81.2961 59.5433 0
      vertex 76.2784 51.666 0
      vertex 80.5529 59.7955 0
    endloop
  endfacet
  facet normal -0 0 -1
    outer loop
      vertex 80.5529 59.7955 0
      vertex 76.2784 51.666 0
      vertex 79.7831 59.9487 0
    endloop
  endfacet
  facet normal -0 0 -1
    outer loop
      vertex 79.7831 59.9487 0
      vertex 76.2784 51.666 0
      vertex 79 60 0
    endloop
  endfacet
  facet normal 0 0 -1
    outer loop
      vertex 76.05 51.8187 0
      vertex 79 60 0
      vertex 76.2784 51.666 0
    endloop
  endfacet
  facet normal 0 0 -1
    outer loop
      vertex 75.8036 51.9401 0
      vertex 79 60 0
      vertex 76.05 51.8187 0
    endloop
  endfacet
  facet normal 0 0 -1
    outer loop
      vertex 75.5435 52.0284 0
      vertex 79 60 0
      vertex 75.8036 51.9401 0
    endloop
  endfacet
  facet normal 0 0 -1
    outer loop
      vertex 75.2741 52.082 0
      vertex 79 60 0
      vertex 75.5435 52.0284 0
    endloop
  endfacet
  facet normal 0 0 -1
    outer loop
      vertex 75 52.1 0
      vertex 79 60 0
      vertex 75.2741 52.082 0
    endloop
  endfacet
  facet normal 0 0 -1
    outer loop
      vertex 74.7259 52.082 0
      vertex 79 60 0
      vertex 75 52.1 0
    endloop
  endfacet
  facet normal 0 0 -1
    outer loop
      vertex 74.4565 52.0284 0
      vertex 79 60 0
      vertex 74.7259 52.082 0
    endloop
  endfacet
  facet normal 0 0 -1
    outer loop
      vertex 74.1964 51.9401 0
      vertex 79 60 0
      vertex 74.4565 52.0284 0
    endloop
  endfacet
  facet normal 0 0 -1
    outer loop
      vertex 73.95 51.8187 0
      vertex 79 60 0
      vertex 74.1964 51.9401 0
    endloop
  endfacet
  facet normal 0 0 -1
    outer loop
      vertex 73.7216 51.666 0
      vertex 79 60 0
      vertex 73.95 51.8187 0
    endloop
  endfacet
  facet normal 0 0 -1
    outer loop
      vertex 73.5151 51.4849 0
      vertex 79 60 0
      vertex 73.7216 51.666 0
    endloop
  endfacet
  facet normal 0 0 -1
    outer loop
      vertex 73.334 51.2784 0
      vertex 79 60 0
      vertex 73.5151 51.4849 0
    endloop
  endfacet
  facet normal 0 0 -1
    outer loop
      vertex -73.334 51.2784 0
      vertex 73.334 51.2784 0
      vertex 73.1813 51.05 0
    endloop
  endfacet
  facet normal -0 0 -1
    outer loop
      vertex 73.1813 48.95 0
      vertex -17.7483 1.3 0
      vertex 73.0599 49.1964 0
    endloop
  endfacet
  facet normal 0 0 -1
    outer loop
      vertex -17.9373 1.58278 0
      vertex 73.0599 49.1964 0
      vertex -17.7483 1.3 0
    endloop
  endfacet
  facet normal -0 0 -1
    outer loop
      vertex 73.0599 49.1964 0
      vertex -17.9373 1.58278 0
      vertex 72.9716 49.4565 0
    endloop
  endfacet
  facet normal 0 0 -1
    outer loop
      vertex -18.1615 1.83848 0
      vertex 72.9716 49.4565 0
      vertex -17.9373 1.58278 0
    endloop
  endfacet
  facet normal -0 0 -1
    outer loop
      vertex 72.9716 49.4565 0
      vertex -18.1615 1.83848 0
      vertex 72.918 49.7259 0
    endloop
  endfacet
  facet normal 0 0 -1
    outer loop
      vertex -18.4172 2.06272 0
      vertex 72.918 49.7259 0
      vertex -18.1615 1.83848 0
    endloop
  endfacet
  facet normal -0 0 -1
    outer loop
      vertex 72.918 49.7259 0
      vertex -18.4172 2.06272 0
      vertex 72.9 50 0
    endloop
  endfacet
  facet normal 0 0 -1
    outer loop
      vertex -18.7 2.25167 0
      vertex 72.9 50 0
      vertex -18.4172 2.06272 0
    endloop
  endfacet
  facet normal -0 0 -1
    outer loop
      vertex 72.9 50 0
      vertex -18.7 2.25167 0
      vertex 72.918 50.2741 0
    endloop
  endfacet
  facet normal 0 0 -1
    outer loop
      vertex -19.005 2.40209 0
      vertex 72.918 50.2741 0
      vertex -18.7 2.25167 0
    endloop
  endfacet
  facet normal -0 0 -1
    outer loop
      vertex 72.918 50.2741 0
      vertex -19.005 2.40209 0
      vertex 72.9716 50.5435 0
    endloop
  endfacet
  facet normal 0 0 -1
    outer loop
      vertex -19.3271 2.51141 0
      vertex 72.9716 50.5435 0
      vertex -19.005 2.40209 0
    endloop
  endfacet
  facet normal -0 0 -1
    outer loop
      vertex 72.9716 50.5435 0
      vertex -19.3271 2.51141 0
      vertex 73.0599 50.8036 0
    endloop
  endfacet
  facet normal 0 0 -1
    outer loop
      vertex -73.0599 50.8036 0
      vertex 73.0599 50.8036 0
      vertex -19.3271 2.51141 0
    endloop
  endfacet
  facet normal 0 0 -1
    outer loop
      vertex 73.0599 50.8036 0
      vertex -73.0599 50.8036 0
      vertex 73.1813 51.05 0
    endloop
  endfacet
  facet normal 0 0 -1
    outer loop
      vertex -72.9716 50.5435 0
      vertex -19.3271 2.51141 0
      vertex -19.6606 2.57776 0
    endloop
  endfacet
  facet normal 0 0 -1
    outer loop
      vertex -72.918 50.2741 0
      vertex -19.6606 2.57776 0
      vertex -20 2.6 0
    endloop
  endfacet
  facet normal 0 0 -1
    outer loop
      vertex -41.026 8.26937 0
      vertex -20 2.6 0
      vertex -20.3394 2.57776 0
    endloop
  endfacet
  facet normal 0 0 -1
    outer loop
      vertex -31 3 0
      vertex -20.3394 2.57776 0
      vertex -20.6729 2.51141 0
    endloop
  endfacet
  facet normal 0 0 -1
    outer loop
      vertex -31 3 0
      vertex -20.6729 2.51141 0
      vertex -20.995 2.40209 0
    endloop
  endfacet
  facet normal 0 0 -1
    outer loop
      vertex -31 3 0
      vertex -20.995 2.40209 0
      vertex -21.3 2.25167 0
    endloop
  endfacet
  facet normal 0 0 -1
    outer loop
      vertex -31 3 0
      vertex -22.6 0 0
      vertex -31 -3 0
    endloop
  endfacet
  facet normal 0 0 -1
    outer loop
      vertex -22.6 0 0
      vertex -31 3 0
      vertex -22.5778 0.339368 0
    endloop
  endfacet
  facet normal 0 0 -1
    outer loop
      vertex -22.5778 0.339368 0
      vertex -31 3 0
      vertex -22.5114 0.672929 0
    endloop
  endfacet
  facet normal 0 0 -1
    outer loop
      vertex -22.5114 0.672929 0
      vertex -31 3 0
      vertex -22.4021 0.994976 0
    endloop
  endfacet
  facet normal 0 0 -1
    outer loop
      vertex -22.4021 0.994976 0
      vertex -31 3 0
      vertex -22.2517 1.3 0
    endloop
  endfacet
  facet normal 0 0 -1
    outer loop
      vertex -22.2517 1.3 0
      vertex -31 3 0
      vertex -22.0627 1.58278 0
    endloop
  endfacet
  facet normal 0 0 -1
    outer loop
      vertex -22.0627 1.58278 0
      vertex -31 3 0
      vertex -21.8385 1.83848 0
    endloop
  endfacet
  facet normal 0 0 -1
    outer loop
      vertex -21.8385 1.83848 0
      vertex -31 3 0
      vertex -21.5828 2.06272 0
    endloop
  endfacet
  facet normal 0 0 -1
    outer loop
      vertex -21.5828 2.06272 0
      vertex -31 3 0
      vertex -21.3 2.25167 0
    endloop
  endfacet
  facet normal 0 0 -1
    outer loop
      vertex -20.3394 2.57776 0
      vertex -31 3 0
      vertex -41.026 8.26937 0
    endloop
  endfacet
  facet normal 0 0 -1
    outer loop
      vertex -40.4137 7.20884 0
      vertex -31 3 0
      vertex -40.4 7 0
    endloop
  endfacet
  facet normal 0 0 -1
    outer loop
      vertex -40.4545 7.41411 0
      vertex -31 3 0
      vertex -40.4137 7.20884 0
    endloop
  endfacet
  facet normal 0 0 -1
    outer loop
      vertex -40.5218 7.61229 0
      vertex -31 3 0
      vertex -40.4545 7.41411 0
    endloop
  endfacet
  facet normal 0 0 -1
    outer loop
      vertex -40.6144 7.8 0
      vertex -31 3 0
      vertex -40.5218 7.61229 0
    endloop
  endfacet
  facet normal 0 0 -1
    outer loop
      vertex -40.7306 7.97402 0
      vertex -31 3 0
      vertex -40.6144 7.8 0
    endloop
  endfacet
  facet normal 0 0 -1
    outer loop
      vertex -40.8686 8.13137 0
      vertex -31 3 0
      vertex -40.7306 7.97402 0
    endloop
  endfacet
  facet normal 0 0 -1
    outer loop
      vertex -41.026 8.26937 0
      vertex -31 3 0
      vertex -40.8686 8.13137 0
    endloop
  endfacet
  facet normal 0 0 -1
    outer loop
      vertex -20 2.6 0
      vertex -41.026 8.26937 0
      vertex -41.2 8.38564 0
    endloop
  endfacet
  facet normal 0 0 -1
    outer loop
      vertex -20 2.6 0
      vertex -41.2 8.38564 0
      vertex -72.918 50.2741 0
    endloop
  endfacet
  facet normal 0 0 -1
    outer loop
      vertex -72.918 50.2741 0
      vertex -41.2 8.38564 0
      vertex -41.3877 8.47821 0
    endloop
  endfacet
  facet normal 0 0 -1
    outer loop
      vertex -72.9 50 0
      vertex -41.3877 8.47821 0
      vertex -41.5859 8.54548 0
    endloop
  endfacet
  facet normal 0 0 -1
    outer loop
      vertex -72.9 50 0
      vertex -41.5859 8.54548 0
      vertex -41.7912 8.58631 0
    endloop
  endfacet
  facet normal 0 0 -1
    outer loop
      vertex -72.9 50 0
      vertex -41.7912 8.58631 0
      vertex -42 8.6 0
    endloop
  endfacet
  facet normal 0 0 -1
    outer loop
      vertex -72.9 50 0
      vertex -42 8.6 0
      vertex -42.2088 8.58631 0
    endloop
  endfacet
  facet normal 0 0 -1
    outer loop
      vertex -72.9 50 0
      vertex -42.2088 8.58631 0
      vertex -42.4141 8.54548 0
    endloop
  endfacet
  facet normal 0 0 -1
    outer loop
      vertex -72.9 50 0
      vertex -42.4141 8.54548 0
      vertex -42.6123 8.47821 0
    endloop
  endfacet
  facet normal 0 0 -1
    outer loop
      vertex -55 3 0
      vertex -43.5863 7.20884 0
      vertex -43.6 7 0
    endloop
  endfacet
  facet normal 0 0 -1
    outer loop
      vertex -55 3 0
      vertex -43.5455 7.41411 0
      vertex -43.5863 7.20884 0
    endloop
  endfacet
  facet normal 0 0 -1
    outer loop
      vertex -55 3 0
      vertex -43.4782 7.61229 0
      vertex -43.5455 7.41411 0
    endloop
  endfacet
  facet normal 0 0 -1
    outer loop
      vertex -55 3 0
      vertex -43.3856 7.8 0
      vertex -43.4782 7.61229 0
    endloop
  endfacet
  facet normal 0 0 -1
    outer loop
      vertex -55 3 0
      vertex -43.2694 7.97402 0
      vertex -43.3856 7.8 0
    endloop
  endfacet
  facet normal 0 0 -1
    outer loop
      vertex -55 3 0
      vertex -43.1314 8.13137 0
      vertex -43.2694 7.97402 0
    endloop
  endfacet
  facet normal 0 0 -1
    outer loop
      vertex -55 3 0
      vertex -42.974 8.26937 0
      vertex -43.1314 8.13137 0
    endloop
  endfacet
  facet normal 0 0 -1
    outer loop
      vertex -72.9 50 0
      vertex -42.974 8.26937 0
      vertex -55 3 0
    endloop
  endfacet
  facet normal 0 0 -1
    outer loop
      vertex -42.974 8.26937 0
      vertex -72.9 50 0
      vertex -42.8 8.38564 0
    endloop
  endfacet
  facet normal 0 0 -1
    outer loop
      vertex -73.334 -48.7216 0
      vertex -42.6123 -8.47821 0
      vertex -73.1813 -48.95 0
    endloop
  endfacet
  facet normal 0 0 -1
    outer loop
      vertex -42.8 8.38564 0
      vertex -72.9 50 0
      vertex -42.6123 8.47821 0
    endloop
  endfacet
  facet normal 0 0 -1
    outer loop
      vertex -41.3877 8.47821 0
      vertex -72.9 50 0
      vertex -72.918 50.2741 0
    endloop
  endfacet
  facet normal 0 0 -1
    outer loop
      vertex -19.6606 2.57776 0
      vertex -72.918 50.2741 0
      vertex -72.9716 50.5435 0
    endloop
  endfacet
  facet normal 0 0 -1
    outer loop
      vertex -19.3271 2.51141 0
      vertex -72.9716 50.5435 0
      vertex -73.0599 50.8036 0
    endloop
  endfacet
  facet normal 0 0 -1
    outer loop
      vertex -73.1813 51.05 0
      vertex 73.1813 51.05 0
      vertex -73.0599 50.8036 0
    endloop
  endfacet
  facet normal 0 0 -1
    outer loop
      vertex -73.334 51.2784 0
      vertex 73.1813 51.05 0
      vertex -73.1813 51.05 0
    endloop
  endfacet
  facet normal 0 0 -1
    outer loop
      vertex 73.334 51.2784 0
      vertex -73.334 51.2784 0
      vertex 79 60 0
    endloop
  endfacet
  facet normal 0 0 -1
    outer loop
      vertex -79 60 0
      vertex -73.334 51.2784 0
      vertex -73.5151 51.4849 0
    endloop
  endfacet
  facet normal 0 0 -1
    outer loop
      vertex -79 60 0
      vertex -73.5151 51.4849 0
      vertex -73.7216 51.666 0
    endloop
  endfacet
  facet normal 0 0 -1
    outer loop
      vertex -79 60 0
      vertex -73.7216 51.666 0
      vertex -73.95 51.8187 0
    endloop
  endfacet
  facet normal 0 0 -1
    outer loop
      vertex -79 60 0
      vertex -73.95 51.8187 0
      vertex -74.1964 51.9401 0
    endloop
  endfacet
  facet normal 0 0 -1
    outer loop
      vertex -79 60 0
      vertex -74.1964 51.9401 0
      vertex -74.4565 52.0284 0
    endloop
  endfacet
  facet normal 0 0 -1
    outer loop
      vertex -79 60 0
      vertex -74.4565 52.0284 0
      vertex -74.7259 52.082 0
    endloop
  endfacet
  facet normal 0 0 -1
    outer loop
      vertex -79 60 0
      vertex -74.7259 52.082 0
      vertex -75 52.1 0
    endloop
  endfacet
  facet normal 0 0 -1
    outer loop
      vertex -73.334 51.2784 0
      vertex -79 60 0
      vertex 79 60 0
    endloop
  endfacet
  facet normal 0 0 -1
    outer loop
      vertex -75.2741 52.082 0
      vertex -79 60 0
      vertex -75 52.1 0
    endloop
  endfacet
  facet normal 0 0 -1
    outer loop
      vertex -75.5435 52.0284 0
      vertex -79 60 0
      vertex -75.2741 52.082 0
    endloop
  endfacet
  facet normal 0 0 -1
    outer loop
      vertex -75.8036 51.9401 0
      vertex -79 60 0
      vertex -75.5435 52.0284 0
    endloop
  endfacet
  facet normal 0 0 -1
    outer loop
      vertex -76.05 51.8187 0
      vertex -79 60 0
      vertex -75.8036 51.9401 0
    endloop
  endfacet
  facet normal 0 0 -1
    outer loop
      vertex -76.2784 51.666 0
      vertex -79 60 0
      vertex -76.05 51.8187 0
    endloop
  endfacet
  facet normal 0 0 -1
    outer loop
      vertex -81.2961 59.5433 0
      vertex -76.2784 51.666 0
      vertex -76.4849 51.4849 0
    endloop
  endfacet
  facet normal 0 0 -1
    outer loop
      vertex -84.1962 57 0
      vertex -76.4849 51.4849 0
      vertex -76.666 51.2784 0
    endloop
  endfacet
  facet normal 0 0 -1
    outer loop
      vertex -85 54 0
      vertex -76.666 51.2784 0
      vertex -76.8186 51.05 0
    endloop
  endfacet
  facet normal 0 0 -1
    outer loop
      vertex -85 54 0
      vertex -76.8186 51.05 0
      vertex -76.9401 50.8036 0
    endloop
  endfacet
  facet normal 0 0 -1
    outer loop
      vertex -85 54 0
      vertex -76.9401 50.8036 0
      vertex -77.0284 50.5435 0
    endloop
  endfacet
  facet normal 0 0 -1
    outer loop
      vertex -85 54 0
      vertex -77.0284 50.5435 0
      vertex -77.082 50.2741 0
    endloop
  endfacet
  facet normal 0 0 -1
    outer loop
      vertex -85 54 0
      vertex -77.082 50.2741 0
      vertex -77.1 50 0
    endloop
  endfacet
  facet normal 0 0 -1
    outer loop
      vertex -77.0284 49.4565 0
      vertex -85 54 0
      vertex -77.082 49.7259 0
    endloop
  endfacet
  facet normal 0 0 -1
    outer loop
      vertex -84.1962 -57 0
      vertex -76.4849 -51.4849 0
      vertex -83.7601 -57.6526 0
    endloop
  endfacet
  facet normal 0 0 -1
    outer loop
      vertex -77.082 49.7259 0
      vertex -85 54 0
      vertex -77.1 50 0
    endloop
  endfacet
  facet normal -0 0 -1
    outer loop
      vertex -76.4849 -51.4849 0
      vertex -84.1962 -57 0
      vertex -76.666 -51.2784 0
    endloop
  endfacet
  facet normal 0 0 -1
    outer loop
      vertex -76.666 51.2784 0
      vertex -85 54 0
      vertex -84.9487 54.7831 0
    endloop
  endfacet
  facet normal 0 0 -1
    outer loop
      vertex -84.5433 -56.2961 0
      vertex -76.666 -51.2784 0
      vertex -84.1962 -57 0
    endloop
  endfacet
  facet normal 0 0 -1
    outer loop
      vertex -76.2784 51.666 0
      vertex -79.7831 59.9487 0
      vertex -79 60 0
    endloop
  endfacet
  facet normal 0 0 -1
    outer loop
      vertex -84.7955 -55.5529 0
      vertex -76.666 -51.2784 0
      vertex -84.5433 -56.2961 0
    endloop
  endfacet
  facet normal 0 0 -1
    outer loop
      vertex -76.2784 51.666 0
      vertex -80.5529 59.7955 0
      vertex -79.7831 59.9487 0
    endloop
  endfacet
  facet normal 0 0 -1
    outer loop
      vertex -84.9487 -54.7831 0
      vertex -76.666 -51.2784 0
      vertex -84.7955 -55.5529 0
    endloop
  endfacet
  facet normal 0 0 -1
    outer loop
      vertex -76.2784 51.666 0
      vertex -81.2961 59.5433 0
      vertex -80.5529 59.7955 0
    endloop
  endfacet
  facet normal 0 0 -1
    outer loop
      vertex -85 -54 0
      vertex -76.666 -51.2784 0
      vertex -84.9487 -54.7831 0
    endloop
  endfacet
  facet normal 0 0 -1
    outer loop
      vertex -76.4849 51.4849 0
      vertex -82 59.1962 0
      vertex -81.2961 59.5433 0
    endloop
  endfacet
  facet normal -0 0 -1
    outer loop
      vertex -76.666 -51.2784 0
      vertex -85 -54 0
      vertex -76.8186 -51.05 0
    endloop
  endfacet
  facet normal 0 0 -1
    outer loop
      vertex -76.4849 51.4849 0
      vertex -82.6526 58.7601 0
      vertex -82 59.1962 0
    endloop
  endfacet
  facet normal -0 0 -1
    outer loop
      vertex -76.8186 -51.05 0
      vertex -85 -54 0
      vertex -76.9401 -50.8036 0
    endloop
  endfacet
  facet normal 0 0 -1
    outer loop
      vertex -76.4849 51.4849 0
      vertex -83.2426 58.2426 0
      vertex -82.6526 58.7601 0
    endloop
  endfacet
  facet normal -0 0 -1
    outer loop
      vertex -76.9401 -50.8036 0
      vertex -85 -54 0
      vertex -77.0284 -50.5435 0
    endloop
  endfacet
  facet normal 0 0 -1
    outer loop
      vertex -76.4849 51.4849 0
      vertex -83.7601 57.6526 0
      vertex -83.2426 58.2426 0
    endloop
  endfacet
  facet normal -0 0 -1
    outer loop
      vertex -77.0284 -50.5435 0
      vertex -85 -54 0
      vertex -77.082 -50.2741 0
    endloop
  endfacet
  facet normal 0 0 -1
    outer loop
      vertex -76.4849 51.4849 0
      vertex -84.1962 57 0
      vertex -83.7601 57.6526 0
    endloop
  endfacet
  facet normal -0 0 -1
    outer loop
      vertex -77.082 -50.2741 0
      vertex -85 -54 0
      vertex -77.1 -50 0
    endloop
  endfacet
  facet normal 0 0 -1
    outer loop
      vertex -76.666 51.2784 0
      vertex -84.5433 56.2961 0
      vertex -84.1962 57 0
    endloop
  endfacet
  facet normal 0 0 -1
    outer loop
      vertex -76.666 51.2784 0
      vertex -84.7955 55.5529 0
      vertex -84.5433 56.2961 0
    endloop
  endfacet
  facet normal 0 0 -1
    outer loop
      vertex -76.666 51.2784 0
      vertex -84.9487 54.7831 0
      vertex -84.7955 55.5529 0
    endloop
  endfacet
  facet normal 0 0 -1
    outer loop
      vertex -40.4137 -6.79116 0
      vertex -31 -3 0
      vertex -40.4 -7 0
    endloop
  endfacet
  facet normal 0 0 -1
    outer loop
      vertex -40.4545 -6.58589 0
      vertex -31 -3 0
      vertex -40.4137 -6.79116 0
    endloop
  endfacet
  facet normal 0 0 -1
    outer loop
      vertex -40.5218 -6.38771 0
      vertex -31 -3 0
      vertex -40.4545 -6.58589 0
    endloop
  endfacet
  facet normal 0 0 -1
    outer loop
      vertex -40.6144 -6.2 0
      vertex -31 -3 0
      vertex -40.5218 -6.38771 0
    endloop
  endfacet
  facet normal 0 0 -1
    outer loop
      vertex -40.7306 -6.02598 0
      vertex -31 -3 0
      vertex -40.6144 -6.2 0
    endloop
  endfacet
  facet normal 0 0 -1
    outer loop
      vertex -40.8686 -5.86863 0
      vertex -31 -3 0
      vertex -40.7306 -6.02598 0
    endloop
  endfacet
  facet normal 0 0 -1
    outer loop
      vertex -41.026 -5.73063 0
      vertex -31 -3 0
      vertex -40.8686 -5.86863 0
    endloop
  endfacet
  facet normal 0 0 -1
    outer loop
      vertex -41.2 -5.61436 0
      vertex -31 -3 0
      vertex -41.026 -5.73063 0
    endloop
  endfacet
  facet normal 0 0 -1
    outer loop
      vertex -41.3877 -5.52179 0
      vertex -31 -3 0
      vertex -41.2 -5.61436 0
    endloop
  endfacet
  facet normal 0 0 -1
    outer loop
      vertex -41.5859 -5.45452 0
      vertex -31 -3 0
      vertex -41.3877 -5.52179 0
    endloop
  endfacet
  facet normal 0 0 -1
    outer loop
      vertex -41.7912 -5.41369 0
      vertex -31 -3 0
      vertex -41.5859 -5.45452 0
    endloop
  endfacet
  facet normal 0 0 -1
    outer loop
      vertex -42 -5.4 0
      vertex -31 -3 0
      vertex -41.7912 -5.41369 0
    endloop
  endfacet
  facet normal 0 0 -1
    outer loop
      vertex -55 -3 0
      vertex -42 -5.4 0
      vertex -42.2088 -5.41369 0
    endloop
  endfacet
  facet normal 0 0 -1
    outer loop
      vertex -55 -3 0
      vertex -42.2088 -5.41369 0
      vertex -42.4141 -5.45452 0
    endloop
  endfacet
  facet normal 0 0 -1
    outer loop
      vertex -42 -5.4 0
      vertex -55 -3 0
      vertex -31 -3 0
    endloop
  endfacet
  facet normal 0 0 -1
    outer loop
      vertex -42.6123 -5.52179 0
      vertex -55 -3 0
      vertex -42.4141 -5.45452 0
    endloop
  endfacet
  facet normal 0 0 -1
    outer loop
      vertex -42.8 -5.61436 0
      vertex -55 -3 0
      vertex -42.6123 -5.52179 0
    endloop
  endfacet
  facet normal 0 0 -1
    outer loop
      vertex -42.974 -5.73063 0
      vertex -55 -3 0
      vertex -42.8 -5.61436 0
    endloop
  endfacet
  facet normal 0 0 -1
    outer loop
      vertex -43.1314 -5.86863 0
      vertex -55 -3 0
      vertex -42.974 -5.73063 0
    endloop
  endfacet
  facet normal 0 0 -1
    outer loop
      vertex -43.2694 -6.02598 0
      vertex -55 -3 0
      vertex -43.1314 -5.86863 0
    endloop
  endfacet
  facet normal 0 0 -1
    outer loop
      vertex -43.3856 -6.2 0
      vertex -55 -3 0
      vertex -43.2694 -6.02598 0
    endloop
  endfacet
  facet normal 0 0 -1
    outer loop
      vertex -43.4782 -6.38771 0
      vertex -55 -3 0
      vertex -43.3856 -6.2 0
    endloop
  endfacet
  facet normal 0 0 -1
    outer loop
      vertex -43.5455 -6.58589 0
      vertex -55 -3 0
      vertex -43.4782 -6.38771 0
    endloop
  endfacet
  facet normal 0 0 -1
    outer loop
      vertex -43.5863 -6.79116 0
      vertex -55 -3 0
      vertex -43.5455 -6.58589 0
    endloop
  endfacet
  facet normal 0 0 -1
    outer loop
      vertex -55 -3 0
      vertex -43.5863 -6.79116 0
      vertex -43.6 -7 0
    endloop
  endfacet
  facet normal -0.751787 -0.659406 -5.13051e-18
    outer loop
      vertex -83.2426 -58.2426 0
      vertex -83.7601 -57.6526 6
      vertex -83.7601 -57.6526 0
    endloop
  endfacet
  facet normal -0.751787 -0.659406 -5.13051e-18
    outer loop
      vertex -83.7601 -57.6526 6
      vertex -83.2426 -58.2426 0
      vertex -83.2426 -58.2426 6
    endloop
  endfacet
  facet normal 1 -0 0
    outer loop
      vertex -11 -12 15
      vertex -11 12 6
      vertex -11 12 15
    endloop
  endfacet
  facet normal 1 0 0
    outer loop
      vertex -11 12 6
      vertex -11 -12 15
      vertex -11 -12 6
    endloop
  endfacet
  facet normal 0 0 1
    outer loop
      vertex -11 12 15
      vertex -17.4 0 15
      vertex -11 -12 15
    endloop
  endfacet
  facet normal 0 0 1
    outer loop
      vertex -11 12 15
      vertex -17.4222 0.339368 15
      vertex -17.4 0 15
    endloop
  endfacet
  facet normal 0 0 1
    outer loop
      vertex -11 12 15
      vertex -17.4886 0.672929 15
      vertex -17.4222 0.339368 15
    endloop
  endfacet
  facet normal 0 0 1
    outer loop
      vertex -11 12 15
      vertex -17.5979 0.994976 15
      vertex -17.4886 0.672929 15
    endloop
  endfacet
  facet normal 0 0 1
    outer loop
      vertex -11 12 15
      vertex -17.7483 1.3 15
      vertex -17.5979 0.994976 15
    endloop
  endfacet
  facet normal 0 0 1
    outer loop
      vertex -11 12 15
      vertex -17.9373 1.58278 15
      vertex -17.7483 1.3 15
    endloop
  endfacet
  facet normal 0 0 1
    outer loop
      vertex -11 12 15
      vertex -18.1615 1.83848 15
      vertex -17.9373 1.58278 15
    endloop
  endfacet
  facet normal 0 0 1
    outer loop
      vertex -11 12 15
      vertex -18.4172 2.06272 15
      vertex -18.1615 1.83848 15
    endloop
  endfacet
  facet normal 0 0 1
    outer loop
      vertex -11 12 15
      vertex -18.7 2.25167 15
      vertex -18.4172 2.06272 15
    endloop
  endfacet
  facet normal 0 0 1
    outer loop
      vertex -11 12 15
      vertex -19.005 2.40209 15
      vertex -18.7 2.25167 15
    endloop
  endfacet
  facet normal 0 0 1
    outer loop
      vertex -11 12 15
      vertex -19.3271 2.51141 15
      vertex -19.005 2.40209 15
    endloop
  endfacet
  facet normal 0 0 1
    outer loop
      vertex -11 12 15
      vertex -19.6606 2.57776 15
      vertex -19.3271 2.51141 15
    endloop
  endfacet
  facet normal 0 0 1
    outer loop
      vertex -11 12 15
      vertex -20 2.6 15
      vertex -19.6606 2.57776 15
    endloop
  endfacet
  facet normal -0 0 1
    outer loop
      vertex -29 12 15
      vertex -20 2.6 15
      vertex -11 12 15
    endloop
  endfacet
  facet normal 0 0 1
    outer loop
      vertex -20 2.6 15
      vertex -29 12 15
      vertex -20.3394 2.57776 15
    endloop
  endfacet
  facet normal 0 0 1
    outer loop
      vertex -20.3394 2.57776 15
      vertex -29 12 15
      vertex -20.6729 2.51141 15
    endloop
  endfacet
  facet normal 0 0 1
    outer loop
      vertex -20.6729 2.51141 15
      vertex -29 12 15
      vertex -20.995 2.40209 15
    endloop
  endfacet
  facet normal 0 0 1
    outer loop
      vertex -20.995 2.40209 15
      vertex -29 12 15
      vertex -21.3 2.25167 15
    endloop
  endfacet
  facet normal 0 0 1
    outer loop
      vertex -21.3 2.25167 15
      vertex -29 12 15
      vertex -21.5828 2.06272 15
    endloop
  endfacet
  facet normal 0 0 1
    outer loop
      vertex -22.5778 0.339368 15
      vertex -29 12 15
      vertex -22.6 0 15
    endloop
  endfacet
  facet normal 0 0 1
    outer loop
      vertex -22.5114 0.672929 15
      vertex -29 12 15
      vertex -22.5778 0.339368 15
    endloop
  endfacet
  facet normal 0 0 1
    outer loop
      vertex -22.4021 0.994976 15
      vertex -29 12 15
      vertex -22.5114 0.672929 15
    endloop
  endfacet
  facet normal 0 0 1
    outer loop
      vertex -22.2517 1.3 15
      vertex -29 12 15
      vertex -22.4021 0.994976 15
    endloop
  endfacet
  facet normal 0 0 1
    outer loop
      vertex -22.0627 1.58278 15
      vertex -29 12 15
      vertex -22.2517 1.3 15
    endloop
  endfacet
  facet normal 0 0 1
    outer loop
      vertex -21.8385 1.83848 15
      vertex -29 12 15
      vertex -22.0627 1.58278 15
    endloop
  endfacet
  facet normal 0 0 1
    outer loop
      vertex -21.5828 2.06272 15
      vertex -29 12 15
      vertex -21.8385 1.83848 15
    endloop
  endfacet
  facet normal -0 0 1
    outer loop
      vertex -17.4222 -0.339368 15
      vertex -11 -12 15
      vertex -17.4 0 15
    endloop
  endfacet
  facet normal -0 0 1
    outer loop
      vertex -17.4886 -0.672929 15
      vertex -11 -12 15
      vertex -17.4222 -0.339368 15
    endloop
  endfacet
  facet normal -0 0 1
    outer loop
      vertex -17.5979 -0.994976 15
      vertex -11 -12 15
      vertex -17.4886 -0.672929 15
    endloop
  endfacet
  facet normal -0 0 1
    outer loop
      vertex -17.7483 -1.3 15
      vertex -11 -12 15
      vertex -17.5979 -0.994976 15
    endloop
  endfacet
  facet normal -0 0 1
    outer loop
      vertex -17.9373 -1.58278 15
      vertex -11 -12 15
      vertex -17.7483 -1.3 15
    endloop
  endfacet
  facet normal -0 0 1
    outer loop
      vertex -18.1615 -1.83848 15
      vertex -11 -12 15
      vertex -17.9373 -1.58278 15
    endloop
  endfacet
  facet normal -0 0 1
    outer loop
      vertex -18.4172 -2.06272 15
      vertex -11 -12 15
      vertex -18.1615 -1.83848 15
    endloop
  endfacet
  facet normal -0 0 1
    outer loop
      vertex -18.7 -2.25167 15
      vertex -11 -12 15
      vertex -18.4172 -2.06272 15
    endloop
  endfacet
  facet normal -0 0 1
    outer loop
      vertex -19.005 -2.40209 15
      vertex -11 -12 15
      vertex -18.7 -2.25167 15
    endloop
  endfacet
  facet normal -0 0 1
    outer loop
      vertex -19.3271 -2.51141 15
      vertex -11 -12 15
      vertex -19.005 -2.40209 15
    endloop
  endfacet
  facet normal -0 0 1
    outer loop
      vertex -19.6606 -2.57776 15
      vertex -11 -12 15
      vertex -19.3271 -2.51141 15
    endloop
  endfacet
  facet normal -0 0 1
    outer loop
      vertex -20 -2.6 15
      vertex -11 -12 15
      vertex -19.6606 -2.57776 15
    endloop
  endfacet
  facet normal 0 0 1
    outer loop
      vertex -29 -12 15
      vertex -20 -2.6 15
      vertex -20.3394 -2.57776 15
    endloop
  endfacet
  facet normal 0 0 1
    outer loop
      vertex -29 -12 15
      vertex -20.3394 -2.57776 15
      vertex -20.6729 -2.51141 15
    endloop
  endfacet
  facet normal 0 0 1
    outer loop
      vertex -29 -12 15
      vertex -20.6729 -2.51141 15
      vertex -20.995 -2.40209 15
    endloop
  endfacet
  facet normal 0 0 1
    outer loop
      vertex -29 -12 15
      vertex -20.995 -2.40209 15
      vertex -21.3 -2.25167 15
    endloop
  endfacet
  facet normal 0 0 1
    outer loop
      vertex -29 -12 15
      vertex -21.3 -2.25167 15
      vertex -21.5828 -2.06272 15
    endloop
  endfacet
  facet normal 0 0 1
    outer loop
      vertex -29 -12 15
      vertex -21.5828 -2.06272 15
      vertex -21.8385 -1.83848 15
    endloop
  endfacet
  facet normal 0 0 1
    outer loop
      vertex -29 -12 15
      vertex -22.6 0 15
      vertex -29 12 15
    endloop
  endfacet
  facet normal 0 0 1
    outer loop
      vertex -22.6 0 15
      vertex -29 -12 15
      vertex -22.5778 -0.339368 15
    endloop
  endfacet
  facet normal 0 0 1
    outer loop
      vertex -22.5778 -0.339368 15
      vertex -29 -12 15
      vertex -22.5114 -0.672929 15
    endloop
  endfacet
  facet normal 0 0 1
    outer loop
      vertex -22.5114 -0.672929 15
      vertex -29 -12 15
      vertex -22.4021 -0.994976 15
    endloop
  endfacet
  facet normal 0 0 1
    outer loop
      vertex -20 -2.6 15
      vertex -29 -12 15
      vertex -11 -12 15
    endloop
  endfacet
  facet normal 0 0 1
    outer loop
      vertex -22.0627 -1.58278 15
      vertex -29 -12 15
      vertex -21.8385 -1.83848 15
    endloop
  endfacet
  facet normal 0 0 1
    outer loop
      vertex -22.2517 -1.3 15
      vertex -29 -12 15
      vertex -22.0627 -1.58278 15
    endloop
  endfacet
  facet normal 0 0 1
    outer loop
      vertex -22.4021 -0.994976 15
      vertex -29 -12 15
      vertex -22.2517 -1.3 15
    endloop
  endfacet
  facet normal -1 0 0
    outer loop
      vertex -29 -11 6
      vertex -29 -12 6
      vertex -29 -11 9
    endloop
  endfacet
  facet normal -1 0 0
    outer loop
      vertex -29 11 9
      vertex -29 12 6
      vertex -29 11 6
    endloop
  endfacet
  facet normal -1 0 0
    outer loop
      vertex -29 12 6
      vertex -29 11 9
      vertex -29 12 15
    endloop
  endfacet
  facet normal -1 0 0
    outer loop
      vertex -29 -11 9
      vertex -29 12 15
      vertex -29 11 9
    endloop
  endfacet
  facet normal -1 0 0
    outer loop
      vertex -29 -11 9
      vertex -29 -12 15
      vertex -29 12 15
    endloop
  endfacet
  facet normal -1 0 0
    outer loop
      vertex -29 -12 15
      vertex -29 -11 9
      vertex -29 -12 6
    endloop
  endfacet
  facet normal 0 1 -0
    outer loop
      vertex -11 12 6
      vertex -29 12 15
      vertex -11 12 15
    endloop
  endfacet
  facet normal 0 1 0
    outer loop
      vertex -29 12 15
      vertex -11 12 6
      vertex -29 12 6
    endloop
  endfacet
  facet normal 0 -1 0
    outer loop
      vertex -29 -12 6
      vertex -11 -12 15
      vertex -29 -12 15
    endloop
  endfacet
  facet normal 0 -1 -0
    outer loop
      vertex -11 -12 15
      vertex -29 -12 6
      vertex -11 -12 6
    endloop
  endfacet
  facet normal 0 0 1
    outer loop
      vertex -31 -3 9
      vertex -40.4137 -6.79116 9
      vertex -40.4 -7 9
    endloop
  endfacet
  facet normal 0 0 1
    outer loop
      vertex -31 -3 9
      vertex -40.4545 -6.58589 9
      vertex -40.4137 -6.79116 9
    endloop
  endfacet
  facet normal 0 0 1
    outer loop
      vertex -31 -3 9
      vertex -40.5218 -6.38771 9
      vertex -40.4545 -6.58589 9
    endloop
  endfacet
  facet normal 0 0 1
    outer loop
      vertex -31 -3 9
      vertex -40.6144 -6.2 9
      vertex -40.5218 -6.38771 9
    endloop
  endfacet
  facet normal 0 0 1
    outer loop
      vertex -31 -3 9
      vertex -40.7306 -6.02598 9
      vertex -40.6144 -6.2 9
    endloop
  endfacet
  facet normal 0 0 1
    outer loop
      vertex -31 -3 9
      vertex -40.8686 -5.86863 9
      vertex -40.7306 -6.02598 9
    endloop
  endfacet
  facet normal 0 0 1
    outer loop
      vertex -31 -3 9
      vertex -41.026 -5.73063 9
      vertex -40.8686 -5.86863 9
    endloop
  endfacet
  facet normal 0 0 1
    outer loop
      vertex -31 -3 9
      vertex -41.2 -5.61436 9
      vertex -41.026 -5.73063 9
    endloop
  endfacet
  facet normal 0 0 1
    outer loop
      vertex -31 -3 9
      vertex -41.3877 -5.52179 9
      vertex -41.2 -5.61436 9
    endloop
  endfacet
  facet normal 0 0 1
    outer loop
      vertex -31 -3 9
      vertex -41.5859 -5.45452 9
      vertex -41.3877 -5.52179 9
    endloop
  endfacet
  facet normal 0 0 1
    outer loop
      vertex -31 -3 9
      vertex -41.7912 -5.41369 9
      vertex -41.5859 -5.45452 9
    endloop
  endfacet
  facet normal -0 0 1
    outer loop
      vertex -48 -3 9
      vertex -41.7912 -5.41369 9
      vertex -31 -3 9
    endloop
  endfacet
  facet normal 0 0 1
    outer loop
      vertex -41.7912 -5.41369 9
      vertex -48 -3 9
      vertex -42 -5.4 9
    endloop
  endfacet
  facet normal 0 0 1
    outer loop
      vertex -42 -5.4 9
      vertex -48 -3 9
      vertex -42.2088 -5.41369 9
    endloop
  endfacet
  facet normal 0 0 1
    outer loop
      vertex -43.5863 -6.79116 9
      vertex -48 -3 9
      vertex -43.6 -7 9
    endloop
  endfacet
  facet normal 0 0 1
    outer loop
      vertex -43.5455 -6.58589 9
      vertex -48 -3 9
      vertex -43.5863 -6.79116 9
    endloop
  endfacet
  facet normal 0 0 1
    outer loop
      vertex -43.4782 -6.38771 9
      vertex -48 -3 9
      vertex -43.5455 -6.58589 9
    endloop
  endfacet
  facet normal 0 0 1
    outer loop
      vertex -43.3856 -6.2 9
      vertex -48 -3 9
      vertex -43.4782 -6.38771 9
    endloop
  endfacet
  facet normal 0 0 1
    outer loop
      vertex -43.2694 -6.02598 9
      vertex -48 -3 9
      vertex -43.3856 -6.2 9
    endloop
  endfacet
  facet normal 0 0 1
    outer loop
      vertex -43.1314 -5.86863 9
      vertex -48 -3 9
      vertex -43.2694 -6.02598 9
    endloop
  endfacet
  facet normal 0 0 1
    outer loop
      vertex -42.974 -5.73063 9
      vertex -48 -3 9
      vertex -43.1314 -5.86863 9
    endloop
  endfacet
  facet normal 0 0 1
    outer loop
      vertex -42.8 -5.61436 9
      vertex -48 -3 9
      vertex -42.974 -5.73063 9
    endloop
  endfacet
  facet normal 0 0 1
    outer loop
      vertex -42.6123 -5.52179 9
      vertex -48 -3 9
      vertex -42.8 -5.61436 9
    endloop
  endfacet
  facet normal 0 0 1
    outer loop
      vertex -42.4141 -5.45452 9
      vertex -48 -3 9
      vertex -42.6123 -5.52179 9
    endloop
  endfacet
  facet normal 0 0 1
    outer loop
      vertex -42.2088 -5.41369 9
      vertex -48 -3 9
      vertex -42.4141 -5.45452 9
    endloop
  endfacet
  facet normal 0 0 1
    outer loop
      vertex -29 11 9
      vertex -31 3 9
      vertex -29 -11 9
    endloop
  endfacet
  facet normal -0 0 1
    outer loop
      vertex -40.4137 7.20884 9
      vertex -31 3 9
      vertex -29 11 9
    endloop
  endfacet
  facet normal 0 0 1
    outer loop
      vertex -31 3 9
      vertex -40.4137 7.20884 9
      vertex -40.4 7 9
    endloop
  endfacet
  facet normal 0 0 1
    outer loop
      vertex -29 11 9
      vertex -40.4545 7.41411 9
      vertex -40.4137 7.20884 9
    endloop
  endfacet
  facet normal 0 0 1
    outer loop
      vertex -29 11 9
      vertex -40.5218 7.61229 9
      vertex -40.4545 7.41411 9
    endloop
  endfacet
  facet normal 0 0 1
    outer loop
      vertex -29 11 9
      vertex -40.6144 7.8 9
      vertex -40.5218 7.61229 9
    endloop
  endfacet
  facet normal 0 0 1
    outer loop
      vertex -29 11 9
      vertex -40.7306 7.97402 9
      vertex -40.6144 7.8 9
    endloop
  endfacet
  facet normal 0 0 1
    outer loop
      vertex -29 11 9
      vertex -40.8686 8.13137 9
      vertex -40.7306 7.97402 9
    endloop
  endfacet
  facet normal 0 0 1
    outer loop
      vertex -29 11 9
      vertex -41.026 8.26937 9
      vertex -40.8686 8.13137 9
    endloop
  endfacet
  facet normal 0 0 1
    outer loop
      vertex -29 11 9
      vertex -41.2 8.38564 9
      vertex -41.026 8.26937 9
    endloop
  endfacet
  facet normal 0 0 1
    outer loop
      vertex -29 11 9
      vertex -41.3877 8.47821 9
      vertex -41.2 8.38564 9
    endloop
  endfacet
  facet normal 0 0 1
    outer loop
      vertex -29 11 9
      vertex -41.5859 8.54548 9
      vertex -41.3877 8.47821 9
    endloop
  endfacet
  facet normal 0 0 1
    outer loop
      vertex -29 11 9
      vertex -41.7912 8.58631 9
      vertex -41.5859 8.54548 9
    endloop
  endfacet
  facet normal -0 0 1
    outer loop
      vertex -48 11 9
      vertex -41.7912 8.58631 9
      vertex -29 11 9
    endloop
  endfacet
  facet normal 0 0 1
    outer loop
      vertex -41.7912 8.58631 9
      vertex -48 11 9
      vertex -42 8.6 9
    endloop
  endfacet
  facet normal 0 0 1
    outer loop
      vertex -43.5863 7.20884 9
      vertex -48 11 9
      vertex -43.6 7 9
    endloop
  endfacet
  facet normal 0 0 1
    outer loop
      vertex -43.5455 7.41411 9
      vertex -48 11 9
      vertex -43.5863 7.20884 9
    endloop
  endfacet
  facet normal 0 0 1
    outer loop
      vertex -43.4782 7.61229 9
      vertex -48 11 9
      vertex -43.5455 7.41411 9
    endloop
  endfacet
  facet normal 0 0 1
    outer loop
      vertex -43.3856 7.8 9
      vertex -48 11 9
      vertex -43.4782 7.61229 9
    endloop
  endfacet
  facet normal 0 0 1
    outer loop
      vertex -43.2694 7.97402 9
      vertex -48 11 9
      vertex -43.3856 7.8 9
    endloop
  endfacet
  facet normal 0 0 1
    outer loop
      vertex -43.1314 8.13137 9
      vertex -48 11 9
      vertex -43.2694 7.97402 9
    endloop
  endfacet
  facet normal 0 0 1
    outer loop
      vertex -42.974 8.26937 9
      vertex -48 11 9
      vertex -43.1314 8.13137 9
    endloop
  endfacet
  facet normal 0 0 1
    outer loop
      vertex -42.8 8.38564 9
      vertex -48 11 9
      vertex -42.974 8.26937 9
    endloop
  endfacet
  facet normal 0 0 1
    outer loop
      vertex -42.6123 8.47821 9
      vertex -48 11 9
      vertex -42.8 8.38564 9
    endloop
  endfacet
  facet normal 0 0 1
    outer loop
      vertex -42.4141 8.54548 9
      vertex -48 11 9
      vertex -42.6123 8.47821 9
    endloop
  endfacet
  facet normal 0 0 1
    outer loop
      vertex -42.2088 8.58631 9
      vertex -48 11 9
      vertex -42.4141 8.54548 9
    endloop
  endfacet
  facet normal 0 0 1
    outer loop
      vertex -42 8.6 9
      vertex -48 11 9
      vertex -42.2088 8.58631 9
    endloop
  endfacet
  facet normal -0 0 1
    outer loop
      vertex -31 -3 9
      vertex -29 -11 9
      vertex -31 3 9
    endloop
  endfacet
  facet normal 0 0 1
    outer loop
      vertex -40.4137 -7.20884 9
      vertex -31 -3 9
      vertex -40.4 -7 9
    endloop
  endfacet
  facet normal 0 0 1
    outer loop
      vertex -31 -3 9
      vertex -40.4137 -7.20884 9
      vertex -29 -11 9
    endloop
  endfacet
  facet normal -0 0 1
    outer loop
      vertex -40.4545 -7.41411 9
      vertex -29 -11 9
      vertex -40.4137 -7.20884 9
    endloop
  endfacet
  facet normal -0 0 1
    outer loop
      vertex -40.5218 -7.61229 9
      vertex -29 -11 9
      vertex -40.4545 -7.41411 9
    endloop
  endfacet
  facet normal -0 0 1
    outer loop
      vertex -40.6144 -7.8 9
      vertex -29 -11 9
      vertex -40.5218 -7.61229 9
    endloop
  endfacet
  facet normal -0 0 1
    outer loop
      vertex -40.7306 -7.97402 9
      vertex -29 -11 9
      vertex -40.6144 -7.8 9
    endloop
  endfacet
  facet normal -0 0 1
    outer loop
      vertex -40.8686 -8.13137 9
      vertex -29 -11 9
      vertex -40.7306 -7.97402 9
    endloop
  endfacet
  facet normal -0 0 1
    outer loop
      vertex -41.026 -8.26937 9
      vertex -29 -11 9
      vertex -40.8686 -8.13137 9
    endloop
  endfacet
  facet normal -0 0 1
    outer loop
      vertex -41.2 -8.38564 9
      vertex -29 -11 9
      vertex -41.026 -8.26937 9
    endloop
  endfacet
  facet normal -0 0 1
    outer loop
      vertex -41.3877 -8.47821 9
      vertex -29 -11 9
      vertex -41.2 -8.38564 9
    endloop
  endfacet
  facet normal -0 0 1
    outer loop
      vertex -41.5859 -8.54548 9
      vertex -29 -11 9
      vertex -41.3877 -8.47821 9
    endloop
  endfacet
  facet normal -0 0 1
    outer loop
      vertex -41.7912 -8.58631 9
      vertex -29 -11 9
      vertex -41.5859 -8.54548 9
    endloop
  endfacet
  facet normal 0 0 1
    outer loop
      vertex -48 -11 9
      vertex -41.7912 -8.58631 9
      vertex -42 -8.6 9
    endloop
  endfacet
  facet normal 0 0 1
    outer loop
      vertex -48 -11 9
      vertex -42 -8.6 9
      vertex -42.2088 -8.58631 9
    endloop
  endfacet
  facet normal 0 0 1
    outer loop
      vertex -48 -11 9
      vertex -43.6 -7 9
      vertex -48 -3 9
    endloop
  endfacet
  facet normal 0 0 1
    outer loop
      vertex -43.6 -7 9
      vertex -48 -11 9
      vertex -43.5863 -7.20884 9
    endloop
  endfacet
  facet normal 0 0 1
    outer loop
      vertex -43.5863 -7.20884 9
      vertex -48 -11 9
      vertex -43.5455 -7.41411 9
    endloop
  endfacet
  facet normal 0 0 1
    outer loop
      vertex -43.5455 -7.41411 9
      vertex -48 -11 9
      vertex -43.4782 -7.61229 9
    endloop
  endfacet
  facet normal 0 0 1
    outer loop
      vertex -43.4782 -7.61229 9
      vertex -48 -11 9
      vertex -43.3856 -7.8 9
    endloop
  endfacet
  facet normal 0 0 1
    outer loop
      vertex -43.3856 -7.8 9
      vertex -48 -11 9
      vertex -43.2694 -7.97402 9
    endloop
  endfacet
  facet normal 0 0 1
    outer loop
      vertex -41.7912 -8.58631 9
      vertex -48 -11 9
      vertex -29 -11 9
    endloop
  endfacet
  facet normal 0 0 1
    outer loop
      vertex -42.4141 -8.54548 9
      vertex -48 -11 9
      vertex -42.2088 -8.58631 9
    endloop
  endfacet
  facet normal 0 0 1
    outer loop
      vertex -42.6123 -8.47821 9
      vertex -48 -11 9
      vertex -42.4141 -8.54548 9
    endloop
  endfacet
  facet normal 0 0 1
    outer loop
      vertex -42.8 -8.38564 9
      vertex -48 -11 9
      vertex -42.6123 -8.47821 9
    endloop
  endfacet
  facet normal 0 0 1
    outer loop
      vertex -42.974 -8.26937 9
      vertex -48 -11 9
      vertex -42.8 -8.38564 9
    endloop
  endfacet
  facet normal 0 0 1
    outer loop
      vertex -43.1314 -8.13137 9
      vertex -48 -11 9
      vertex -42.974 -8.26937 9
    endloop
  endfacet
  facet normal 0 0 1
    outer loop
      vertex -43.2694 -7.97402 9
      vertex -48 -11 9
      vertex -43.1314 -8.13137 9
    endloop
  endfacet
  facet normal -0 0 1
    outer loop
      vertex -40.4137 6.79116 9
      vertex -31 3 9
      vertex -40.4 7 9
    endloop
  endfacet
  facet normal -0 0 1
    outer loop
      vertex -40.4545 6.58589 9
      vertex -31 3 9
      vertex -40.4137 6.79116 9
    endloop
  endfacet
  facet normal -0 0 1
    outer loop
      vertex -40.5218 6.38771 9
      vertex -31 3 9
      vertex -40.4545 6.58589 9
    endloop
  endfacet
  facet normal -0 0 1
    outer loop
      vertex -40.6144 6.2 9
      vertex -31 3 9
      vertex -40.5218 6.38771 9
    endloop
  endfacet
  facet normal -0 0 1
    outer loop
      vertex -40.7306 6.02598 9
      vertex -31 3 9
      vertex -40.6144 6.2 9
    endloop
  endfacet
  facet normal -0 0 1
    outer loop
      vertex -40.8686 5.86863 9
      vertex -31 3 9
      vertex -40.7306 6.02598 9
    endloop
  endfacet
  facet normal -0 0 1
    outer loop
      vertex -41.026 5.73063 9
      vertex -31 3 9
      vertex -40.8686 5.86863 9
    endloop
  endfacet
  facet normal -0 0 1
    outer loop
      vertex -41.2 5.61436 9
      vertex -31 3 9
      vertex -41.026 5.73063 9
    endloop
  endfacet
  facet normal -0 0 1
    outer loop
      vertex -41.3877 5.52179 9
      vertex -31 3 9
      vertex -41.2 5.61436 9
    endloop
  endfacet
  facet normal -0 0 1
    outer loop
      vertex -41.5859 5.45452 9
      vertex -31 3 9
      vertex -41.3877 5.52179 9
    endloop
  endfacet
  facet normal -0 0 1
    outer loop
      vertex -41.7912 5.41369 9
      vertex -31 3 9
      vertex -41.5859 5.45452 9
    endloop
  endfacet
  facet normal 0 0 1
    outer loop
      vertex -48 3 9
      vertex -41.7912 5.41369 9
      vertex -42 5.4 9
    endloop
  endfacet
  facet normal 0 0 1
    outer loop
      vertex -48 3 9
      vertex -42 5.4 9
      vertex -42.2088 5.41369 9
    endloop
  endfacet
  facet normal 0 0 1
    outer loop
      vertex -48 3 9
      vertex -42.2088 5.41369 9
      vertex -42.4141 5.45452 9
    endloop
  endfacet
  facet normal 0 0 1
    outer loop
      vertex -48 3 9
      vertex -43.6 7 9
      vertex -48 11 9
    endloop
  endfacet
  facet normal 0 0 1
    outer loop
      vertex -43.6 7 9
      vertex -48 3 9
      vertex -43.5863 6.79116 9
    endloop
  endfacet
  facet normal 0 0 1
    outer loop
      vertex -43.5863 6.79116 9
      vertex -48 3 9
      vertex -43.5455 6.58589 9
    endloop
  endfacet
  facet normal 0 0 1
    outer loop
      vertex -43.5455 6.58589 9
      vertex -48 3 9
      vertex -43.4782 6.38771 9
    endloop
  endfacet
  facet normal 0 0 1
    outer loop
      vertex -43.4782 6.38771 9
      vertex -48 3 9
      vertex -43.3856 6.2 9
    endloop
  endfacet
  facet normal 0 0 1
    outer loop
      vertex -43.3856 6.2 9
      vertex -48 3 9
      vertex -43.2694 6.02598 9
    endloop
  endfacet
  facet normal 0 0 1
    outer loop
      vertex -41.7912 5.41369 9
      vertex -48 3 9
      vertex -31 3 9
    endloop
  endfacet
  facet normal 0 0 1
    outer loop
      vertex -42.6123 5.52179 9
      vertex -48 3 9
      vertex -42.4141 5.45452 9
    endloop
  endfacet
  facet normal 0 0 1
    outer loop
      vertex -42.8 5.61436 9
      vertex -48 3 9
      vertex -42.6123 5.52179 9
    endloop
  endfacet
  facet normal 0 0 1
    outer loop
      vertex -42.974 5.73063 9
      vertex -48 3 9
      vertex -42.8 5.61436 9
    endloop
  endfacet
  facet normal 0 0 1
    outer loop
      vertex -43.1314 5.86863 9
      vertex -48 3 9
      vertex -42.974 5.73063 9
    endloop
  endfacet
  facet normal 0 0 1
    outer loop
      vertex -43.2694 6.02598 9
      vertex -48 3 9
      vertex -43.1314 5.86863 9
    endloop
  endfacet
  facet normal -1 0 0
    outer loop
      vertex -48 3 6
      vertex -48 11 9
      vertex -48 11 6
    endloop
  endfacet
  facet normal -1 -0 0
    outer loop
      vertex -48 11 9
      vertex -48 3 6
      vertex -48 3 9
    endloop
  endfacet
  facet normal -1 0 0
    outer loop
      vertex -48 -11 6
      vertex -48 -3 9
      vertex -48 -3 6
    endloop
  endfacet
  facet normal -1 -0 0
    outer loop
      vertex -48 -3 9
      vertex -48 -11 6
      vertex -48 -11 9
    endloop
  endfacet
  facet normal 0 1 -0
    outer loop
      vertex -29 11 6
      vertex -48 11 9
      vertex -29 11 9
    endloop
  endfacet
  facet normal 0 1 0
    outer loop
      vertex -48 11 9
      vertex -29 11 6
      vertex -48 11 6
    endloop
  endfacet
  facet normal 0 -1 0
    outer loop
      vertex -48 -11 6
      vertex -29 -11 9
      vertex -48 -11 9
    endloop
  endfacet
  facet normal 0 -1 -0
    outer loop
      vertex -29 -11 9
      vertex -48 -11 6
      vertex -29 -11 6
    endloop
  endfacet
  facet normal 0.195136 0.980776 -0
    outer loop
      vertex -75.2741 -52.082 0
      vertex -75.5435 -52.0284 6
      vertex -75.2741 -52.082 6
    endloop
  endfacet
  facet normal 0.195136 0.980776 0
    outer loop
      vertex -75.5435 -52.0284 6
      vertex -75.2741 -52.082 0
      vertex -75.5435 -52.0284 0
    endloop
  endfacet
  facet normal -0.997851 -0.0655283 -2.5314e-19
    outer loop
      vertex -72.9 -50 0
      vertex -72.918 -49.7259 6
      vertex -72.918 -49.7259 0
    endloop
  endfacet
  facet normal -0.997851 -0.0655283 -2.5314e-19
    outer loop
      vertex -72.918 -49.7259 6
      vertex -72.9 -50 0
      vertex -72.9 -50 6
    endloop
  endfacet
  facet normal 0.83149 -0.55554 8.81827e-19
    outer loop
      vertex -76.8186 -48.95 6
      vertex -76.666 -48.7216 0
      vertex -76.666 -48.7216 6
    endloop
  endfacet
  facet normal 0.83149 -0.55554 8.81827e-19
    outer loop
      vertex -76.666 -48.7216 0
      vertex -76.8186 -48.95 6
      vertex -76.8186 -48.95 0
    endloop
  endfacet
  facet normal 0.896889 -0.442256 7.41422e-20
    outer loop
      vertex -76.9401 -49.1964 6
      vertex -76.8186 -48.95 0
      vertex -76.8186 -48.95 6
    endloop
  endfacet
  facet normal 0.896889 -0.442256 7.41422e-20
    outer loop
      vertex -76.8186 -48.95 0
      vertex -76.9401 -49.1964 6
      vertex -76.9401 -49.1964 0
    endloop
  endfacet
  facet normal 0.896889 0.442256 -7.41422e-20
    outer loop
      vertex -76.8186 -51.05 6
      vertex -76.9401 -50.8036 0
      vertex -76.9401 -50.8036 6
    endloop
  endfacet
  facet normal 0.896889 0.442256 -7.41422e-20
    outer loop
      vertex -76.9401 -50.8036 0
      vertex -76.8186 -51.05 6
      vertex -76.8186 -51.05 0
    endloop
  endfacet
  facet normal 0.321465 0.946921 -0
    outer loop
      vertex -75.5435 -52.0284 0
      vertex -75.8036 -51.9401 6
      vertex -75.5435 -52.0284 6
    endloop
  endfacet
  facet normal 0.321465 0.946921 0
    outer loop
      vertex -75.8036 -51.9401 6
      vertex -75.5435 -52.0284 0
      vertex -75.8036 -51.9401 0
    endloop
  endfacet
  facet normal -0.997851 0.0655283 2.5314e-19
    outer loop
      vertex -72.918 -50.2741 0
      vertex -72.9 -50 6
      vertex -72.9 -50 0
    endloop
  endfacet
  facet normal -0.997851 0.0655283 2.5314e-19
    outer loop
      vertex -72.9 -50 6
      vertex -72.918 -50.2741 0
      vertex -72.918 -50.2741 6
    endloop
  endfacet
  facet normal 0.751832 -0.659355 -7.45963e-19
    outer loop
      vertex -76.666 -48.7216 6
      vertex -76.4849 -48.5151 0
      vertex -76.4849 -48.5151 6
    endloop
  endfacet
  facet normal 0.751832 -0.659355 -7.45963e-19
    outer loop
      vertex -76.4849 -48.5151 0
      vertex -76.666 -48.7216 6
      vertex -76.666 -48.7216 0
    endloop
  endfacet
  facet normal -0.897033 -0.441964 -5.55326e-19
    outer loop
      vertex -73.0599 -49.1964 0
      vertex -73.1813 -48.95 6
      vertex -73.1813 -48.95 0
    endloop
  endfacet
  facet normal -0.897033 -0.441964 -5.55326e-19
    outer loop
      vertex -73.1813 -48.95 6
      vertex -73.0599 -49.1964 0
      vertex -73.0599 -49.1964 6
    endloop
  endfacet
  facet normal 0.946921 -0.321465 1.21569e-19
    outer loop
      vertex -77.0284 -49.4565 6
      vertex -76.9401 -49.1964 0
      vertex -76.9401 -49.1964 6
    endloop
  endfacet
  facet normal 0.946921 -0.321465 1.21569e-19
    outer loop
      vertex -76.9401 -49.1964 0
      vertex -77.0284 -49.4565 6
      vertex -77.0284 -49.4565 0
    endloop
  endfacet
  facet normal 0.946921 0.321465 -1.21569e-19
    outer loop
      vertex -76.9401 -50.8036 6
      vertex -77.0284 -50.5435 0
      vertex -77.0284 -50.5435 6
    endloop
  endfacet
  facet normal 0.946921 0.321465 -1.21569e-19
    outer loop
      vertex -77.0284 -50.5435 0
      vertex -76.9401 -50.8036 6
      vertex -76.9401 -50.8036 0
    endloop
  endfacet
  facet normal -0.946921 0.321465 1.21569e-19
    outer loop
      vertex -73.0599 -50.8036 0
      vertex -72.9716 -50.5435 6
      vertex -72.9716 -50.5435 0
    endloop
  endfacet
  facet normal -0.946921 0.321465 1.21569e-19
    outer loop
      vertex -72.9716 -50.5435 6
      vertex -73.0599 -50.8036 0
      vertex -73.0599 -50.8036 6
    endloop
  endfacet
  facet normal -0.946921 -0.321465 -1.21569e-19
    outer loop
      vertex -72.9716 -49.4565 0
      vertex -73.0599 -49.1964 6
      vertex -73.0599 -49.1964 0
    endloop
  endfacet
  facet normal -0.946921 -0.321465 -1.21569e-19
    outer loop
      vertex -73.0599 -49.1964 6
      vertex -72.9716 -49.4565 0
      vertex -72.9716 -49.4565 6
    endloop
  endfacet
  facet normal -0.980776 -0.195136 -7.60357e-20
    outer loop
      vertex -72.918 -49.7259 0
      vertex -72.9716 -49.4565 6
      vertex -72.9716 -49.4565 0
    endloop
  endfacet
  facet normal -0.980776 -0.195136 -7.60357e-20
    outer loop
      vertex -72.9716 -49.4565 6
      vertex -72.918 -49.7259 0
      vertex -72.918 -49.7259 6
    endloop
  endfacet
  facet normal 0.83149 0.55554 -8.81827e-19
    outer loop
      vertex -76.666 -51.2784 6
      vertex -76.8186 -51.05 0
      vertex -76.8186 -51.05 6
    endloop
  endfacet
  facet normal 0.83149 0.55554 -8.81827e-19
    outer loop
      vertex -76.8186 -51.05 0
      vertex -76.666 -51.2784 6
      vertex -76.666 -51.2784 0
    endloop
  endfacet
  facet normal -0.321465 -0.946921 0
    outer loop
      vertex -74.4565 -47.9716 0
      vertex -74.1964 -48.0599 6
      vertex -74.4565 -47.9716 6
    endloop
  endfacet
  facet normal -0.321465 -0.946921 -0
    outer loop
      vertex -74.1964 -48.0599 6
      vertex -74.4565 -47.9716 0
      vertex -74.1964 -48.0599 0
    endloop
  endfacet
  facet normal 0.555792 -0.831322 0
    outer loop
      vertex -76.2784 -48.334 0
      vertex -76.05 -48.1813 6
      vertex -76.2784 -48.334 6
    endloop
  endfacet
  facet normal 0.555792 -0.831322 0
    outer loop
      vertex -76.05 -48.1813 6
      vertex -76.2784 -48.334 0
      vertex -76.05 -48.1813 0
    endloop
  endfacet
  facet normal -0.195136 -0.980776 0
    outer loop
      vertex -74.7259 -47.918 0
      vertex -74.4565 -47.9716 6
      vertex -74.7259 -47.918 6
    endloop
  endfacet
  facet normal -0.195136 -0.980776 -0
    outer loop
      vertex -74.4565 -47.9716 6
      vertex -74.7259 -47.918 0
      vertex -74.4565 -47.9716 0
    endloop
  endfacet
  facet normal -0.751832 -0.659355 7.45963e-19
    outer loop
      vertex -73.334 -48.7216 0
      vertex -73.5151 -48.5151 6
      vertex -73.5151 -48.5151 0
    endloop
  endfacet
  facet normal -0.751832 -0.659355 7.45963e-19
    outer loop
      vertex -73.5151 -48.5151 6
      vertex -73.334 -48.7216 0
      vertex -73.334 -48.7216 6
    endloop
  endfacet
  facet normal -0.321465 0.946921 0
    outer loop
      vertex -74.1964 -51.9401 0
      vertex -74.4565 -52.0284 6
      vertex -74.1964 -51.9401 6
    endloop
  endfacet
  facet normal -0.321465 0.946921 0
    outer loop
      vertex -74.4565 -52.0284 6
      vertex -74.1964 -51.9401 0
      vertex -74.4565 -52.0284 0
    endloop
  endfacet
  facet normal -0.195136 0.980776 0
    outer loop
      vertex -74.4565 -52.0284 0
      vertex -74.7259 -52.082 6
      vertex -74.4565 -52.0284 6
    endloop
  endfacet
  facet normal -0.195136 0.980776 0
    outer loop
      vertex -74.7259 -52.082 6
      vertex -74.4565 -52.0284 0
      vertex -74.7259 -52.082 0
    endloop
  endfacet
  facet normal 0.997851 -0.0655283 2.5314e-19
    outer loop
      vertex -77.1 -50 6
      vertex -77.082 -49.7259 0
      vertex -77.082 -49.7259 6
    endloop
  endfacet
  facet normal 0.997851 -0.0655283 2.5314e-19
    outer loop
      vertex -77.082 -49.7259 0
      vertex -77.1 -50 6
      vertex -77.1 -50 0
    endloop
  endfacet
  facet normal -0.441964 -0.897033 0
    outer loop
      vertex -74.1964 -48.0599 0
      vertex -73.95 -48.1813 6
      vertex -74.1964 -48.0599 6
    endloop
  endfacet
  facet normal -0.441964 -0.897033 -0
    outer loop
      vertex -73.95 -48.1813 6
      vertex -74.1964 -48.0599 0
      vertex -73.95 -48.1813 0
    endloop
  endfacet
  facet normal -0.659355 0.751832 0
    outer loop
      vertex -73.5151 -51.4849 0
      vertex -73.7216 -51.666 6
      vertex -73.5151 -51.4849 6
    endloop
  endfacet
  facet normal -0.659355 0.751832 0
    outer loop
      vertex -73.7216 -51.666 6
      vertex -73.5151 -51.4849 0
      vertex -73.7216 -51.666 0
    endloop
  endfacet
  facet normal -0.831322 -0.555792 -1.5042e-19
    outer loop
      vertex -73.1813 -48.95 0
      vertex -73.334 -48.7216 6
      vertex -73.334 -48.7216 0
    endloop
  endfacet
  facet normal -0.831322 -0.555792 -1.5042e-19
    outer loop
      vertex -73.334 -48.7216 6
      vertex -73.1813 -48.95 0
      vertex -73.1813 -48.95 6
    endloop
  endfacet
  facet normal -0.831322 0.555792 1.5042e-19
    outer loop
      vertex -73.334 -51.2784 0
      vertex -73.1813 -51.05 6
      vertex -73.1813 -51.05 0
    endloop
  endfacet
  facet normal -0.831322 0.555792 1.5042e-19
    outer loop
      vertex -73.1813 -51.05 6
      vertex -73.334 -51.2784 0
      vertex -73.334 -51.2784 6
    endloop
  endfacet
  facet normal -0.897033 0.441964 5.55326e-19
    outer loop
      vertex -73.1813 -51.05 0
      vertex -73.0599 -50.8036 6
      vertex -73.0599 -50.8036 0
    endloop
  endfacet
  facet normal -0.897033 0.441964 5.55326e-19
    outer loop
      vertex -73.0599 -50.8036 6
      vertex -73.1813 -51.05 0
      vertex -73.1813 -51.05 6
    endloop
  endfacet
  facet normal -0.0655283 0.997851 0
    outer loop
      vertex -74.7259 -52.082 0
      vertex -75 -52.1 6
      vertex -74.7259 -52.082 6
    endloop
  endfacet
  facet normal -0.0655283 0.997851 0
    outer loop
      vertex -75 -52.1 6
      vertex -74.7259 -52.082 0
      vertex -75 -52.1 0
    endloop
  endfacet
  facet normal 0.659355 -0.751832 0
    outer loop
      vertex -76.4849 -48.5151 0
      vertex -76.2784 -48.334 6
      vertex -76.4849 -48.5151 6
    endloop
  endfacet
  facet normal 0.659355 -0.751832 0
    outer loop
      vertex -76.2784 -48.334 6
      vertex -76.4849 -48.5151 0
      vertex -76.2784 -48.334 0
    endloop
  endfacet
  facet normal -0.555792 -0.831322 0
    outer loop
      vertex -73.95 -48.1813 0
      vertex -73.7216 -48.334 6
      vertex -73.95 -48.1813 6
    endloop
  endfacet
  facet normal -0.555792 -0.831322 -0
    outer loop
      vertex -73.7216 -48.334 6
      vertex -73.95 -48.1813 0
      vertex -73.7216 -48.334 0
    endloop
  endfacet
  facet normal 0.441964 -0.897033 0
    outer loop
      vertex -76.05 -48.1813 0
      vertex -75.8036 -48.0599 6
      vertex -76.05 -48.1813 6
    endloop
  endfacet
  facet normal 0.441964 -0.897033 0
    outer loop
      vertex -75.8036 -48.0599 6
      vertex -76.05 -48.1813 0
      vertex -75.8036 -48.0599 0
    endloop
  endfacet
  facet normal -0.980776 0.195136 7.60357e-20
    outer loop
      vertex -72.9716 -50.5435 0
      vertex -72.918 -50.2741 6
      vertex -72.918 -50.2741 0
    endloop
  endfacet
  facet normal -0.980776 0.195136 7.60357e-20
    outer loop
      vertex -72.918 -50.2741 6
      vertex -72.9716 -50.5435 0
      vertex -72.9716 -50.5435 6
    endloop
  endfacet
  facet normal 0.997851 0.0655283 -2.5314e-19
    outer loop
      vertex -77.082 -50.2741 6
      vertex -77.1 -50 0
      vertex -77.1 -50 6
    endloop
  endfacet
  facet normal 0.997851 0.0655283 -2.5314e-19
    outer loop
      vertex -77.1 -50 0
      vertex -77.082 -50.2741 6
      vertex -77.082 -50.2741 0
    endloop
  endfacet
  facet normal -0.441964 0.897033 0
    outer loop
      vertex -73.95 -51.8187 0
      vertex -74.1964 -51.9401 6
      vertex -73.95 -51.8187 6
    endloop
  endfacet
  facet normal -0.441964 0.897033 0
    outer loop
      vertex -74.1964 -51.9401 6
      vertex -73.95 -51.8187 0
      vertex -74.1964 -51.9401 0
    endloop
  endfacet
  facet normal -0.659355 -0.751832 0
    outer loop
      vertex -73.7216 -48.334 0
      vertex -73.5151 -48.5151 6
      vertex -73.7216 -48.334 6
    endloop
  endfacet
  facet normal -0.659355 -0.751832 -0
    outer loop
      vertex -73.5151 -48.5151 6
      vertex -73.7216 -48.334 0
      vertex -73.5151 -48.5151 0
    endloop
  endfacet
  facet normal 0.980776 0.195136 -7.60357e-20
    outer loop
      vertex -77.0284 -50.5435 6
      vertex -77.082 -50.2741 0
      vertex -77.082 -50.2741 6
    endloop
  endfacet
  facet normal 0.980776 0.195136 -7.60357e-20
    outer loop
      vertex -77.082 -50.2741 0
      vertex -77.0284 -50.5435 6
      vertex -77.0284 -50.5435 0
    endloop
  endfacet
  facet normal 0.555792 0.831322 -0
    outer loop
      vertex -76.05 -51.8187 0
      vertex -76.2784 -51.666 6
      vertex -76.05 -51.8187 6
    endloop
  endfacet
  facet normal 0.555792 0.831322 0
    outer loop
      vertex -76.2784 -51.666 6
      vertex -76.05 -51.8187 0
      vertex -76.2784 -51.666 0
    endloop
  endfacet
  facet normal 0.321465 -0.946921 0
    outer loop
      vertex -75.8036 -48.0599 0
      vertex -75.5435 -47.9716 6
      vertex -75.8036 -48.0599 6
    endloop
  endfacet
  facet normal 0.321465 -0.946921 0
    outer loop
      vertex -75.5435 -47.9716 6
      vertex -75.8036 -48.0599 0
      vertex -75.5435 -47.9716 0
    endloop
  endfacet
  facet normal 0.195136 -0.980776 0
    outer loop
      vertex -75.5435 -47.9716 0
      vertex -75.2741 -47.918 6
      vertex -75.5435 -47.9716 6
    endloop
  endfacet
  facet normal 0.195136 -0.980776 0
    outer loop
      vertex -75.2741 -47.918 6
      vertex -75.5435 -47.9716 0
      vertex -75.2741 -47.918 0
    endloop
  endfacet
  facet normal 0.0655283 0.997851 -0
    outer loop
      vertex -75 -52.1 0
      vertex -75.2741 -52.082 6
      vertex -75 -52.1 6
    endloop
  endfacet
  facet normal 0.0655283 0.997851 0
    outer loop
      vertex -75.2741 -52.082 6
      vertex -75 -52.1 0
      vertex -75.2741 -52.082 0
    endloop
  endfacet
  facet normal 0.980776 -0.195136 7.60357e-20
    outer loop
      vertex -77.082 -49.7259 6
      vertex -77.0284 -49.4565 0
      vertex -77.0284 -49.4565 6
    endloop
  endfacet
  facet normal 0.980776 -0.195136 7.60357e-20
    outer loop
      vertex -77.0284 -49.4565 0
      vertex -77.082 -49.7259 6
      vertex -77.082 -49.7259 0
    endloop
  endfacet
  facet normal -0.555792 0.831322 0
    outer loop
      vertex -73.7216 -51.666 0
      vertex -73.95 -51.8187 6
      vertex -73.7216 -51.666 6
    endloop
  endfacet
  facet normal -0.555792 0.831322 0
    outer loop
      vertex -73.95 -51.8187 6
      vertex -73.7216 -51.666 0
      vertex -73.95 -51.8187 0
    endloop
  endfacet
  facet normal 0.751832 0.659355 7.45963e-19
    outer loop
      vertex -76.4849 -51.4849 6
      vertex -76.666 -51.2784 0
      vertex -76.666 -51.2784 6
    endloop
  endfacet
  facet normal 0.751832 0.659355 7.45963e-19
    outer loop
      vertex -76.666 -51.2784 0
      vertex -76.4849 -51.4849 6
      vertex -76.4849 -51.4849 0
    endloop
  endfacet
  facet normal -0.0655283 -0.997851 0
    outer loop
      vertex -75 -47.9 0
      vertex -74.7259 -47.918 6
      vertex -75 -47.9 6
    endloop
  endfacet
  facet normal -0.0655283 -0.997851 -0
    outer loop
      vertex -74.7259 -47.918 6
      vertex -75 -47.9 0
      vertex -74.7259 -47.918 0
    endloop
  endfacet
  facet normal 0.0655283 -0.997851 0
    outer loop
      vertex -75.2741 -47.918 0
      vertex -75 -47.9 6
      vertex -75.2741 -47.918 6
    endloop
  endfacet
  facet normal 0.0655283 -0.997851 0
    outer loop
      vertex -75 -47.9 6
      vertex -75.2741 -47.918 0
      vertex -75 -47.9 0
    endloop
  endfacet
  facet normal -0.751832 0.659355 -7.45963e-19
    outer loop
      vertex -73.5151 -51.4849 0
      vertex -73.334 -51.2784 6
      vertex -73.334 -51.2784 0
    endloop
  endfacet
  facet normal -0.751832 0.659355 -7.45963e-19
    outer loop
      vertex -73.334 -51.2784 6
      vertex -73.5151 -51.4849 0
      vertex -73.5151 -51.4849 6
    endloop
  endfacet
  facet normal 0.659355 0.751832 -0
    outer loop
      vertex -76.2784 -51.666 0
      vertex -76.4849 -51.4849 6
      vertex -76.2784 -51.666 6
    endloop
  endfacet
  facet normal 0.659355 0.751832 0
    outer loop
      vertex -76.4849 -51.4849 6
      vertex -76.2784 -51.666 0
      vertex -76.4849 -51.4849 0
    endloop
  endfacet
  facet normal 0.441964 0.897033 -0
    outer loop
      vertex -75.8036 -51.9401 0
      vertex -76.05 -51.8187 6
      vertex -75.8036 -51.9401 6
    endloop
  endfacet
  facet normal 0.441964 0.897033 0
    outer loop
      vertex -76.05 -51.8187 6
      vertex -75.8036 -51.9401 0
      vertex -76.05 -51.8187 0
    endloop
  endfacet
  facet normal -0.441964 0.897033 0
    outer loop
      vertex 76.05 -51.8187 0
      vertex 75.8036 -51.9401 6
      vertex 76.05 -51.8187 6
    endloop
  endfacet
  facet normal -0.441964 0.897033 0
    outer loop
      vertex 75.8036 -51.9401 6
      vertex 76.05 -51.8187 0
      vertex 75.8036 -51.9401 0
    endloop
  endfacet
  facet normal 0.0655283 -0.997851 0
    outer loop
      vertex 74.7259 -47.918 0
      vertex 75 -47.9 6
      vertex 74.7259 -47.918 6
    endloop
  endfacet
  facet normal 0.0655283 -0.997851 0
    outer loop
      vertex 75 -47.9 6
      vertex 74.7259 -47.918 0
      vertex 75 -47.9 0
    endloop
  endfacet
  facet normal -0.83149 -0.55554 -8.81827e-19
    outer loop
      vertex 76.8186 -48.95 0
      vertex 76.666 -48.7216 6
      vertex 76.666 -48.7216 0
    endloop
  endfacet
  facet normal -0.83149 -0.55554 -8.81827e-19
    outer loop
      vertex 76.666 -48.7216 6
      vertex 76.8186 -48.95 0
      vertex 76.8186 -48.95 6
    endloop
  endfacet
  facet normal -0.751832 0.659355 -7.45963e-19
    outer loop
      vertex 76.4849 -51.4849 0
      vertex 76.666 -51.2784 6
      vertex 76.666 -51.2784 0
    endloop
  endfacet
  facet normal -0.751832 0.659355 -7.45963e-19
    outer loop
      vertex 76.666 -51.2784 6
      vertex 76.4849 -51.4849 0
      vertex 76.4849 -51.4849 6
    endloop
  endfacet
  facet normal -0.555792 -0.831322 0
    outer loop
      vertex 76.05 -48.1813 0
      vertex 76.2784 -48.334 6
      vertex 76.05 -48.1813 6
    endloop
  endfacet
  facet normal -0.555792 -0.831322 -0
    outer loop
      vertex 76.2784 -48.334 6
      vertex 76.05 -48.1813 0
      vertex 76.2784 -48.334 0
    endloop
  endfacet
  facet normal -0.896889 -0.442256 -7.41422e-20
    outer loop
      vertex 76.9401 -49.1964 0
      vertex 76.8186 -48.95 6
      vertex 76.8186 -48.95 0
    endloop
  endfacet
  facet normal -0.896889 -0.442256 -7.41422e-20
    outer loop
      vertex 76.8186 -48.95 6
      vertex 76.9401 -49.1964 0
      vertex 76.9401 -49.1964 6
    endloop
  endfacet
  facet normal 0.831322 0.555792 -1.5042e-19
    outer loop
      vertex 73.334 -51.2784 6
      vertex 73.1813 -51.05 0
      vertex 73.1813 -51.05 6
    endloop
  endfacet
  facet normal 0.831322 0.555792 -1.5042e-19
    outer loop
      vertex 73.1813 -51.05 0
      vertex 73.334 -51.2784 6
      vertex 73.334 -51.2784 0
    endloop
  endfacet
  facet normal 0.659355 0.751832 -0
    outer loop
      vertex 73.7216 -51.666 0
      vertex 73.5151 -51.4849 6
      vertex 73.7216 -51.666 6
    endloop
  endfacet
  facet normal 0.659355 0.751832 0
    outer loop
      vertex 73.5151 -51.4849 6
      vertex 73.7216 -51.666 0
      vertex 73.5151 -51.4849 0
    endloop
  endfacet
  facet normal -0.321465 -0.946921 0
    outer loop
      vertex 75.5435 -47.9716 0
      vertex 75.8036 -48.0599 6
      vertex 75.5435 -47.9716 6
    endloop
  endfacet
  facet normal -0.321465 -0.946921 -0
    outer loop
      vertex 75.8036 -48.0599 6
      vertex 75.5435 -47.9716 0
      vertex 75.8036 -48.0599 0
    endloop
  endfacet
  facet normal -0.659355 -0.751832 0
    outer loop
      vertex 76.2784 -48.334 0
      vertex 76.4849 -48.5151 6
      vertex 76.2784 -48.334 6
    endloop
  endfacet
  facet normal -0.659355 -0.751832 -0
    outer loop
      vertex 76.4849 -48.5151 6
      vertex 76.2784 -48.334 0
      vertex 76.4849 -48.5151 0
    endloop
  endfacet
  facet normal -0.896889 0.442256 7.41422e-20
    outer loop
      vertex 76.8186 -51.05 0
      vertex 76.9401 -50.8036 6
      vertex 76.9401 -50.8036 0
    endloop
  endfacet
  facet normal -0.896889 0.442256 7.41422e-20
    outer loop
      vertex 76.9401 -50.8036 6
      vertex 76.8186 -51.05 0
      vertex 76.8186 -51.05 6
    endloop
  endfacet
  facet normal -0.0655283 0.997851 0
    outer loop
      vertex 75.2741 -52.082 0
      vertex 75 -52.1 6
      vertex 75.2741 -52.082 6
    endloop
  endfacet
  facet normal -0.0655283 0.997851 0
    outer loop
      vertex 75 -52.1 6
      vertex 75.2741 -52.082 0
      vertex 75 -52.1 0
    endloop
  endfacet
  facet normal 0.195136 -0.980776 0
    outer loop
      vertex 74.4565 -47.9716 0
      vertex 74.7259 -47.918 6
      vertex 74.4565 -47.9716 6
    endloop
  endfacet
  facet normal 0.195136 -0.980776 0
    outer loop
      vertex 74.7259 -47.918 6
      vertex 74.4565 -47.9716 0
      vertex 74.7259 -47.918 0
    endloop
  endfacet
  facet normal 0.555792 0.831322 -0
    outer loop
      vertex 73.95 -51.8187 0
      vertex 73.7216 -51.666 6
      vertex 73.95 -51.8187 6
    endloop
  endfacet
  facet normal 0.555792 0.831322 0
    outer loop
      vertex 73.7216 -51.666 6
      vertex 73.95 -51.8187 0
      vertex 73.7216 -51.666 0
    endloop
  endfacet
  facet normal 0.555792 -0.831322 0
    outer loop
      vertex 73.7216 -48.334 0
      vertex 73.95 -48.1813 6
      vertex 73.7216 -48.334 6
    endloop
  endfacet
  facet normal 0.555792 -0.831322 0
    outer loop
      vertex 73.95 -48.1813 6
      vertex 73.7216 -48.334 0
      vertex 73.95 -48.1813 0
    endloop
  endfacet
  facet normal -0.980776 -0.195136 -7.60357e-20
    outer loop
      vertex 77.082 -49.7259 0
      vertex 77.0284 -49.4565 6
      vertex 77.0284 -49.4565 0
    endloop
  endfacet
  facet normal -0.980776 -0.195136 -7.60357e-20
    outer loop
      vertex 77.0284 -49.4565 6
      vertex 77.082 -49.7259 0
      vertex 77.082 -49.7259 6
    endloop
  endfacet
  facet normal -0.195136 0.980776 0
    outer loop
      vertex 75.5435 -52.0284 0
      vertex 75.2741 -52.082 6
      vertex 75.5435 -52.0284 6
    endloop
  endfacet
  facet normal -0.195136 0.980776 0
    outer loop
      vertex 75.2741 -52.082 6
      vertex 75.5435 -52.0284 0
      vertex 75.2741 -52.082 0
    endloop
  endfacet
  facet normal -0.997851 -0.0655283 -2.5314e-19
    outer loop
      vertex 77.1 -50 0
      vertex 77.082 -49.7259 6
      vertex 77.082 -49.7259 0
    endloop
  endfacet
  facet normal -0.997851 -0.0655283 -2.5314e-19
    outer loop
      vertex 77.082 -49.7259 6
      vertex 77.1 -50 0
      vertex 77.1 -50 6
    endloop
  endfacet
  facet normal -0.195136 -0.980776 0
    outer loop
      vertex 75.2741 -47.918 0
      vertex 75.5435 -47.9716 6
      vertex 75.2741 -47.918 6
    endloop
  endfacet
  facet normal -0.195136 -0.980776 -0
    outer loop
      vertex 75.5435 -47.9716 6
      vertex 75.2741 -47.918 0
      vertex 75.5435 -47.9716 0
    endloop
  endfacet
  facet normal 0.321465 -0.946921 0
    outer loop
      vertex 74.1964 -48.0599 0
      vertex 74.4565 -47.9716 6
      vertex 74.1964 -48.0599 6
    endloop
  endfacet
  facet normal 0.321465 -0.946921 0
    outer loop
      vertex 74.4565 -47.9716 6
      vertex 74.1964 -48.0599 0
      vertex 74.4565 -47.9716 0
    endloop
  endfacet
  facet normal -0.751832 -0.659355 7.45963e-19
    outer loop
      vertex 76.666 -48.7216 0
      vertex 76.4849 -48.5151 6
      vertex 76.4849 -48.5151 0
    endloop
  endfacet
  facet normal -0.751832 -0.659355 7.45963e-19
    outer loop
      vertex 76.4849 -48.5151 6
      vertex 76.666 -48.7216 0
      vertex 76.666 -48.7216 6
    endloop
  endfacet
  facet normal -0.997851 0.0655283 2.5314e-19
    outer loop
      vertex 77.082 -50.2741 0
      vertex 77.1 -50 6
      vertex 77.1 -50 0
    endloop
  endfacet
  facet normal -0.997851 0.0655283 2.5314e-19
    outer loop
      vertex 77.1 -50 6
      vertex 77.082 -50.2741 0
      vertex 77.082 -50.2741 6
    endloop
  endfacet
  facet normal -0.980776 0.195136 7.60357e-20
    outer loop
      vertex 77.0284 -50.5435 0
      vertex 77.082 -50.2741 6
      vertex 77.082 -50.2741 0
    endloop
  endfacet
  facet normal -0.980776 0.195136 7.60357e-20
    outer loop
      vertex 77.082 -50.2741 6
      vertex 77.0284 -50.5435 0
      vertex 77.0284 -50.5435 6
    endloop
  endfacet
  facet normal -0.946921 -0.321465 -1.21569e-19
    outer loop
      vertex 77.0284 -49.4565 0
      vertex 76.9401 -49.1964 6
      vertex 76.9401 -49.1964 0
    endloop
  endfacet
  facet normal -0.946921 -0.321465 -1.21569e-19
    outer loop
      vertex 76.9401 -49.1964 6
      vertex 77.0284 -49.4565 0
      vertex 77.0284 -49.4565 6
    endloop
  endfacet
  facet normal -0.321465 0.946921 0
    outer loop
      vertex 75.8036 -51.9401 0
      vertex 75.5435 -52.0284 6
      vertex 75.8036 -51.9401 6
    endloop
  endfacet
  facet normal -0.321465 0.946921 0
    outer loop
      vertex 75.5435 -52.0284 6
      vertex 75.8036 -51.9401 0
      vertex 75.5435 -52.0284 0
    endloop
  endfacet
  facet normal 0.997851 -0.0655283 2.5314e-19
    outer loop
      vertex 72.9 -50 6
      vertex 72.918 -49.7259 0
      vertex 72.918 -49.7259 6
    endloop
  endfacet
  facet normal 0.997851 -0.0655283 2.5314e-19
    outer loop
      vertex 72.918 -49.7259 0
      vertex 72.9 -50 6
      vertex 72.9 -50 0
    endloop
  endfacet
  facet normal 0.659355 -0.751832 0
    outer loop
      vertex 73.5151 -48.5151 0
      vertex 73.7216 -48.334 6
      vertex 73.5151 -48.5151 6
    endloop
  endfacet
  facet normal 0.659355 -0.751832 0
    outer loop
      vertex 73.7216 -48.334 6
      vertex 73.5151 -48.5151 0
      vertex 73.7216 -48.334 0
    endloop
  endfacet
  facet normal 0.897033 0.441964 -5.55326e-19
    outer loop
      vertex 73.1813 -51.05 6
      vertex 73.0599 -50.8036 0
      vertex 73.0599 -50.8036 6
    endloop
  endfacet
  facet normal 0.897033 0.441964 -5.55326e-19
    outer loop
      vertex 73.0599 -50.8036 0
      vertex 73.1813 -51.05 6
      vertex 73.1813 -51.05 0
    endloop
  endfacet
  facet normal -0.83149 0.55554 8.81827e-19
    outer loop
      vertex 76.666 -51.2784 0
      vertex 76.8186 -51.05 6
      vertex 76.8186 -51.05 0
    endloop
  endfacet
  facet normal -0.83149 0.55554 8.81827e-19
    outer loop
      vertex 76.8186 -51.05 6
      vertex 76.666 -51.2784 0
      vertex 76.666 -51.2784 6
    endloop
  endfacet
  facet normal 0.441964 -0.897033 0
    outer loop
      vertex 73.95 -48.1813 0
      vertex 74.1964 -48.0599 6
      vertex 73.95 -48.1813 6
    endloop
  endfacet
  facet normal 0.441964 -0.897033 0
    outer loop
      vertex 74.1964 -48.0599 6
      vertex 73.95 -48.1813 0
      vertex 74.1964 -48.0599 0
    endloop
  endfacet
  facet normal 0.751832 -0.659355 -7.45963e-19
    outer loop
      vertex 73.334 -48.7216 6
      vertex 73.5151 -48.5151 0
      vertex 73.5151 -48.5151 6
    endloop
  endfacet
  facet normal 0.751832 -0.659355 -7.45963e-19
    outer loop
      vertex 73.5151 -48.5151 0
      vertex 73.334 -48.7216 6
      vertex 73.334 -48.7216 0
    endloop
  endfacet
  facet normal -0.659355 0.751832 0
    outer loop
      vertex 76.4849 -51.4849 0
      vertex 76.2784 -51.666 6
      vertex 76.4849 -51.4849 6
    endloop
  endfacet
  facet normal -0.659355 0.751832 0
    outer loop
      vertex 76.2784 -51.666 6
      vertex 76.4849 -51.4849 0
      vertex 76.2784 -51.666 0
    endloop
  endfacet
  facet normal 0.946921 0.321465 -1.21569e-19
    outer loop
      vertex 73.0599 -50.8036 6
      vertex 72.9716 -50.5435 0
      vertex 72.9716 -50.5435 6
    endloop
  endfacet
  facet normal 0.946921 0.321465 -1.21569e-19
    outer loop
      vertex 72.9716 -50.5435 0
      vertex 73.0599 -50.8036 6
      vertex 73.0599 -50.8036 0
    endloop
  endfacet
  facet normal -0.441964 -0.897033 0
    outer loop
      vertex 75.8036 -48.0599 0
      vertex 76.05 -48.1813 6
      vertex 75.8036 -48.0599 6
    endloop
  endfacet
  facet normal -0.441964 -0.897033 -0
    outer loop
      vertex 76.05 -48.1813 6
      vertex 75.8036 -48.0599 0
      vertex 76.05 -48.1813 0
    endloop
  endfacet
  facet normal 0.0655283 0.997851 -0
    outer loop
      vertex 75 -52.1 0
      vertex 74.7259 -52.082 6
      vertex 75 -52.1 6
    endloop
  endfacet
  facet normal 0.0655283 0.997851 0
    outer loop
      vertex 74.7259 -52.082 6
      vertex 75 -52.1 0
      vertex 74.7259 -52.082 0
    endloop
  endfacet
  facet normal 0.980776 0.195136 -7.60357e-20
    outer loop
      vertex 72.9716 -50.5435 6
      vertex 72.918 -50.2741 0
      vertex 72.918 -50.2741 6
    endloop
  endfacet
  facet normal 0.980776 0.195136 -7.60357e-20
    outer loop
      vertex 72.918 -50.2741 0
      vertex 72.9716 -50.5435 6
      vertex 72.9716 -50.5435 0
    endloop
  endfacet
  facet normal 0.997851 0.0655283 -2.5314e-19
    outer loop
      vertex 72.918 -50.2741 6
      vertex 72.9 -50 0
      vertex 72.9 -50 6
    endloop
  endfacet
  facet normal 0.997851 0.0655283 -2.5314e-19
    outer loop
      vertex 72.9 -50 0
      vertex 72.918 -50.2741 6
      vertex 72.918 -50.2741 0
    endloop
  endfacet
  facet normal -0.0655283 -0.997851 0
    outer loop
      vertex 75 -47.9 0
      vertex 75.2741 -47.918 6
      vertex 75 -47.9 6
    endloop
  endfacet
  facet normal -0.0655283 -0.997851 -0
    outer loop
      vertex 75.2741 -47.918 6
      vertex 75 -47.9 0
      vertex 75.2741 -47.918 0
    endloop
  endfacet
  facet normal 0.321465 0.946921 -0
    outer loop
      vertex 74.4565 -52.0284 0
      vertex 74.1964 -51.9401 6
      vertex 74.4565 -52.0284 6
    endloop
  endfacet
  facet normal 0.321465 0.946921 0
    outer loop
      vertex 74.1964 -51.9401 6
      vertex 74.4565 -52.0284 0
      vertex 74.1964 -51.9401 0
    endloop
  endfacet
  facet normal -0.555792 0.831322 0
    outer loop
      vertex 76.2784 -51.666 0
      vertex 76.05 -51.8187 6
      vertex 76.2784 -51.666 6
    endloop
  endfacet
  facet normal -0.555792 0.831322 0
    outer loop
      vertex 76.05 -51.8187 6
      vertex 76.2784 -51.666 0
      vertex 76.05 -51.8187 0
    endloop
  endfacet
  facet normal -0.946921 0.321465 1.21569e-19
    outer loop
      vertex 76.9401 -50.8036 0
      vertex 77.0284 -50.5435 6
      vertex 77.0284 -50.5435 0
    endloop
  endfacet
  facet normal -0.946921 0.321465 1.21569e-19
    outer loop
      vertex 77.0284 -50.5435 6
      vertex 76.9401 -50.8036 0
      vertex 76.9401 -50.8036 6
    endloop
  endfacet
  facet normal 0.897033 -0.441964 5.55326e-19
    outer loop
      vertex 73.0599 -49.1964 6
      vertex 73.1813 -48.95 0
      vertex 73.1813 -48.95 6
    endloop
  endfacet
  facet normal 0.897033 -0.441964 5.55326e-19
    outer loop
      vertex 73.1813 -48.95 0
      vertex 73.0599 -49.1964 6
      vertex 73.0599 -49.1964 0
    endloop
  endfacet
  facet normal 0.831322 -0.555792 1.5042e-19
    outer loop
      vertex 73.1813 -48.95 6
      vertex 73.334 -48.7216 0
      vertex 73.334 -48.7216 6
    endloop
  endfacet
  facet normal 0.831322 -0.555792 1.5042e-19
    outer loop
      vertex 73.334 -48.7216 0
      vertex 73.1813 -48.95 6
      vertex 73.1813 -48.95 0
    endloop
  endfacet
  facet normal 0.751832 0.659355 7.45963e-19
    outer loop
      vertex 73.5151 -51.4849 6
      vertex 73.334 -51.2784 0
      vertex 73.334 -51.2784 6
    endloop
  endfacet
  facet normal 0.751832 0.659355 7.45963e-19
    outer loop
      vertex 73.334 -51.2784 0
      vertex 73.5151 -51.4849 6
      vertex 73.5151 -51.4849 0
    endloop
  endfacet
  facet normal 0.980776 -0.195136 7.60357e-20
    outer loop
      vertex 72.918 -49.7259 6
      vertex 72.9716 -49.4565 0
      vertex 72.9716 -49.4565 6
    endloop
  endfacet
  facet normal 0.980776 -0.195136 7.60357e-20
    outer loop
      vertex 72.9716 -49.4565 0
      vertex 72.918 -49.7259 6
      vertex 72.918 -49.7259 0
    endloop
  endfacet
  facet normal 0.946921 -0.321465 1.21569e-19
    outer loop
      vertex 72.9716 -49.4565 6
      vertex 73.0599 -49.1964 0
      vertex 73.0599 -49.1964 6
    endloop
  endfacet
  facet normal 0.946921 -0.321465 1.21569e-19
    outer loop
      vertex 73.0599 -49.1964 0
      vertex 72.9716 -49.4565 6
      vertex 72.9716 -49.4565 0
    endloop
  endfacet
  facet normal 0.195136 0.980776 -0
    outer loop
      vertex 74.7259 -52.082 0
      vertex 74.4565 -52.0284 6
      vertex 74.7259 -52.082 6
    endloop
  endfacet
  facet normal 0.195136 0.980776 0
    outer loop
      vertex 74.4565 -52.0284 6
      vertex 74.7259 -52.082 0
      vertex 74.4565 -52.0284 0
    endloop
  endfacet
  facet normal 0.441964 0.897033 -0
    outer loop
      vertex 74.1964 -51.9401 0
      vertex 73.95 -51.8187 6
      vertex 74.1964 -51.9401 6
    endloop
  endfacet
  facet normal 0.441964 0.897033 0
    outer loop
      vertex 73.95 -51.8187 6
      vertex 74.1964 -51.9401 0
      vertex 73.95 -51.8187 0
    endloop
  endfacet
  facet normal -0.980776 -0.195136 -7.60357e-20
    outer loop
      vertex -72.918 50.2741 0
      vertex -72.9716 50.5435 6
      vertex -72.9716 50.5435 0
    endloop
  endfacet
  facet normal -0.980776 -0.195136 -7.60357e-20
    outer loop
      vertex -72.9716 50.5435 6
      vertex -72.918 50.2741 0
      vertex -72.918 50.2741 6
    endloop
  endfacet
  facet normal -0.997851 -0.0655283 -2.5314e-19
    outer loop
      vertex -72.9 50 0
      vertex -72.918 50.2741 6
      vertex -72.918 50.2741 0
    endloop
  endfacet
  facet normal -0.997851 -0.0655283 -2.5314e-19
    outer loop
      vertex -72.918 50.2741 6
      vertex -72.9 50 0
      vertex -72.9 50 6
    endloop
  endfacet
  facet normal -0.946921 -0.321465 -1.21569e-19
    outer loop
      vertex -72.9716 50.5435 0
      vertex -73.0599 50.8036 6
      vertex -73.0599 50.8036 0
    endloop
  endfacet
  facet normal -0.946921 -0.321465 -1.21569e-19
    outer loop
      vertex -73.0599 50.8036 6
      vertex -72.9716 50.5435 0
      vertex -72.9716 50.5435 6
    endloop
  endfacet
  facet normal -0.980776 0.195136 7.60357e-20
    outer loop
      vertex -72.9716 49.4565 0
      vertex -72.918 49.7259 6
      vertex -72.918 49.7259 0
    endloop
  endfacet
  facet normal -0.980776 0.195136 7.60357e-20
    outer loop
      vertex -72.918 49.7259 6
      vertex -72.9716 49.4565 0
      vertex -72.9716 49.4565 6
    endloop
  endfacet
  facet normal -0.0655283 0.997851 0
    outer loop
      vertex -74.7259 47.918 0
      vertex -75 47.9 6
      vertex -74.7259 47.918 6
    endloop
  endfacet
  facet normal -0.0655283 0.997851 0
    outer loop
      vertex -75 47.9 6
      vertex -74.7259 47.918 0
      vertex -75 47.9 0
    endloop
  endfacet
  facet normal -0.555792 -0.831322 0
    outer loop
      vertex -73.95 51.8187 0
      vertex -73.7216 51.666 6
      vertex -73.95 51.8187 6
    endloop
  endfacet
  facet normal -0.555792 -0.831322 -0
    outer loop
      vertex -73.7216 51.666 6
      vertex -73.95 51.8187 0
      vertex -73.7216 51.666 0
    endloop
  endfacet
  facet normal -0.831322 -0.555792 -1.5042e-19
    outer loop
      vertex -73.1813 51.05 0
      vertex -73.334 51.2784 6
      vertex -73.334 51.2784 0
    endloop
  endfacet
  facet normal -0.831322 -0.555792 -1.5042e-19
    outer loop
      vertex -73.334 51.2784 6
      vertex -73.1813 51.05 0
      vertex -73.1813 51.05 6
    endloop
  endfacet
  facet normal -0.441964 0.897033 0
    outer loop
      vertex -73.95 48.1813 0
      vertex -74.1964 48.0599 6
      vertex -73.95 48.1813 6
    endloop
  endfacet
  facet normal -0.441964 0.897033 0
    outer loop
      vertex -74.1964 48.0599 6
      vertex -73.95 48.1813 0
      vertex -74.1964 48.0599 0
    endloop
  endfacet
  facet normal 0.751832 -0.659355 -7.45963e-19
    outer loop
      vertex -76.666 51.2784 6
      vertex -76.4849 51.4849 0
      vertex -76.4849 51.4849 6
    endloop
  endfacet
  facet normal 0.751832 -0.659355 -7.45963e-19
    outer loop
      vertex -76.4849 51.4849 0
      vertex -76.666 51.2784 6
      vertex -76.666 51.2784 0
    endloop
  endfacet
  facet normal -0.897033 -0.441964 -5.55326e-19
    outer loop
      vertex -73.0599 50.8036 0
      vertex -73.1813 51.05 6
      vertex -73.1813 51.05 0
    endloop
  endfacet
  facet normal -0.897033 -0.441964 -5.55326e-19
    outer loop
      vertex -73.1813 51.05 6
      vertex -73.0599 50.8036 0
      vertex -73.0599 50.8036 6
    endloop
  endfacet
  facet normal 0.946921 0.321465 -1.21569e-19
    outer loop
      vertex -76.9401 49.1964 6
      vertex -77.0284 49.4565 0
      vertex -77.0284 49.4565 6
    endloop
  endfacet
  facet normal 0.946921 0.321465 -1.21569e-19
    outer loop
      vertex -77.0284 49.4565 0
      vertex -76.9401 49.1964 6
      vertex -76.9401 49.1964 0
    endloop
  endfacet
  facet normal -0.831322 0.555792 1.5042e-19
    outer loop
      vertex -73.334 48.7216 0
      vertex -73.1813 48.95 6
      vertex -73.1813 48.95 0
    endloop
  endfacet
  facet normal -0.831322 0.555792 1.5042e-19
    outer loop
      vertex -73.1813 48.95 6
      vertex -73.334 48.7216 0
      vertex -73.334 48.7216 6
    endloop
  endfacet
  facet normal 0.555792 0.831322 -0
    outer loop
      vertex -76.05 48.1813 0
      vertex -76.2784 48.334 6
      vertex -76.05 48.1813 6
    endloop
  endfacet
  facet normal 0.555792 0.831322 0
    outer loop
      vertex -76.2784 48.334 6
      vertex -76.05 48.1813 0
      vertex -76.2784 48.334 0
    endloop
  endfacet
  facet normal 0.195136 -0.980776 0
    outer loop
      vertex -75.5435 52.0284 0
      vertex -75.2741 52.082 6
      vertex -75.5435 52.0284 6
    endloop
  endfacet
  facet normal 0.195136 -0.980776 0
    outer loop
      vertex -75.2741 52.082 6
      vertex -75.5435 52.0284 0
      vertex -75.2741 52.082 0
    endloop
  endfacet
  facet normal 0.0655283 -0.997851 0
    outer loop
      vertex -75.2741 52.082 0
      vertex -75 52.1 6
      vertex -75.2741 52.082 6
    endloop
  endfacet
  facet normal 0.0655283 -0.997851 0
    outer loop
      vertex -75 52.1 6
      vertex -75.2741 52.082 0
      vertex -75 52.1 0
    endloop
  endfacet
  facet normal -0.195136 0.980776 0
    outer loop
      vertex -74.4565 47.9716 0
      vertex -74.7259 47.918 6
      vertex -74.4565 47.9716 6
    endloop
  endfacet
  facet normal -0.195136 0.980776 0
    outer loop
      vertex -74.7259 47.918 6
      vertex -74.4565 47.9716 0
      vertex -74.7259 47.918 0
    endloop
  endfacet
  facet normal 0.555792 -0.831322 0
    outer loop
      vertex -76.2784 51.666 0
      vertex -76.05 51.8187 6
      vertex -76.2784 51.666 6
    endloop
  endfacet
  facet normal 0.555792 -0.831322 0
    outer loop
      vertex -76.05 51.8187 6
      vertex -76.2784 51.666 0
      vertex -76.05 51.8187 0
    endloop
  endfacet
  facet normal 0.0655283 0.997851 -0
    outer loop
      vertex -75 47.9 0
      vertex -75.2741 47.918 6
      vertex -75 47.9 6
    endloop
  endfacet
  facet normal 0.0655283 0.997851 0
    outer loop
      vertex -75.2741 47.918 6
      vertex -75 47.9 0
      vertex -75.2741 47.918 0
    endloop
  endfacet
  facet normal 0.659355 0.751832 -0
    outer loop
      vertex -76.2784 48.334 0
      vertex -76.4849 48.5151 6
      vertex -76.2784 48.334 6
    endloop
  endfacet
  facet normal 0.659355 0.751832 0
    outer loop
      vertex -76.4849 48.5151 6
      vertex -76.2784 48.334 0
      vertex -76.4849 48.5151 0
    endloop
  endfacet
  facet normal -0.321465 -0.946921 0
    outer loop
      vertex -74.4565 52.0284 0
      vertex -74.1964 51.9401 6
      vertex -74.4565 52.0284 6
    endloop
  endfacet
  facet normal -0.321465 -0.946921 -0
    outer loop
      vertex -74.1964 51.9401 6
      vertex -74.4565 52.0284 0
      vertex -74.1964 51.9401 0
    endloop
  endfacet
  facet normal 0.321465 -0.946921 0
    outer loop
      vertex -75.8036 51.9401 0
      vertex -75.5435 52.0284 6
      vertex -75.8036 51.9401 6
    endloop
  endfacet
  facet normal 0.321465 -0.946921 0
    outer loop
      vertex -75.5435 52.0284 6
      vertex -75.8036 51.9401 0
      vertex -75.5435 52.0284 0
    endloop
  endfacet
  facet normal -0.997851 0.0655283 2.5314e-19
    outer loop
      vertex -72.918 49.7259 0
      vertex -72.9 50 6
      vertex -72.9 50 0
    endloop
  endfacet
  facet normal -0.997851 0.0655283 2.5314e-19
    outer loop
      vertex -72.9 50 6
      vertex -72.918 49.7259 0
      vertex -72.918 49.7259 6
    endloop
  endfacet
  facet normal -0.441964 -0.897033 0
    outer loop
      vertex -74.1964 51.9401 0
      vertex -73.95 51.8187 6
      vertex -74.1964 51.9401 6
    endloop
  endfacet
  facet normal -0.441964 -0.897033 -0
    outer loop
      vertex -73.95 51.8187 6
      vertex -74.1964 51.9401 0
      vertex -73.95 51.8187 0
    endloop
  endfacet
  facet normal 0.997851 0.0655283 -2.5314e-19
    outer loop
      vertex -77.082 49.7259 6
      vertex -77.1 50 0
      vertex -77.1 50 6
    endloop
  endfacet
  facet normal 0.997851 0.0655283 -2.5314e-19
    outer loop
      vertex -77.1 50 0
      vertex -77.082 49.7259 6
      vertex -77.082 49.7259 0
    endloop
  endfacet
  facet normal 0.946921 -0.321465 1.21569e-19
    outer loop
      vertex -77.0284 50.5435 6
      vertex -76.9401 50.8036 0
      vertex -76.9401 50.8036 6
    endloop
  endfacet
  facet normal 0.946921 -0.321465 1.21569e-19
    outer loop
      vertex -76.9401 50.8036 0
      vertex -77.0284 50.5435 6
      vertex -77.0284 50.5435 0
    endloop
  endfacet
  facet normal -0.751832 0.659355 -7.45963e-19
    outer loop
      vertex -73.5151 48.5151 0
      vertex -73.334 48.7216 6
      vertex -73.334 48.7216 0
    endloop
  endfacet
  facet normal -0.751832 0.659355 -7.45963e-19
    outer loop
      vertex -73.334 48.7216 6
      vertex -73.5151 48.5151 0
      vertex -73.5151 48.5151 6
    endloop
  endfacet
  facet normal 0.441964 -0.897033 0
    outer loop
      vertex -76.05 51.8187 0
      vertex -75.8036 51.9401 6
      vertex -76.05 51.8187 6
    endloop
  endfacet
  facet normal 0.441964 -0.897033 0
    outer loop
      vertex -75.8036 51.9401 6
      vertex -76.05 51.8187 0
      vertex -75.8036 51.9401 0
    endloop
  endfacet
  facet normal 0.980776 -0.195136 7.60357e-20
    outer loop
      vertex -77.082 50.2741 6
      vertex -77.0284 50.5435 0
      vertex -77.0284 50.5435 6
    endloop
  endfacet
  facet normal 0.980776 -0.195136 7.60357e-20
    outer loop
      vertex -77.0284 50.5435 0
      vertex -77.082 50.2741 6
      vertex -77.082 50.2741 0
    endloop
  endfacet
  facet normal -0.321465 0.946921 0
    outer loop
      vertex -74.1964 48.0599 0
      vertex -74.4565 47.9716 6
      vertex -74.1964 48.0599 6
    endloop
  endfacet
  facet normal -0.321465 0.946921 0
    outer loop
      vertex -74.4565 47.9716 6
      vertex -74.1964 48.0599 0
      vertex -74.4565 47.9716 0
    endloop
  endfacet
  facet normal 0.441964 0.897033 -0
    outer loop
      vertex -75.8036 48.0599 0
      vertex -76.05 48.1813 6
      vertex -75.8036 48.0599 6
    endloop
  endfacet
  facet normal 0.441964 0.897033 0
    outer loop
      vertex -76.05 48.1813 6
      vertex -75.8036 48.0599 0
      vertex -76.05 48.1813 0
    endloop
  endfacet
  facet normal 0.997851 -0.0655283 2.5314e-19
    outer loop
      vertex -77.1 50 6
      vertex -77.082 50.2741 0
      vertex -77.082 50.2741 6
    endloop
  endfacet
  facet normal 0.997851 -0.0655283 2.5314e-19
    outer loop
      vertex -77.082 50.2741 0
      vertex -77.1 50 6
      vertex -77.1 50 0
    endloop
  endfacet
  facet normal 0.83149 0.55554 -8.81827e-19
    outer loop
      vertex -76.666 48.7216 6
      vertex -76.8186 48.95 0
      vertex -76.8186 48.95 6
    endloop
  endfacet
  facet normal 0.83149 0.55554 -8.81827e-19
    outer loop
      vertex -76.8186 48.95 0
      vertex -76.666 48.7216 6
      vertex -76.666 48.7216 0
    endloop
  endfacet
  facet normal 0.321465 0.946921 -0
    outer loop
      vertex -75.5435 47.9716 0
      vertex -75.8036 48.0599 6
      vertex -75.5435 47.9716 6
    endloop
  endfacet
  facet normal 0.321465 0.946921 0
    outer loop
      vertex -75.8036 48.0599 6
      vertex -75.5435 47.9716 0
      vertex -75.8036 48.0599 0
    endloop
  endfacet
  facet normal -0.751832 -0.659355 7.45963e-19
    outer loop
      vertex -73.334 51.2784 0
      vertex -73.5151 51.4849 6
      vertex -73.5151 51.4849 0
    endloop
  endfacet
  facet normal -0.751832 -0.659355 7.45963e-19
    outer loop
      vertex -73.5151 51.4849 6
      vertex -73.334 51.2784 0
      vertex -73.334 51.2784 6
    endloop
  endfacet
  facet normal 0.896889 0.442256 -7.41422e-20
    outer loop
      vertex -76.8186 48.95 6
      vertex -76.9401 49.1964 0
      vertex -76.9401 49.1964 6
    endloop
  endfacet
  facet normal 0.896889 0.442256 -7.41422e-20
    outer loop
      vertex -76.9401 49.1964 0
      vertex -76.8186 48.95 6
      vertex -76.8186 48.95 0
    endloop
  endfacet
  facet normal -0.897033 0.441964 5.55326e-19
    outer loop
      vertex -73.1813 48.95 0
      vertex -73.0599 49.1964 6
      vertex -73.0599 49.1964 0
    endloop
  endfacet
  facet normal -0.897033 0.441964 5.55326e-19
    outer loop
      vertex -73.0599 49.1964 6
      vertex -73.1813 48.95 0
      vertex -73.1813 48.95 6
    endloop
  endfacet
  facet normal -0.555792 0.831322 0
    outer loop
      vertex -73.7216 48.334 0
      vertex -73.95 48.1813 6
      vertex -73.7216 48.334 6
    endloop
  endfacet
  facet normal -0.555792 0.831322 0
    outer loop
      vertex -73.95 48.1813 6
      vertex -73.7216 48.334 0
      vertex -73.95 48.1813 0
    endloop
  endfacet
  facet normal -0.659355 0.751832 0
    outer loop
      vertex -73.5151 48.5151 0
      vertex -73.7216 48.334 6
      vertex -73.5151 48.5151 6
    endloop
  endfacet
  facet normal -0.659355 0.751832 0
    outer loop
      vertex -73.7216 48.334 6
      vertex -73.5151 48.5151 0
      vertex -73.7216 48.334 0
    endloop
  endfacet
  facet normal 0.83149 -0.55554 8.81827e-19
    outer loop
      vertex -76.8186 51.05 6
      vertex -76.666 51.2784 0
      vertex -76.666 51.2784 6
    endloop
  endfacet
  facet normal 0.83149 -0.55554 8.81827e-19
    outer loop
      vertex -76.666 51.2784 0
      vertex -76.8186 51.05 6
      vertex -76.8186 51.05 0
    endloop
  endfacet
  facet normal 0.896889 -0.442256 7.41422e-20
    outer loop
      vertex -76.9401 50.8036 6
      vertex -76.8186 51.05 0
      vertex -76.8186 51.05 6
    endloop
  endfacet
  facet normal 0.896889 -0.442256 7.41422e-20
    outer loop
      vertex -76.8186 51.05 0
      vertex -76.9401 50.8036 6
      vertex -76.9401 50.8036 0
    endloop
  endfacet
  facet normal 0.980776 0.195136 -7.60357e-20
    outer loop
      vertex -77.0284 49.4565 6
      vertex -77.082 49.7259 0
      vertex -77.082 49.7259 6
    endloop
  endfacet
  facet normal 0.980776 0.195136 -7.60357e-20
    outer loop
      vertex -77.082 49.7259 0
      vertex -77.0284 49.4565 6
      vertex -77.0284 49.4565 0
    endloop
  endfacet
  facet normal 0.659355 -0.751832 0
    outer loop
      vertex -76.4849 51.4849 0
      vertex -76.2784 51.666 6
      vertex -76.4849 51.4849 6
    endloop
  endfacet
  facet normal 0.659355 -0.751832 0
    outer loop
      vertex -76.2784 51.666 6
      vertex -76.4849 51.4849 0
      vertex -76.2784 51.666 0
    endloop
  endfacet
  facet normal -0.195136 -0.980776 0
    outer loop
      vertex -74.7259 52.082 0
      vertex -74.4565 52.0284 6
      vertex -74.7259 52.082 6
    endloop
  endfacet
  facet normal -0.195136 -0.980776 -0
    outer loop
      vertex -74.4565 52.0284 6
      vertex -74.7259 52.082 0
      vertex -74.4565 52.0284 0
    endloop
  endfacet
  facet normal -0.946921 0.321465 1.21569e-19
    outer loop
      vertex -73.0599 49.1964 0
      vertex -72.9716 49.4565 6
      vertex -72.9716 49.4565 0
    endloop
  endfacet
  facet normal -0.946921 0.321465 1.21569e-19
    outer loop
      vertex -72.9716 49.4565 6
      vertex -73.0599 49.1964 0
      vertex -73.0599 49.1964 6
    endloop
  endfacet
  facet normal 0.751832 0.659355 7.45963e-19
    outer loop
      vertex -76.4849 48.5151 6
      vertex -76.666 48.7216 0
      vertex -76.666 48.7216 6
    endloop
  endfacet
  facet normal 0.751832 0.659355 7.45963e-19
    outer loop
      vertex -76.666 48.7216 0
      vertex -76.4849 48.5151 6
      vertex -76.4849 48.5151 0
    endloop
  endfacet
  facet normal -0.659355 -0.751832 0
    outer loop
      vertex -73.7216 51.666 0
      vertex -73.5151 51.4849 6
      vertex -73.7216 51.666 6
    endloop
  endfacet
  facet normal -0.659355 -0.751832 -0
    outer loop
      vertex -73.5151 51.4849 6
      vertex -73.7216 51.666 0
      vertex -73.5151 51.4849 0
    endloop
  endfacet
  facet normal -0.0655283 -0.997851 0
    outer loop
      vertex -75 52.1 0
      vertex -74.7259 52.082 6
      vertex -75 52.1 6
    endloop
  endfacet
  facet normal -0.0655283 -0.997851 -0
    outer loop
      vertex -74.7259 52.082 6
      vertex -75 52.1 0
      vertex -74.7259 52.082 0
    endloop
  endfacet
  facet normal 0.195136 0.980776 -0
    outer loop
      vertex -75.2741 47.918 0
      vertex -75.5435 47.9716 6
      vertex -75.2741 47.918 6
    endloop
  endfacet
  facet normal 0.195136 0.980776 0
    outer loop
      vertex -75.5435 47.9716 6
      vertex -75.2741 47.918 0
      vertex -75.5435 47.9716 0
    endloop
  endfacet
  facet normal -0.980776 -0.195136 -7.60357e-20
    outer loop
      vertex 77.082 50.2741 0
      vertex 77.0284 50.5435 6
      vertex 77.0284 50.5435 0
    endloop
  endfacet
  facet normal -0.980776 -0.195136 -7.60357e-20
    outer loop
      vertex 77.0284 50.5435 6
      vertex 77.082 50.2741 0
      vertex 77.082 50.2741 6
    endloop
  endfacet
  facet normal -0.997851 -0.0655283 -2.5314e-19
    outer loop
      vertex 77.1 50 0
      vertex 77.082 50.2741 6
      vertex 77.082 50.2741 0
    endloop
  endfacet
  facet normal -0.997851 -0.0655283 -2.5314e-19
    outer loop
      vertex 77.082 50.2741 6
      vertex 77.1 50 0
      vertex 77.1 50 6
    endloop
  endfacet
  facet normal -0.946921 -0.321465 -1.21569e-19
    outer loop
      vertex 77.0284 50.5435 0
      vertex 76.9401 50.8036 6
      vertex 76.9401 50.8036 0
    endloop
  endfacet
  facet normal -0.946921 -0.321465 -1.21569e-19
    outer loop
      vertex 76.9401 50.8036 6
      vertex 77.0284 50.5435 0
      vertex 77.0284 50.5435 6
    endloop
  endfacet
  facet normal -0.980776 0.195136 7.60357e-20
    outer loop
      vertex 77.0284 49.4565 0
      vertex 77.082 49.7259 6
      vertex 77.082 49.7259 0
    endloop
  endfacet
  facet normal -0.980776 0.195136 7.60357e-20
    outer loop
      vertex 77.082 49.7259 6
      vertex 77.0284 49.4565 0
      vertex 77.0284 49.4565 6
    endloop
  endfacet
  facet normal -0.0655283 0.997851 0
    outer loop
      vertex 75.2741 47.918 0
      vertex 75 47.9 6
      vertex 75.2741 47.918 6
    endloop
  endfacet
  facet normal -0.0655283 0.997851 0
    outer loop
      vertex 75 47.9 6
      vertex 75.2741 47.918 0
      vertex 75 47.9 0
    endloop
  endfacet
  facet normal -0.555792 -0.831322 0
    outer loop
      vertex 76.05 51.8187 0
      vertex 76.2784 51.666 6
      vertex 76.05 51.8187 6
    endloop
  endfacet
  facet normal -0.555792 -0.831322 -0
    outer loop
      vertex 76.2784 51.666 6
      vertex 76.05 51.8187 0
      vertex 76.2784 51.666 0
    endloop
  endfacet
  facet normal -0.83149 -0.55554 -8.81827e-19
    outer loop
      vertex 76.8186 51.05 0
      vertex 76.666 51.2784 6
      vertex 76.666 51.2784 0
    endloop
  endfacet
  facet normal -0.83149 -0.55554 -8.81827e-19
    outer loop
      vertex 76.666 51.2784 6
      vertex 76.8186 51.05 0
      vertex 76.8186 51.05 6
    endloop
  endfacet
  facet normal -0.441964 0.897033 0
    outer loop
      vertex 76.05 48.1813 0
      vertex 75.8036 48.0599 6
      vertex 76.05 48.1813 6
    endloop
  endfacet
  facet normal -0.441964 0.897033 0
    outer loop
      vertex 75.8036 48.0599 6
      vertex 76.05 48.1813 0
      vertex 75.8036 48.0599 0
    endloop
  endfacet
  facet normal 0.751832 -0.659355 -7.45963e-19
    outer loop
      vertex 73.334 51.2784 6
      vertex 73.5151 51.4849 0
      vertex 73.5151 51.4849 6
    endloop
  endfacet
  facet normal 0.751832 -0.659355 -7.45963e-19
    outer loop
      vertex 73.5151 51.4849 0
      vertex 73.334 51.2784 6
      vertex 73.334 51.2784 0
    endloop
  endfacet
  facet normal -0.896889 -0.442256 -7.41422e-20
    outer loop
      vertex 76.9401 50.8036 0
      vertex 76.8186 51.05 6
      vertex 76.8186 51.05 0
    endloop
  endfacet
  facet normal -0.896889 -0.442256 -7.41422e-20
    outer loop
      vertex 76.8186 51.05 6
      vertex 76.9401 50.8036 0
      vertex 76.9401 50.8036 6
    endloop
  endfacet
  facet normal 0.946921 0.321465 -1.21569e-19
    outer loop
      vertex 73.0599 49.1964 6
      vertex 72.9716 49.4565 0
      vertex 72.9716 49.4565 6
    endloop
  endfacet
  facet normal 0.946921 0.321465 -1.21569e-19
    outer loop
      vertex 72.9716 49.4565 0
      vertex 73.0599 49.1964 6
      vertex 73.0599 49.1964 0
    endloop
  endfacet
  facet normal -0.83149 0.55554 8.81827e-19
    outer loop
      vertex 76.666 48.7216 0
      vertex 76.8186 48.95 6
      vertex 76.8186 48.95 0
    endloop
  endfacet
  facet normal -0.83149 0.55554 8.81827e-19
    outer loop
      vertex 76.8186 48.95 6
      vertex 76.666 48.7216 0
      vertex 76.666 48.7216 6
    endloop
  endfacet
  facet normal 0.555792 0.831322 -0
    outer loop
      vertex 73.95 48.1813 0
      vertex 73.7216 48.334 6
      vertex 73.95 48.1813 6
    endloop
  endfacet
  facet normal 0.555792 0.831322 0
    outer loop
      vertex 73.7216 48.334 6
      vertex 73.95 48.1813 0
      vertex 73.7216 48.334 0
    endloop
  endfacet
  facet normal 0.195136 -0.980776 0
    outer loop
      vertex 74.4565 52.0284 0
      vertex 74.7259 52.082 6
      vertex 74.4565 52.0284 6
    endloop
  endfacet
  facet normal 0.195136 -0.980776 0
    outer loop
      vertex 74.7259 52.082 6
      vertex 74.4565 52.0284 0
      vertex 74.7259 52.082 0
    endloop
  endfacet
  facet normal 0.0655283 -0.997851 0
    outer loop
      vertex 74.7259 52.082 0
      vertex 75 52.1 6
      vertex 74.7259 52.082 6
    endloop
  endfacet
  facet normal 0.0655283 -0.997851 0
    outer loop
      vertex 75 52.1 6
      vertex 74.7259 52.082 0
      vertex 75 52.1 0
    endloop
  endfacet
  facet normal -0.195136 0.980776 0
    outer loop
      vertex 75.5435 47.9716 0
      vertex 75.2741 47.918 6
      vertex 75.5435 47.9716 6
    endloop
  endfacet
  facet normal -0.195136 0.980776 0
    outer loop
      vertex 75.2741 47.918 6
      vertex 75.5435 47.9716 0
      vertex 75.2741 47.918 0
    endloop
  endfacet
  facet normal 0.555792 -0.831322 0
    outer loop
      vertex 73.7216 51.666 0
      vertex 73.95 51.8187 6
      vertex 73.7216 51.666 6
    endloop
  endfacet
  facet normal 0.555792 -0.831322 0
    outer loop
      vertex 73.95 51.8187 6
      vertex 73.7216 51.666 0
      vertex 73.95 51.8187 0
    endloop
  endfacet
  facet normal 0.0655283 0.997851 -0
    outer loop
      vertex 75 47.9 0
      vertex 74.7259 47.918 6
      vertex 75 47.9 6
    endloop
  endfacet
  facet normal 0.0655283 0.997851 0
    outer loop
      vertex 74.7259 47.918 6
      vertex 75 47.9 0
      vertex 74.7259 47.918 0
    endloop
  endfacet
  facet normal -0.321465 -0.946921 0
    outer loop
      vertex 75.5435 52.0284 0
      vertex 75.8036 51.9401 6
      vertex 75.5435 52.0284 6
    endloop
  endfacet
  facet normal -0.321465 -0.946921 -0
    outer loop
      vertex 75.8036 51.9401 6
      vertex 75.5435 52.0284 0
      vertex 75.8036 51.9401 0
    endloop
  endfacet
  facet normal -0.659355 -0.751832 0
    outer loop
      vertex 76.2784 51.666 0
      vertex 76.4849 51.4849 6
      vertex 76.2784 51.666 6
    endloop
  endfacet
  facet normal -0.659355 -0.751832 -0
    outer loop
      vertex 76.4849 51.4849 6
      vertex 76.2784 51.666 0
      vertex 76.4849 51.4849 0
    endloop
  endfacet
  facet normal 0.321465 -0.946921 0
    outer loop
      vertex 74.1964 51.9401 0
      vertex 74.4565 52.0284 6
      vertex 74.1964 51.9401 6
    endloop
  endfacet
  facet normal 0.321465 -0.946921 0
    outer loop
      vertex 74.4565 52.0284 6
      vertex 74.1964 51.9401 0
      vertex 74.4565 52.0284 0
    endloop
  endfacet
  facet normal -0.997851 0.0655283 2.5314e-19
    outer loop
      vertex 77.082 49.7259 0
      vertex 77.1 50 6
      vertex 77.1 50 0
    endloop
  endfacet
  facet normal -0.997851 0.0655283 2.5314e-19
    outer loop
      vertex 77.1 50 6
      vertex 77.082 49.7259 0
      vertex 77.082 49.7259 6
    endloop
  endfacet
  facet normal -0.441964 -0.897033 0
    outer loop
      vertex 75.8036 51.9401 0
      vertex 76.05 51.8187 6
      vertex 75.8036 51.9401 6
    endloop
  endfacet
  facet normal -0.441964 -0.897033 -0
    outer loop
      vertex 76.05 51.8187 6
      vertex 75.8036 51.9401 0
      vertex 76.05 51.8187 0
    endloop
  endfacet
  facet normal 0.997851 0.0655283 -2.5314e-19
    outer loop
      vertex 72.918 49.7259 6
      vertex 72.9 50 0
      vertex 72.9 50 6
    endloop
  endfacet
  facet normal 0.997851 0.0655283 -2.5314e-19
    outer loop
      vertex 72.9 50 0
      vertex 72.918 49.7259 6
      vertex 72.918 49.7259 0
    endloop
  endfacet
  facet normal 0.946921 -0.321465 1.21569e-19
    outer loop
      vertex 72.9716 50.5435 6
      vertex 73.0599 50.8036 0
      vertex 73.0599 50.8036 6
    endloop
  endfacet
  facet normal 0.946921 -0.321465 1.21569e-19
    outer loop
      vertex 73.0599 50.8036 0
      vertex 72.9716 50.5435 6
      vertex 72.9716 50.5435 0
    endloop
  endfacet
  facet normal -0.751832 0.659355 -7.45963e-19
    outer loop
      vertex 76.4849 48.5151 0
      vertex 76.666 48.7216 6
      vertex 76.666 48.7216 0
    endloop
  endfacet
  facet normal -0.751832 0.659355 -7.45963e-19
    outer loop
      vertex 76.666 48.7216 6
      vertex 76.4849 48.5151 0
      vertex 76.4849 48.5151 6
    endloop
  endfacet
  facet normal 0.441964 -0.897033 0
    outer loop
      vertex 73.95 51.8187 0
      vertex 74.1964 51.9401 6
      vertex 73.95 51.8187 6
    endloop
  endfacet
  facet normal 0.441964 -0.897033 0
    outer loop
      vertex 74.1964 51.9401 6
      vertex 73.95 51.8187 0
      vertex 74.1964 51.9401 0
    endloop
  endfacet
  facet normal 0.980776 -0.195136 7.60357e-20
    outer loop
      vertex 72.918 50.2741 6
      vertex 72.9716 50.5435 0
      vertex 72.9716 50.5435 6
    endloop
  endfacet
  facet normal 0.980776 -0.195136 7.60357e-20
    outer loop
      vertex 72.9716 50.5435 0
      vertex 72.918 50.2741 6
      vertex 72.918 50.2741 0
    endloop
  endfacet
  facet normal -0.321465 0.946921 0
    outer loop
      vertex 75.8036 48.0599 0
      vertex 75.5435 47.9716 6
      vertex 75.8036 48.0599 6
    endloop
  endfacet
  facet normal -0.321465 0.946921 0
    outer loop
      vertex 75.5435 47.9716 6
      vertex 75.8036 48.0599 0
      vertex 75.5435 47.9716 0
    endloop
  endfacet
  facet normal 0.997851 -0.0655283 2.5314e-19
    outer loop
      vertex 72.9 50 6
      vertex 72.918 50.2741 0
      vertex 72.918 50.2741 6
    endloop
  endfacet
  facet normal 0.997851 -0.0655283 2.5314e-19
    outer loop
      vertex 72.918 50.2741 0
      vertex 72.9 50 6
      vertex 72.9 50 0
    endloop
  endfacet
  facet normal 0.831322 0.555792 -1.5042e-19
    outer loop
      vertex 73.334 48.7216 6
      vertex 73.1813 48.95 0
      vertex 73.1813 48.95 6
    endloop
  endfacet
  facet normal 0.831322 0.555792 -1.5042e-19
    outer loop
      vertex 73.1813 48.95 0
      vertex 73.334 48.7216 6
      vertex 73.334 48.7216 0
    endloop
  endfacet
  facet normal 0.321465 0.946921 -0
    outer loop
      vertex 74.4565 47.9716 0
      vertex 74.1964 48.0599 6
      vertex 74.4565 47.9716 6
    endloop
  endfacet
  facet normal 0.321465 0.946921 0
    outer loop
      vertex 74.1964 48.0599 6
      vertex 74.4565 47.9716 0
      vertex 74.1964 48.0599 0
    endloop
  endfacet
  facet normal -0.751832 -0.659355 7.45963e-19
    outer loop
      vertex 76.666 51.2784 0
      vertex 76.4849 51.4849 6
      vertex 76.4849 51.4849 0
    endloop
  endfacet
  facet normal -0.751832 -0.659355 7.45963e-19
    outer loop
      vertex 76.4849 51.4849 6
      vertex 76.666 51.2784 0
      vertex 76.666 51.2784 6
    endloop
  endfacet
  facet normal 0.897033 0.441964 -5.55326e-19
    outer loop
      vertex 73.1813 48.95 6
      vertex 73.0599 49.1964 0
      vertex 73.0599 49.1964 6
    endloop
  endfacet
  facet normal 0.897033 0.441964 -5.55326e-19
    outer loop
      vertex 73.0599 49.1964 0
      vertex 73.1813 48.95 6
      vertex 73.1813 48.95 0
    endloop
  endfacet
  facet normal -0.896889 0.442256 7.41422e-20
    outer loop
      vertex 76.8186 48.95 0
      vertex 76.9401 49.1964 6
      vertex 76.9401 49.1964 0
    endloop
  endfacet
  facet normal -0.896889 0.442256 7.41422e-20
    outer loop
      vertex 76.9401 49.1964 6
      vertex 76.8186 48.95 0
      vertex 76.8186 48.95 6
    endloop
  endfacet
  facet normal -0.555792 0.831322 0
    outer loop
      vertex 76.2784 48.334 0
      vertex 76.05 48.1813 6
      vertex 76.2784 48.334 6
    endloop
  endfacet
  facet normal -0.555792 0.831322 0
    outer loop
      vertex 76.05 48.1813 6
      vertex 76.2784 48.334 0
      vertex 76.05 48.1813 0
    endloop
  endfacet
  facet normal 0.831322 -0.555792 1.5042e-19
    outer loop
      vertex 73.1813 51.05 6
      vertex 73.334 51.2784 0
      vertex 73.334 51.2784 6
    endloop
  endfacet
  facet normal 0.831322 -0.555792 1.5042e-19
    outer loop
      vertex 73.334 51.2784 0
      vertex 73.1813 51.05 6
      vertex 73.1813 51.05 0
    endloop
  endfacet
  facet normal 0.897033 -0.441964 5.55326e-19
    outer loop
      vertex 73.0599 50.8036 6
      vertex 73.1813 51.05 0
      vertex 73.1813 51.05 6
    endloop
  endfacet
  facet normal 0.897033 -0.441964 5.55326e-19
    outer loop
      vertex 73.1813 51.05 0
      vertex 73.0599 50.8036 6
      vertex 73.0599 50.8036 0
    endloop
  endfacet
  facet normal 0.980776 0.195136 -7.60357e-20
    outer loop
      vertex 72.9716 49.4565 6
      vertex 72.918 49.7259 0
      vertex 72.918 49.7259 6
    endloop
  endfacet
  facet normal 0.980776 0.195136 -7.60357e-20
    outer loop
      vertex 72.918 49.7259 0
      vertex 72.9716 49.4565 6
      vertex 72.9716 49.4565 0
    endloop
  endfacet
  facet normal 0.659355 -0.751832 0
    outer loop
      vertex 73.5151 51.4849 0
      vertex 73.7216 51.666 6
      vertex 73.5151 51.4849 6
    endloop
  endfacet
  facet normal 0.659355 -0.751832 0
    outer loop
      vertex 73.7216 51.666 6
      vertex 73.5151 51.4849 0
      vertex 73.7216 51.666 0
    endloop
  endfacet
  facet normal -0.195136 -0.980776 0
    outer loop
      vertex 75.2741 52.082 0
      vertex 75.5435 52.0284 6
      vertex 75.2741 52.082 6
    endloop
  endfacet
  facet normal -0.195136 -0.980776 -0
    outer loop
      vertex 75.5435 52.0284 6
      vertex 75.2741 52.082 0
      vertex 75.5435 52.0284 0
    endloop
  endfacet
  facet normal -0.946921 0.321465 1.21569e-19
    outer loop
      vertex 76.9401 49.1964 0
      vertex 77.0284 49.4565 6
      vertex 77.0284 49.4565 0
    endloop
  endfacet
  facet normal -0.946921 0.321465 1.21569e-19
    outer loop
      vertex 77.0284 49.4565 6
      vertex 76.9401 49.1964 0
      vertex 76.9401 49.1964 6
    endloop
  endfacet
  facet normal 0.751832 0.659355 7.45963e-19
    outer loop
      vertex 73.5151 48.5151 6
      vertex 73.334 48.7216 0
      vertex 73.334 48.7216 6
    endloop
  endfacet
  facet normal 0.751832 0.659355 7.45963e-19
    outer loop
      vertex 73.334 48.7216 0
      vertex 73.5151 48.5151 6
      vertex 73.5151 48.5151 0
    endloop
  endfacet
  facet normal -0.0655283 -0.997851 0
    outer loop
      vertex 75 52.1 0
      vertex 75.2741 52.082 6
      vertex 75 52.1 6
    endloop
  endfacet
  facet normal -0.0655283 -0.997851 -0
    outer loop
      vertex 75.2741 52.082 6
      vertex 75 52.1 0
      vertex 75.2741 52.082 0
    endloop
  endfacet
  facet normal -0.659355 0.751832 0
    outer loop
      vertex 76.4849 48.5151 0
      vertex 76.2784 48.334 6
      vertex 76.4849 48.5151 6
    endloop
  endfacet
  facet normal -0.659355 0.751832 0
    outer loop
      vertex 76.2784 48.334 6
      vertex 76.4849 48.5151 0
      vertex 76.2784 48.334 0
    endloop
  endfacet
  facet normal 0.195136 0.980776 -0
    outer loop
      vertex 74.7259 47.918 0
      vertex 74.4565 47.9716 6
      vertex 74.7259 47.918 6
    endloop
  endfacet
  facet normal 0.195136 0.980776 0
    outer loop
      vertex 74.4565 47.9716 6
      vertex 74.7259 47.918 0
      vertex 74.4565 47.9716 0
    endloop
  endfacet
  facet normal 0.659355 0.751832 -0
    outer loop
      vertex 73.7216 48.334 0
      vertex 73.5151 48.5151 6
      vertex 73.7216 48.334 6
    endloop
  endfacet
  facet normal 0.659355 0.751832 0
    outer loop
      vertex 73.5151 48.5151 6
      vertex 73.7216 48.334 0
      vertex 73.5151 48.5151 0
    endloop
  endfacet
  facet normal 0.441964 0.897033 -0
    outer loop
      vertex 74.1964 48.0599 0
      vertex 73.95 48.1813 6
      vertex 74.1964 48.0599 6
    endloop
  endfacet
  facet normal 0.441964 0.897033 0
    outer loop
      vertex 73.95 48.1813 6
      vertex 74.1964 48.0599 0
      vertex 73.95 48.1813 0
    endloop
  endfacet
  facet normal -0.195059 -0.980791 0
    outer loop
      vertex -41.7912 -5.41369 0
      vertex -41.5859 -5.45452 9
      vertex -41.7912 -5.41369 9
    endloop
  endfacet
  facet normal -0.195059 -0.980791 -0
    outer loop
      vertex -41.5859 -5.45452 9
      vertex -41.7912 -5.41369 0
      vertex -41.5859 -5.45452 0
    endloop
  endfacet
  facet normal -0.980813 -0.194949 1.05558e-19
    outer loop
      vertex -40.4137 -6.79116 0
      vertex -40.4545 -6.58589 9
      vertex -40.4545 -6.58589 0
    endloop
  endfacet
  facet normal -0.980813 -0.194949 1.05558e-19
    outer loop
      vertex -40.4545 -6.58589 9
      vertex -40.4137 -6.79116 0
      vertex -40.4137 -6.79116 9
    endloop
  endfacet
  facet normal -0.997855 -0.0654598 6.79529e-20
    outer loop
      vertex -40.4 -7 0
      vertex -40.4137 -6.79116 9
      vertex -40.4137 -6.79116 0
    endloop
  endfacet
  facet normal -0.997855 -0.0654598 6.79529e-20
    outer loop
      vertex -40.4137 -6.79116 9
      vertex -40.4 -7 0
      vertex -40.4 -7 9
    endloop
  endfacet
  facet normal -0.946891 -0.321555 -2.12838e-20
    outer loop
      vertex -40.4545 -6.58589 0
      vertex -40.5218 -6.38771 9
      vertex -40.5218 -6.38771 0
    endloop
  endfacet
  facet normal -0.946891 -0.321555 -2.12838e-20
    outer loop
      vertex -40.5218 -6.38771 9
      vertex -40.4545 -6.58589 0
      vertex -40.4545 -6.58589 9
    endloop
  endfacet
  facet normal -0.831638 -0.555318 9.16419e-19
    outer loop
      vertex -40.6144 -6.2 0
      vertex -40.7306 -6.02598 9
      vertex -40.7306 -6.02598 0
    endloop
  endfacet
  facet normal -0.831638 -0.555318 9.16419e-19
    outer loop
      vertex -40.7306 -6.02598 9
      vertex -40.6144 -6.2 0
      vertex -40.6144 -6.2 9
    endloop
  endfacet
  facet normal -0.321397 -0.946944 0
    outer loop
      vertex -41.5859 -5.45452 0
      vertex -41.3877 -5.52179 9
      vertex -41.5859 -5.45452 9
    endloop
  endfacet
  facet normal -0.321397 -0.946944 -0
    outer loop
      vertex -41.3877 -5.52179 9
      vertex -41.5859 -5.45452 0
      vertex -41.3877 -5.52179 0
    endloop
  endfacet
  facet normal -0.997855 0.0654598 -6.79529e-20
    outer loop
      vertex -40.4137 -7.20884 0
      vertex -40.4 -7 9
      vertex -40.4 -7 0
    endloop
  endfacet
  facet normal -0.997855 0.0654598 -6.79529e-20
    outer loop
      vertex -40.4 -7 9
      vertex -40.4137 -7.20884 0
      vertex -40.4137 -7.20884 9
    endloop
  endfacet
  facet normal 0.555593 0.831454 -0
    outer loop
      vertex -42.8 -8.38564 0
      vertex -42.974 -8.26937 9
      vertex -42.8 -8.38564 9
    endloop
  endfacet
  facet normal 0.555593 0.831454 0
    outer loop
      vertex -42.974 -8.26937 9
      vertex -42.8 -8.38564 0
      vertex -42.974 -8.26937 0
    endloop
  endfacet
  facet normal 0.321397 0.946944 -0
    outer loop
      vertex -42.4141 -8.54548 0
      vertex -42.6123 -8.47821 9
      vertex -42.4141 -8.54548 9
    endloop
  endfacet
  facet normal 0.321397 0.946944 0
    outer loop
      vertex -42.6123 -8.47821 9
      vertex -42.4141 -8.54548 0
      vertex -42.6123 -8.47821 0
    endloop
  endfacet
  facet normal -0.896813 -0.44241 7.05492e-19
    outer loop
      vertex -40.5218 -6.38771 0
      vertex -40.6144 -6.2 9
      vertex -40.6144 -6.2 0
    endloop
  endfacet
  facet normal -0.896813 -0.44241 7.05492e-19
    outer loop
      vertex -40.6144 -6.2 9
      vertex -40.5218 -6.38771 0
      vertex -40.5218 -6.38771 9
    endloop
  endfacet
  facet normal 0.321397 -0.946944 0
    outer loop
      vertex -42.6123 -5.52179 0
      vertex -42.4141 -5.45452 9
      vertex -42.6123 -5.52179 9
    endloop
  endfacet
  facet normal 0.321397 -0.946944 0
    outer loop
      vertex -42.4141 -5.45452 9
      vertex -42.6123 -5.52179 0
      vertex -42.4141 -5.45452 0
    endloop
  endfacet
  facet normal -0.751821 -0.659367 -4.81216e-19
    outer loop
      vertex -40.7306 -6.02598 0
      vertex -40.8686 -5.86863 9
      vertex -40.8686 -5.86863 0
    endloop
  endfacet
  facet normal -0.751821 -0.659367 -4.81216e-19
    outer loop
      vertex -40.8686 -5.86863 9
      vertex -40.7306 -6.02598 0
      vertex -40.7306 -6.02598 9
    endloop
  endfacet
  facet normal -0.946891 0.321555 2.12838e-20
    outer loop
      vertex -40.5218 -7.61229 0
      vertex -40.4545 -7.41411 9
      vertex -40.4545 -7.41411 0
    endloop
  endfacet
  facet normal -0.946891 0.321555 2.12838e-20
    outer loop
      vertex -40.4545 -7.41411 9
      vertex -40.5218 -7.61229 0
      vertex -40.5218 -7.61229 9
    endloop
  endfacet
  facet normal 0.751821 0.659367 -4.81216e-19
    outer loop
      vertex -43.1314 -8.13137 9
      vertex -43.2694 -7.97402 0
      vertex -43.2694 -7.97402 9
    endloop
  endfacet
  facet normal 0.751821 0.659367 -4.81216e-19
    outer loop
      vertex -43.2694 -7.97402 0
      vertex -43.1314 -8.13137 9
      vertex -43.1314 -8.13137 0
    endloop
  endfacet
  facet normal -0.980813 0.194949 -1.05558e-19
    outer loop
      vertex -40.4545 -7.41411 0
      vertex -40.4137 -7.20884 9
      vertex -40.4137 -7.20884 0
    endloop
  endfacet
  facet normal -0.980813 0.194949 -1.05558e-19
    outer loop
      vertex -40.4137 -7.20884 9
      vertex -40.4545 -7.41411 0
      vertex -40.4545 -7.41411 9
    endloop
  endfacet
  facet normal 0.659248 -0.751925 0
    outer loop
      vertex -43.1314 -5.86863 0
      vertex -42.974 -5.73063 9
      vertex -43.1314 -5.86863 9
    endloop
  endfacet
  facet normal 0.659248 -0.751925 0
    outer loop
      vertex -42.974 -5.73063 9
      vertex -43.1314 -5.86863 0
      vertex -42.974 -5.73063 0
    endloop
  endfacet
  facet normal 0.946891 0.321555 -2.12838e-20
    outer loop
      vertex -43.4782 -7.61229 9
      vertex -43.5455 -7.41411 0
      vertex -43.5455 -7.41411 9
    endloop
  endfacet
  facet normal 0.946891 0.321555 -2.12838e-20
    outer loop
      vertex -43.5455 -7.41411 0
      vertex -43.4782 -7.61229 9
      vertex -43.4782 -7.61229 0
    endloop
  endfacet
  facet normal -0.831638 0.555318 -9.16419e-19
    outer loop
      vertex -40.7306 -7.97402 0
      vertex -40.6144 -7.8 9
      vertex -40.6144 -7.8 0
    endloop
  endfacet
  facet normal -0.831638 0.555318 -9.16419e-19
    outer loop
      vertex -40.6144 -7.8 9
      vertex -40.7306 -7.97402 0
      vertex -40.7306 -7.97402 9
    endloop
  endfacet
  facet normal -0.442314 -0.89686 0
    outer loop
      vertex -41.3877 -5.52179 0
      vertex -41.2 -5.61436 9
      vertex -41.3877 -5.52179 9
    endloop
  endfacet
  facet normal -0.442314 -0.89686 -0
    outer loop
      vertex -41.2 -5.61436 9
      vertex -41.3877 -5.52179 0
      vertex -41.2 -5.61436 0
    endloop
  endfacet
  facet normal 0.442314 -0.89686 0
    outer loop
      vertex -42.8 -5.61436 0
      vertex -42.6123 -5.52179 9
      vertex -42.8 -5.61436 9
    endloop
  endfacet
  facet normal 0.442314 -0.89686 0
    outer loop
      vertex -42.6123 -5.52179 9
      vertex -42.8 -5.61436 0
      vertex -42.6123 -5.52179 0
    endloop
  endfacet
  facet normal -0.442314 0.89686 0
    outer loop
      vertex -41.2 -8.38564 0
      vertex -41.3877 -8.47821 9
      vertex -41.2 -8.38564 9
    endloop
  endfacet
  facet normal -0.442314 0.89686 0
    outer loop
      vertex -41.3877 -8.47821 9
      vertex -41.2 -8.38564 0
      vertex -41.3877 -8.47821 0
    endloop
  endfacet
  facet normal -0.321397 0.946944 0
    outer loop
      vertex -41.3877 -8.47821 0
      vertex -41.5859 -8.54548 9
      vertex -41.3877 -8.47821 9
    endloop
  endfacet
  facet normal -0.321397 0.946944 0
    outer loop
      vertex -41.5859 -8.54548 9
      vertex -41.3877 -8.47821 0
      vertex -41.5859 -8.54548 0
    endloop
  endfacet
  facet normal 0.896813 0.44241 7.05492e-19
    outer loop
      vertex -43.3856 -7.8 9
      vertex -43.4782 -7.61229 0
      vertex -43.4782 -7.61229 9
    endloop
  endfacet
  facet normal 0.896813 0.44241 7.05492e-19
    outer loop
      vertex -43.4782 -7.61229 0
      vertex -43.3856 -7.8 9
      vertex -43.3856 -7.8 0
    endloop
  endfacet
  facet normal 0.980813 0.194949 1.05558e-19
    outer loop
      vertex -43.5455 -7.41411 9
      vertex -43.5863 -7.20884 0
      vertex -43.5863 -7.20884 9
    endloop
  endfacet
  facet normal 0.980813 0.194949 1.05558e-19
    outer loop
      vertex -43.5863 -7.20884 0
      vertex -43.5455 -7.41411 9
      vertex -43.5455 -7.41411 0
    endloop
  endfacet
  facet normal 0.555593 -0.831454 0
    outer loop
      vertex -42.974 -5.73063 0
      vertex -42.8 -5.61436 9
      vertex -42.974 -5.73063 9
    endloop
  endfacet
  facet normal 0.555593 -0.831454 0
    outer loop
      vertex -42.8 -5.61436 9
      vertex -42.974 -5.73063 0
      vertex -42.8 -5.61436 0
    endloop
  endfacet
  facet normal -0.555593 0.831454 0
    outer loop
      vertex -41.026 -8.26937 0
      vertex -41.2 -8.38564 9
      vertex -41.026 -8.26937 9
    endloop
  endfacet
  facet normal -0.555593 0.831454 0
    outer loop
      vertex -41.2 -8.38564 9
      vertex -41.026 -8.26937 0
      vertex -41.2 -8.38564 0
    endloop
  endfacet
  facet normal -0.195059 0.980791 0
    outer loop
      vertex -41.5859 -8.54548 0
      vertex -41.7912 -8.58631 9
      vertex -41.5859 -8.54548 9
    endloop
  endfacet
  facet normal -0.195059 0.980791 0
    outer loop
      vertex -41.7912 -8.58631 9
      vertex -41.5859 -8.54548 0
      vertex -41.7912 -8.58631 0
    endloop
  endfacet
  facet normal -0.659248 -0.751925 0
    outer loop
      vertex -41.026 -5.73063 0
      vertex -40.8686 -5.86863 9
      vertex -41.026 -5.73063 9
    endloop
  endfacet
  facet normal -0.659248 -0.751925 -0
    outer loop
      vertex -40.8686 -5.86863 9
      vertex -41.026 -5.73063 0
      vertex -40.8686 -5.86863 0
    endloop
  endfacet
  facet normal 0.946891 -0.321555 2.12838e-20
    outer loop
      vertex -43.5455 -6.58589 9
      vertex -43.4782 -6.38771 0
      vertex -43.4782 -6.38771 9
    endloop
  endfacet
  facet normal 0.946891 -0.321555 2.12838e-20
    outer loop
      vertex -43.4782 -6.38771 0
      vertex -43.5455 -6.58589 9
      vertex -43.5455 -6.58589 0
    endloop
  endfacet
  facet normal -0.0654247 0.997858 0
    outer loop
      vertex -41.7912 -8.58631 0
      vertex -42 -8.6 9
      vertex -41.7912 -8.58631 9
    endloop
  endfacet
  facet normal -0.0654247 0.997858 0
    outer loop
      vertex -42 -8.6 9
      vertex -41.7912 -8.58631 0
      vertex -42 -8.6 0
    endloop
  endfacet
  facet normal 0.195059 -0.980791 0
    outer loop
      vertex -42.4141 -5.45452 0
      vertex -42.2088 -5.41369 9
      vertex -42.4141 -5.45452 9
    endloop
  endfacet
  facet normal 0.195059 -0.980791 0
    outer loop
      vertex -42.2088 -5.41369 9
      vertex -42.4141 -5.45452 0
      vertex -42.2088 -5.41369 0
    endloop
  endfacet
  facet normal 0.659248 0.751925 -0
    outer loop
      vertex -42.974 -8.26937 0
      vertex -43.1314 -8.13137 9
      vertex -42.974 -8.26937 9
    endloop
  endfacet
  facet normal 0.659248 0.751925 0
    outer loop
      vertex -43.1314 -8.13137 9
      vertex -42.974 -8.26937 0
      vertex -43.1314 -8.13137 0
    endloop
  endfacet
  facet normal 0.896813 -0.44241 -7.05492e-19
    outer loop
      vertex -43.4782 -6.38771 9
      vertex -43.3856 -6.2 0
      vertex -43.3856 -6.2 9
    endloop
  endfacet
  facet normal 0.896813 -0.44241 -7.05492e-19
    outer loop
      vertex -43.3856 -6.2 0
      vertex -43.4782 -6.38771 9
      vertex -43.4782 -6.38771 0
    endloop
  endfacet
  facet normal -0.896813 0.44241 -7.05492e-19
    outer loop
      vertex -40.6144 -7.8 0
      vertex -40.5218 -7.61229 9
      vertex -40.5218 -7.61229 0
    endloop
  endfacet
  facet normal -0.896813 0.44241 -7.05492e-19
    outer loop
      vertex -40.5218 -7.61229 9
      vertex -40.6144 -7.8 0
      vertex -40.6144 -7.8 9
    endloop
  endfacet
  facet normal -0.751821 0.659367 4.81216e-19
    outer loop
      vertex -40.8686 -8.13137 0
      vertex -40.7306 -7.97402 9
      vertex -40.7306 -7.97402 0
    endloop
  endfacet
  facet normal -0.751821 0.659367 4.81216e-19
    outer loop
      vertex -40.7306 -7.97402 9
      vertex -40.8686 -8.13137 0
      vertex -40.8686 -8.13137 9
    endloop
  endfacet
  facet normal 0.0654247 0.997858 -0
    outer loop
      vertex -42 -8.6 0
      vertex -42.2088 -8.58631 9
      vertex -42 -8.6 9
    endloop
  endfacet
  facet normal 0.0654247 0.997858 0
    outer loop
      vertex -42.2088 -8.58631 9
      vertex -42 -8.6 0
      vertex -42.2088 -8.58631 0
    endloop
  endfacet
  facet normal -0.0654247 -0.997858 0
    outer loop
      vertex -42 -5.4 0
      vertex -41.7912 -5.41369 9
      vertex -42 -5.4 9
    endloop
  endfacet
  facet normal -0.0654247 -0.997858 -0
    outer loop
      vertex -41.7912 -5.41369 9
      vertex -42 -5.4 0
      vertex -41.7912 -5.41369 0
    endloop
  endfacet
  facet normal -0.555593 -0.831454 0
    outer loop
      vertex -41.2 -5.61436 0
      vertex -41.026 -5.73063 9
      vertex -41.2 -5.61436 9
    endloop
  endfacet
  facet normal -0.555593 -0.831454 -0
    outer loop
      vertex -41.026 -5.73063 9
      vertex -41.2 -5.61436 0
      vertex -41.026 -5.73063 0
    endloop
  endfacet
  facet normal 0.997855 0.0654598 6.79529e-20
    outer loop
      vertex -43.5863 -7.20884 9
      vertex -43.6 -7 0
      vertex -43.6 -7 9
    endloop
  endfacet
  facet normal 0.997855 0.0654598 6.79529e-20
    outer loop
      vertex -43.6 -7 0
      vertex -43.5863 -7.20884 9
      vertex -43.5863 -7.20884 0
    endloop
  endfacet
  facet normal 0.751821 -0.659367 4.81216e-19
    outer loop
      vertex -43.2694 -6.02598 9
      vertex -43.1314 -5.86863 0
      vertex -43.1314 -5.86863 9
    endloop
  endfacet
  facet normal 0.751821 -0.659367 4.81216e-19
    outer loop
      vertex -43.1314 -5.86863 0
      vertex -43.2694 -6.02598 9
      vertex -43.2694 -6.02598 0
    endloop
  endfacet
  facet normal 0.0654247 -0.997858 0
    outer loop
      vertex -42.2088 -5.41369 0
      vertex -42 -5.4 9
      vertex -42.2088 -5.41369 9
    endloop
  endfacet
  facet normal 0.0654247 -0.997858 0
    outer loop
      vertex -42 -5.4 9
      vertex -42.2088 -5.41369 0
      vertex -42 -5.4 0
    endloop
  endfacet
  facet normal 0.195059 0.980791 -0
    outer loop
      vertex -42.2088 -8.58631 0
      vertex -42.4141 -8.54548 9
      vertex -42.2088 -8.58631 9
    endloop
  endfacet
  facet normal 0.195059 0.980791 0
    outer loop
      vertex -42.4141 -8.54548 9
      vertex -42.2088 -8.58631 0
      vertex -42.4141 -8.54548 0
    endloop
  endfacet
  facet normal 0.980813 -0.194949 -1.05558e-19
    outer loop
      vertex -43.5863 -6.79116 9
      vertex -43.5455 -6.58589 0
      vertex -43.5455 -6.58589 9
    endloop
  endfacet
  facet normal 0.980813 -0.194949 -1.05558e-19
    outer loop
      vertex -43.5455 -6.58589 0
      vertex -43.5863 -6.79116 9
      vertex -43.5863 -6.79116 0
    endloop
  endfacet
  facet normal 0.997855 -0.0654598 -6.79529e-20
    outer loop
      vertex -43.6 -7 9
      vertex -43.5863 -6.79116 0
      vertex -43.5863 -6.79116 9
    endloop
  endfacet
  facet normal 0.997855 -0.0654598 -6.79529e-20
    outer loop
      vertex -43.5863 -6.79116 0
      vertex -43.6 -7 9
      vertex -43.6 -7 0
    endloop
  endfacet
  facet normal 0.442314 0.89686 -0
    outer loop
      vertex -42.6123 -8.47821 0
      vertex -42.8 -8.38564 9
      vertex -42.6123 -8.47821 9
    endloop
  endfacet
  facet normal 0.442314 0.89686 0
    outer loop
      vertex -42.8 -8.38564 9
      vertex -42.6123 -8.47821 0
      vertex -42.8 -8.38564 0
    endloop
  endfacet
  facet normal -0.659248 0.751925 0
    outer loop
      vertex -40.8686 -8.13137 0
      vertex -41.026 -8.26937 9
      vertex -40.8686 -8.13137 9
    endloop
  endfacet
  facet normal -0.659248 0.751925 0
    outer loop
      vertex -41.026 -8.26937 9
      vertex -40.8686 -8.13137 0
      vertex -41.026 -8.26937 0
    endloop
  endfacet
  facet normal 0.831638 -0.555318 -9.16419e-19
    outer loop
      vertex -43.3856 -6.2 9
      vertex -43.2694 -6.02598 0
      vertex -43.2694 -6.02598 9
    endloop
  endfacet
  facet normal 0.831638 -0.555318 -9.16419e-19
    outer loop
      vertex -43.2694 -6.02598 0
      vertex -43.3856 -6.2 9
      vertex -43.3856 -6.2 0
    endloop
  endfacet
  facet normal 0.831638 0.555318 9.16419e-19
    outer loop
      vertex -43.2694 -7.97402 9
      vertex -43.3856 -7.8 0
      vertex -43.3856 -7.8 9
    endloop
  endfacet
  facet normal 0.831638 0.555318 9.16419e-19
    outer loop
      vertex -43.3856 -7.8 0
      vertex -43.2694 -7.97402 9
      vertex -43.2694 -7.97402 0
    endloop
  endfacet
  facet normal -0.980813 -0.194949 1.05558e-19
    outer loop
      vertex -40.4137 7.20884 0
      vertex -40.4545 7.41411 9
      vertex -40.4545 7.41411 0
    endloop
  endfacet
  facet normal -0.980813 -0.194949 1.05558e-19
    outer loop
      vertex -40.4545 7.41411 9
      vertex -40.4137 7.20884 0
      vertex -40.4137 7.20884 9
    endloop
  endfacet
  facet normal -0.997855 -0.0654598 6.79529e-20
    outer loop
      vertex -40.4 7 0
      vertex -40.4137 7.20884 9
      vertex -40.4137 7.20884 0
    endloop
  endfacet
  facet normal -0.997855 -0.0654598 6.79529e-20
    outer loop
      vertex -40.4137 7.20884 9
      vertex -40.4 7 0
      vertex -40.4 7 9
    endloop
  endfacet
  facet normal -0.946891 -0.321555 -2.12838e-20
    outer loop
      vertex -40.4545 7.41411 0
      vertex -40.5218 7.61229 9
      vertex -40.5218 7.61229 0
    endloop
  endfacet
  facet normal -0.946891 -0.321555 -2.12838e-20
    outer loop
      vertex -40.5218 7.61229 9
      vertex -40.4545 7.41411 0
      vertex -40.4545 7.41411 9
    endloop
  endfacet
  facet normal -0.831638 -0.555318 9.16419e-19
    outer loop
      vertex -40.6144 7.8 0
      vertex -40.7306 7.97402 9
      vertex -40.7306 7.97402 0
    endloop
  endfacet
  facet normal -0.831638 -0.555318 9.16419e-19
    outer loop
      vertex -40.7306 7.97402 9
      vertex -40.6144 7.8 0
      vertex -40.6144 7.8 9
    endloop
  endfacet
  facet normal 0.946891 0.321555 -2.12838e-20
    outer loop
      vertex -43.4782 6.38771 9
      vertex -43.5455 6.58589 0
      vertex -43.5455 6.58589 9
    endloop
  endfacet
  facet normal 0.946891 0.321555 -2.12838e-20
    outer loop
      vertex -43.5455 6.58589 0
      vertex -43.4782 6.38771 9
      vertex -43.4782 6.38771 0
    endloop
  endfacet
  facet normal -0.555593 -0.831454 0
    outer loop
      vertex -41.2 8.38564 0
      vertex -41.026 8.26937 9
      vertex -41.2 8.38564 9
    endloop
  endfacet
  facet normal -0.555593 -0.831454 -0
    outer loop
      vertex -41.026 8.26937 9
      vertex -41.2 8.38564 0
      vertex -41.026 8.26937 0
    endloop
  endfacet
  facet normal -0.980813 0.194949 -1.05558e-19
    outer loop
      vertex -40.4545 6.58589 0
      vertex -40.4137 6.79116 9
      vertex -40.4137 6.79116 0
    endloop
  endfacet
  facet normal -0.980813 0.194949 -1.05558e-19
    outer loop
      vertex -40.4137 6.79116 9
      vertex -40.4545 6.58589 0
      vertex -40.4545 6.58589 9
    endloop
  endfacet
  facet normal 0.555593 -0.831454 0
    outer loop
      vertex -42.974 8.26937 0
      vertex -42.8 8.38564 9
      vertex -42.974 8.26937 9
    endloop
  endfacet
  facet normal 0.555593 -0.831454 0
    outer loop
      vertex -42.8 8.38564 9
      vertex -42.974 8.26937 0
      vertex -42.8 8.38564 0
    endloop
  endfacet
  facet normal -0.321397 -0.946944 0
    outer loop
      vertex -41.5859 8.54548 0
      vertex -41.3877 8.47821 9
      vertex -41.5859 8.54548 9
    endloop
  endfacet
  facet normal -0.321397 -0.946944 -0
    outer loop
      vertex -41.3877 8.47821 9
      vertex -41.5859 8.54548 0
      vertex -41.3877 8.47821 0
    endloop
  endfacet
  facet normal -0.946891 0.321555 2.12838e-20
    outer loop
      vertex -40.5218 6.38771 0
      vertex -40.4545 6.58589 9
      vertex -40.4545 6.58589 0
    endloop
  endfacet
  facet normal -0.946891 0.321555 2.12838e-20
    outer loop
      vertex -40.4545 6.58589 9
      vertex -40.5218 6.38771 0
      vertex -40.5218 6.38771 9
    endloop
  endfacet
  facet normal -0.442314 0.89686 0
    outer loop
      vertex -41.2 5.61436 0
      vertex -41.3877 5.52179 9
      vertex -41.2 5.61436 9
    endloop
  endfacet
  facet normal -0.442314 0.89686 0
    outer loop
      vertex -41.3877 5.52179 9
      vertex -41.2 5.61436 0
      vertex -41.3877 5.52179 0
    endloop
  endfacet
  facet normal 0.659248 -0.751925 0
    outer loop
      vertex -43.1314 8.13137 0
      vertex -42.974 8.26937 9
      vertex -43.1314 8.13137 9
    endloop
  endfacet
  facet normal 0.659248 -0.751925 0
    outer loop
      vertex -42.974 8.26937 9
      vertex -43.1314 8.13137 0
      vertex -42.974 8.26937 0
    endloop
  endfacet
  facet normal -0.896813 -0.44241 7.05492e-19
    outer loop
      vertex -40.5218 7.61229 0
      vertex -40.6144 7.8 9
      vertex -40.6144 7.8 0
    endloop
  endfacet
  facet normal -0.896813 -0.44241 7.05492e-19
    outer loop
      vertex -40.6144 7.8 9
      vertex -40.5218 7.61229 0
      vertex -40.5218 7.61229 9
    endloop
  endfacet
  facet normal 0.195059 -0.980791 0
    outer loop
      vertex -42.4141 8.54548 0
      vertex -42.2088 8.58631 9
      vertex -42.4141 8.54548 9
    endloop
  endfacet
  facet normal 0.195059 -0.980791 0
    outer loop
      vertex -42.2088 8.58631 9
      vertex -42.4141 8.54548 0
      vertex -42.2088 8.58631 0
    endloop
  endfacet
  facet normal -0.831638 0.555318 -9.16419e-19
    outer loop
      vertex -40.7306 6.02598 0
      vertex -40.6144 6.2 9
      vertex -40.6144 6.2 0
    endloop
  endfacet
  facet normal -0.831638 0.555318 -9.16419e-19
    outer loop
      vertex -40.6144 6.2 9
      vertex -40.7306 6.02598 0
      vertex -40.7306 6.02598 9
    endloop
  endfacet
  facet normal -0.0654247 0.997858 0
    outer loop
      vertex -41.7912 5.41369 0
      vertex -42 5.4 9
      vertex -41.7912 5.41369 9
    endloop
  endfacet
  facet normal -0.0654247 0.997858 0
    outer loop
      vertex -42 5.4 9
      vertex -41.7912 5.41369 0
      vertex -42 5.4 0
    endloop
  endfacet
  facet normal 0.896813 0.44241 7.05492e-19
    outer loop
      vertex -43.3856 6.2 9
      vertex -43.4782 6.38771 0
      vertex -43.4782 6.38771 9
    endloop
  endfacet
  facet normal 0.896813 0.44241 7.05492e-19
    outer loop
      vertex -43.4782 6.38771 0
      vertex -43.3856 6.2 9
      vertex -43.3856 6.2 0
    endloop
  endfacet
  facet normal -0.442314 -0.89686 0
    outer loop
      vertex -41.3877 8.47821 0
      vertex -41.2 8.38564 9
      vertex -41.3877 8.47821 9
    endloop
  endfacet
  facet normal -0.442314 -0.89686 -0
    outer loop
      vertex -41.2 8.38564 9
      vertex -41.3877 8.47821 0
      vertex -41.2 8.38564 0
    endloop
  endfacet
  facet normal 0.321397 0.946944 -0
    outer loop
      vertex -42.4141 5.45452 0
      vertex -42.6123 5.52179 9
      vertex -42.4141 5.45452 9
    endloop
  endfacet
  facet normal 0.321397 0.946944 0
    outer loop
      vertex -42.6123 5.52179 9
      vertex -42.4141 5.45452 0
      vertex -42.6123 5.52179 0
    endloop
  endfacet
  facet normal 0.442314 -0.89686 0
    outer loop
      vertex -42.8 8.38564 0
      vertex -42.6123 8.47821 9
      vertex -42.8 8.38564 9
    endloop
  endfacet
  facet normal 0.442314 -0.89686 0
    outer loop
      vertex -42.6123 8.47821 9
      vertex -42.8 8.38564 0
      vertex -42.6123 8.47821 0
    endloop
  endfacet
  facet normal 0.442314 0.89686 -0
    outer loop
      vertex -42.6123 5.52179 0
      vertex -42.8 5.61436 9
      vertex -42.6123 5.52179 9
    endloop
  endfacet
  facet normal 0.442314 0.89686 0
    outer loop
      vertex -42.8 5.61436 9
      vertex -42.6123 5.52179 0
      vertex -42.8 5.61436 0
    endloop
  endfacet
  facet normal 0.980813 0.194949 1.05558e-19
    outer loop
      vertex -43.5455 6.58589 9
      vertex -43.5863 6.79116 0
      vertex -43.5863 6.79116 9
    endloop
  endfacet
  facet normal 0.980813 0.194949 1.05558e-19
    outer loop
      vertex -43.5863 6.79116 0
      vertex -43.5455 6.58589 9
      vertex -43.5455 6.58589 0
    endloop
  endfacet
  facet normal 0.555593 0.831454 -0
    outer loop
      vertex -42.8 5.61436 0
      vertex -42.974 5.73063 9
      vertex -42.8 5.61436 9
    endloop
  endfacet
  facet normal 0.555593 0.831454 0
    outer loop
      vertex -42.974 5.73063 9
      vertex -42.8 5.61436 0
      vertex -42.974 5.73063 0
    endloop
  endfacet
  facet normal -0.195059 -0.980791 0
    outer loop
      vertex -41.7912 8.58631 0
      vertex -41.5859 8.54548 9
      vertex -41.7912 8.58631 9
    endloop
  endfacet
  facet normal -0.195059 -0.980791 -0
    outer loop
      vertex -41.5859 8.54548 9
      vertex -41.7912 8.58631 0
      vertex -41.5859 8.54548 0
    endloop
  endfacet
  facet normal -0.195059 0.980791 0
    outer loop
      vertex -41.5859 5.45452 0
      vertex -41.7912 5.41369 9
      vertex -41.5859 5.45452 9
    endloop
  endfacet
  facet normal -0.195059 0.980791 0
    outer loop
      vertex -41.7912 5.41369 9
      vertex -41.5859 5.45452 0
      vertex -41.7912 5.41369 0
    endloop
  endfacet
  facet normal 0.751821 0.659367 -4.81216e-19
    outer loop
      vertex -43.1314 5.86863 9
      vertex -43.2694 6.02598 0
      vertex -43.2694 6.02598 9
    endloop
  endfacet
  facet normal 0.751821 0.659367 -4.81216e-19
    outer loop
      vertex -43.2694 6.02598 0
      vertex -43.1314 5.86863 9
      vertex -43.1314 5.86863 0
    endloop
  endfacet
  facet normal 0.751821 -0.659367 4.81216e-19
    outer loop
      vertex -43.2694 7.97402 9
      vertex -43.1314 8.13137 0
      vertex -43.1314 8.13137 9
    endloop
  endfacet
  facet normal 0.751821 -0.659367 4.81216e-19
    outer loop
      vertex -43.1314 8.13137 0
      vertex -43.2694 7.97402 9
      vertex -43.2694 7.97402 0
    endloop
  endfacet
  facet normal -0.997855 0.0654598 -6.79529e-20
    outer loop
      vertex -40.4137 6.79116 0
      vertex -40.4 7 9
      vertex -40.4 7 0
    endloop
  endfacet
  facet normal -0.997855 0.0654598 -6.79529e-20
    outer loop
      vertex -40.4 7 9
      vertex -40.4137 6.79116 0
      vertex -40.4137 6.79116 9
    endloop
  endfacet
  facet normal 0.659248 0.751925 -0
    outer loop
      vertex -42.974 5.73063 0
      vertex -43.1314 5.86863 9
      vertex -42.974 5.73063 9
    endloop
  endfacet
  facet normal 0.659248 0.751925 0
    outer loop
      vertex -43.1314 5.86863 9
      vertex -42.974 5.73063 0
      vertex -43.1314 5.86863 0
    endloop
  endfacet
  facet normal 0.997855 0.0654598 6.79529e-20
    outer loop
      vertex -43.5863 6.79116 9
      vertex -43.6 7 0
      vertex -43.6 7 9
    endloop
  endfacet
  facet normal 0.997855 0.0654598 6.79529e-20
    outer loop
      vertex -43.6 7 0
      vertex -43.5863 6.79116 9
      vertex -43.5863 6.79116 0
    endloop
  endfacet
  facet normal -0.659248 0.751925 0
    outer loop
      vertex -40.8686 5.86863 0
      vertex -41.026 5.73063 9
      vertex -40.8686 5.86863 9
    endloop
  endfacet
  facet normal -0.659248 0.751925 0
    outer loop
      vertex -41.026 5.73063 9
      vertex -40.8686 5.86863 0
      vertex -41.026 5.73063 0
    endloop
  endfacet
  facet normal -0.321397 0.946944 0
    outer loop
      vertex -41.3877 5.52179 0
      vertex -41.5859 5.45452 9
      vertex -41.3877 5.52179 9
    endloop
  endfacet
  facet normal -0.321397 0.946944 0
    outer loop
      vertex -41.5859 5.45452 9
      vertex -41.3877 5.52179 0
      vertex -41.5859 5.45452 0
    endloop
  endfacet
  facet normal -0.555593 0.831454 0
    outer loop
      vertex -41.026 5.73063 0
      vertex -41.2 5.61436 9
      vertex -41.026 5.73063 9
    endloop
  endfacet
  facet normal -0.555593 0.831454 0
    outer loop
      vertex -41.2 5.61436 9
      vertex -41.026 5.73063 0
      vertex -41.2 5.61436 0
    endloop
  endfacet
  facet normal -0.751821 0.659367 4.81216e-19
    outer loop
      vertex -40.8686 5.86863 0
      vertex -40.7306 6.02598 9
      vertex -40.7306 6.02598 0
    endloop
  endfacet
  facet normal -0.751821 0.659367 4.81216e-19
    outer loop
      vertex -40.7306 6.02598 9
      vertex -40.8686 5.86863 0
      vertex -40.8686 5.86863 9
    endloop
  endfacet
  facet normal 0.831638 0.555318 9.16419e-19
    outer loop
      vertex -43.2694 6.02598 9
      vertex -43.3856 6.2 0
      vertex -43.3856 6.2 9
    endloop
  endfacet
  facet normal 0.831638 0.555318 9.16419e-19
    outer loop
      vertex -43.3856 6.2 0
      vertex -43.2694 6.02598 9
      vertex -43.2694 6.02598 0
    endloop
  endfacet
  facet normal 0.0654247 0.997858 -0
    outer loop
      vertex -42 5.4 0
      vertex -42.2088 5.41369 9
      vertex -42 5.4 9
    endloop
  endfacet
  facet normal 0.0654247 0.997858 0
    outer loop
      vertex -42.2088 5.41369 9
      vertex -42 5.4 0
      vertex -42.2088 5.41369 0
    endloop
  endfacet
  facet normal -0.896813 0.44241 -7.05492e-19
    outer loop
      vertex -40.6144 6.2 0
      vertex -40.5218 6.38771 9
      vertex -40.5218 6.38771 0
    endloop
  endfacet
  facet normal -0.896813 0.44241 -7.05492e-19
    outer loop
      vertex -40.5218 6.38771 9
      vertex -40.6144 6.2 0
      vertex -40.6144 6.2 9
    endloop
  endfacet
  facet normal 0.0654247 -0.997858 0
    outer loop
      vertex -42.2088 8.58631 0
      vertex -42 8.6 9
      vertex -42.2088 8.58631 9
    endloop
  endfacet
  facet normal 0.0654247 -0.997858 0
    outer loop
      vertex -42 8.6 9
      vertex -42.2088 8.58631 0
      vertex -42 8.6 0
    endloop
  endfacet
  facet normal 0.980813 -0.194949 -1.05558e-19
    outer loop
      vertex -43.5863 7.20884 9
      vertex -43.5455 7.41411 0
      vertex -43.5455 7.41411 9
    endloop
  endfacet
  facet normal 0.980813 -0.194949 -1.05558e-19
    outer loop
      vertex -43.5455 7.41411 0
      vertex -43.5863 7.20884 9
      vertex -43.5863 7.20884 0
    endloop
  endfacet
  facet normal 0.321397 -0.946944 0
    outer loop
      vertex -42.6123 8.47821 0
      vertex -42.4141 8.54548 9
      vertex -42.6123 8.47821 9
    endloop
  endfacet
  facet normal 0.321397 -0.946944 0
    outer loop
      vertex -42.4141 8.54548 9
      vertex -42.6123 8.47821 0
      vertex -42.4141 8.54548 0
    endloop
  endfacet
  facet normal -0.659248 -0.751925 0
    outer loop
      vertex -41.026 8.26937 0
      vertex -40.8686 8.13137 9
      vertex -41.026 8.26937 9
    endloop
  endfacet
  facet normal -0.659248 -0.751925 -0
    outer loop
      vertex -40.8686 8.13137 9
      vertex -41.026 8.26937 0
      vertex -40.8686 8.13137 0
    endloop
  endfacet
  facet normal -0.0654247 -0.997858 0
    outer loop
      vertex -42 8.6 0
      vertex -41.7912 8.58631 9
      vertex -42 8.6 9
    endloop
  endfacet
  facet normal -0.0654247 -0.997858 -0
    outer loop
      vertex -41.7912 8.58631 9
      vertex -42 8.6 0
      vertex -41.7912 8.58631 0
    endloop
  endfacet
  facet normal 0.896813 -0.44241 -7.05492e-19
    outer loop
      vertex -43.4782 7.61229 9
      vertex -43.3856 7.8 0
      vertex -43.3856 7.8 9
    endloop
  endfacet
  facet normal 0.896813 -0.44241 -7.05492e-19
    outer loop
      vertex -43.3856 7.8 0
      vertex -43.4782 7.61229 9
      vertex -43.4782 7.61229 0
    endloop
  endfacet
  facet normal 0.195059 0.980791 -0
    outer loop
      vertex -42.2088 5.41369 0
      vertex -42.4141 5.45452 9
      vertex -42.2088 5.41369 9
    endloop
  endfacet
  facet normal 0.195059 0.980791 0
    outer loop
      vertex -42.4141 5.45452 9
      vertex -42.2088 5.41369 0
      vertex -42.4141 5.45452 0
    endloop
  endfacet
  facet normal -0.751821 -0.659367 -4.81216e-19
    outer loop
      vertex -40.7306 7.97402 0
      vertex -40.8686 8.13137 9
      vertex -40.8686 8.13137 0
    endloop
  endfacet
  facet normal -0.751821 -0.659367 -4.81216e-19
    outer loop
      vertex -40.8686 8.13137 9
      vertex -40.7306 7.97402 0
      vertex -40.7306 7.97402 9
    endloop
  endfacet
  facet normal 0.946891 -0.321555 2.12838e-20
    outer loop
      vertex -43.5455 7.41411 9
      vertex -43.4782 7.61229 0
      vertex -43.4782 7.61229 9
    endloop
  endfacet
  facet normal 0.946891 -0.321555 2.12838e-20
    outer loop
      vertex -43.4782 7.61229 0
      vertex -43.5455 7.41411 9
      vertex -43.5455 7.41411 0
    endloop
  endfacet
  facet normal 0.997855 -0.0654598 -6.79529e-20
    outer loop
      vertex -43.6 7 9
      vertex -43.5863 7.20884 0
      vertex -43.5863 7.20884 9
    endloop
  endfacet
  facet normal 0.997855 -0.0654598 -6.79529e-20
    outer loop
      vertex -43.5863 7.20884 0
      vertex -43.6 7 9
      vertex -43.6 7 0
    endloop
  endfacet
  facet normal 0.831638 -0.555318 -9.16419e-19
    outer loop
      vertex -43.3856 7.8 9
      vertex -43.2694 7.97402 0
      vertex -43.2694 7.97402 9
    endloop
  endfacet
  facet normal 0.831638 -0.555318 -9.16419e-19
    outer loop
      vertex -43.2694 7.97402 0
      vertex -43.3856 7.8 9
      vertex -43.3856 7.8 0
    endloop
  endfacet
  facet normal -0.980757 -0.195233 -1.38565e-19
    outer loop
      vertex -17.4222 0.339368 0
      vertex -17.4886 0.672929 15
      vertex -17.4886 0.672929 0
    endloop
  endfacet
  facet normal -0.980757 -0.195233 -1.38565e-19
    outer loop
      vertex -17.4886 0.672929 15
      vertex -17.4222 0.339368 0
      vertex -17.4222 0.339368 15
    endloop
  endfacet
  facet normal -0.997867 -0.0652762 -5.44112e-20
    outer loop
      vertex -17.4 0 0
      vertex -17.4222 0.339368 15
      vertex -17.4222 0.339368 0
    endloop
  endfacet
  facet normal -0.997867 -0.0652762 -5.44112e-20
    outer loop
      vertex -17.4222 0.339368 15
      vertex -17.4 0 0
      vertex -17.4 0 15
    endloop
  endfacet
  facet normal -0.0653872 0.99786 0
    outer loop
      vertex -19.6606 -2.57776 0
      vertex -20 -2.6 15
      vertex -19.6606 -2.57776 15
    endloop
  endfacet
  facet normal -0.0653872 0.99786 0
    outer loop
      vertex -20 -2.6 15
      vertex -19.6606 -2.57776 0
      vertex -20 -2.6 0
    endloop
  endfacet
  facet normal 0.659341 -0.751844 0
    outer loop
      vertex -21.8385 1.83848 0
      vertex -21.5828 2.06272 15
      vertex -21.8385 1.83848 15
    endloop
  endfacet
  facet normal 0.659341 -0.751844 0
    outer loop
      vertex -21.5828 2.06272 15
      vertex -21.8385 1.83848 0
      vertex -21.5828 2.06272 0
    endloop
  endfacet
  facet normal 0.321391 0.946946 -0
    outer loop
      vertex -20.6729 -2.51141 0
      vertex -20.995 -2.40209 15
      vertex -20.6729 -2.51141 15
    endloop
  endfacet
  facet normal 0.321391 0.946946 0
    outer loop
      vertex -20.995 -2.40209 15
      vertex -20.6729 -2.51141 0
      vertex -20.995 -2.40209 0
    endloop
  endfacet
  facet normal 0.0653872 0.99786 -0
    outer loop
      vertex -20 -2.6 0
      vertex -20.3394 -2.57776 15
      vertex -20 -2.6 15
    endloop
  endfacet
  facet normal 0.0653872 0.99786 0
    outer loop
      vertex -20.3394 -2.57776 15
      vertex -20 -2.6 0
      vertex -20.3394 -2.57776 0
    endloop
  endfacet
  facet normal 0.831398 0.555677 -1.47613e-19
    outer loop
      vertex -22.0627 -1.58278 15
      vertex -22.2517 -1.3 0
      vertex -22.2517 -1.3 15
    endloop
  endfacet
  facet normal 0.831398 0.555677 -1.47613e-19
    outer loop
      vertex -22.2517 -1.3 0
      vertex -22.0627 -1.58278 15
      vertex -22.0627 -1.58278 0
    endloop
  endfacet
  facet normal 0.946948 -0.321386 -5.98432e-19
    outer loop
      vertex -22.5114 0.672929 15
      vertex -22.4021 0.994976 0
      vertex -22.4021 0.994976 15
    endloop
  endfacet
  facet normal 0.946948 -0.321386 -5.98432e-19
    outer loop
      vertex -22.4021 0.994976 0
      vertex -22.5114 0.672929 15
      vertex -22.5114 0.672929 0
    endloop
  endfacet
  facet normal -0.751902 -0.659275 -1.34582e-19
    outer loop
      vertex -17.9373 1.58278 0
      vertex -18.1615 1.83848 15
      vertex -18.1615 1.83848 0
    endloop
  endfacet
  facet normal -0.751902 -0.659275 -1.34582e-19
    outer loop
      vertex -18.1615 1.83848 15
      vertex -17.9373 1.58278 0
      vertex -17.9373 1.58278 15
    endloop
  endfacet
  facet normal 0.980757 -0.195233 1.38565e-19
    outer loop
      vertex -22.5778 0.339368 15
      vertex -22.5114 0.672929 0
      vertex -22.5114 0.672929 15
    endloop
  endfacet
  facet normal 0.980757 -0.195233 1.38565e-19
    outer loop
      vertex -22.5114 0.672929 0
      vertex -22.5778 0.339368 15
      vertex -22.5778 0.339368 0
    endloop
  endfacet
  facet normal 0.946948 0.321386 5.98432e-19
    outer loop
      vertex -22.4021 -0.994976 15
      vertex -22.5114 -0.672929 0
      vertex -22.5114 -0.672929 15
    endloop
  endfacet
  facet normal 0.946948 0.321386 5.98432e-19
    outer loop
      vertex -22.5114 -0.672929 0
      vertex -22.4021 -0.994976 15
      vertex -22.4021 -0.994976 0
    endloop
  endfacet
  facet normal 0.195126 0.980778 -0
    outer loop
      vertex -20.3394 -2.57776 0
      vertex -20.6729 -2.51141 15
      vertex -20.3394 -2.57776 15
    endloop
  endfacet
  facet normal 0.195126 0.980778 0
    outer loop
      vertex -20.6729 -2.51141 15
      vertex -20.3394 -2.57776 0
      vertex -20.6729 -2.51141 0
    endloop
  endfacet
  facet normal -0.321391 0.946946 0
    outer loop
      vertex -19.005 -2.40209 0
      vertex -19.3271 -2.51141 15
      vertex -19.005 -2.40209 15
    endloop
  endfacet
  facet normal -0.321391 0.946946 0
    outer loop
      vertex -19.3271 -2.51141 15
      vertex -19.005 -2.40209 0
      vertex -19.3271 -2.51141 0
    endloop
  endfacet
  facet normal -0.659341 -0.751844 0
    outer loop
      vertex -18.4172 2.06272 0
      vertex -18.1615 1.83848 15
      vertex -18.4172 2.06272 15
    endloop
  endfacet
  facet normal -0.659341 -0.751844 -0
    outer loop
      vertex -18.1615 1.83848 15
      vertex -18.4172 2.06272 0
      vertex -18.1615 1.83848 0
    endloop
  endfacet
  facet normal 0.751902 -0.659275 1.34582e-19
    outer loop
      vertex -22.0627 1.58278 15
      vertex -21.8385 1.83848 0
      vertex -21.8385 1.83848 15
    endloop
  endfacet
  facet normal 0.751902 -0.659275 1.34582e-19
    outer loop
      vertex -21.8385 1.83848 0
      vertex -22.0627 1.58278 15
      vertex -22.0627 1.58278 0
    endloop
  endfacet
  facet normal 0.321391 -0.946946 0
    outer loop
      vertex -20.995 2.40209 0
      vertex -20.6729 2.51141 15
      vertex -20.995 2.40209 15
    endloop
  endfacet
  facet normal 0.321391 -0.946946 0
    outer loop
      vertex -20.6729 2.51141 15
      vertex -20.995 2.40209 0
      vertex -20.6729 2.51141 0
    endloop
  endfacet
  facet normal 0.0653872 -0.99786 0
    outer loop
      vertex -20.3394 2.57776 0
      vertex -20 2.6 15
      vertex -20.3394 2.57776 15
    endloop
  endfacet
  facet normal 0.0653872 -0.99786 0
    outer loop
      vertex -20 2.6 15
      vertex -20.3394 2.57776 0
      vertex -20 2.6 0
    endloop
  endfacet
  facet normal 0.555548 -0.831484 0
    outer loop
      vertex -21.5828 2.06272 0
      vertex -21.3 2.25167 15
      vertex -21.5828 2.06272 15
    endloop
  endfacet
  facet normal 0.555548 -0.831484 0
    outer loop
      vertex -21.3 2.25167 15
      vertex -21.5828 2.06272 0
      vertex -21.3 2.25167 0
    endloop
  endfacet
  facet normal -0.831398 0.555677 1.47613e-19
    outer loop
      vertex -17.9373 -1.58278 0
      vertex -17.7483 -1.3 15
      vertex -17.7483 -1.3 0
    endloop
  endfacet
  facet normal -0.831398 0.555677 1.47613e-19
    outer loop
      vertex -17.7483 -1.3 15
      vertex -17.9373 -1.58278 0
      vertex -17.9373 -1.58278 15
    endloop
  endfacet
  facet normal -0.751902 0.659275 1.34582e-19
    outer loop
      vertex -18.1615 -1.83848 0
      vertex -17.9373 -1.58278 15
      vertex -17.9373 -1.58278 0
    endloop
  endfacet
  facet normal -0.751902 0.659275 1.34582e-19
    outer loop
      vertex -17.9373 -1.58278 15
      vertex -18.1615 -1.83848 0
      vertex -18.1615 -1.83848 15
    endloop
  endfacet
  facet normal 0.980757 0.195233 -1.38565e-19
    outer loop
      vertex -22.5114 -0.672929 15
      vertex -22.5778 -0.339368 0
      vertex -22.5778 -0.339368 15
    endloop
  endfacet
  facet normal 0.980757 0.195233 -1.38565e-19
    outer loop
      vertex -22.5778 -0.339368 0
      vertex -22.5114 -0.672929 15
      vertex -22.5114 -0.672929 0
    endloop
  endfacet
  facet normal 0.751902 0.659275 -1.34582e-19
    outer loop
      vertex -21.8385 -1.83848 15
      vertex -22.0627 -1.58278 0
      vertex -22.0627 -1.58278 15
    endloop
  endfacet
  facet normal 0.751902 0.659275 -1.34582e-19
    outer loop
      vertex -22.0627 -1.58278 0
      vertex -21.8385 -1.83848 15
      vertex -21.8385 -1.83848 0
    endloop
  endfacet
  facet normal -0.831398 -0.555677 -1.47613e-19
    outer loop
      vertex -17.7483 1.3 0
      vertex -17.9373 1.58278 15
      vertex -17.9373 1.58278 0
    endloop
  endfacet
  facet normal -0.831398 -0.555677 -1.47613e-19
    outer loop
      vertex -17.9373 1.58278 15
      vertex -17.7483 1.3 0
      vertex -17.7483 1.3 15
    endloop
  endfacet
  facet normal -0.997867 0.0652762 5.44112e-20
    outer loop
      vertex -17.4222 -0.339368 0
      vertex -17.4 0 15
      vertex -17.4 0 0
    endloop
  endfacet
  facet normal -0.997867 0.0652762 5.44112e-20
    outer loop
      vertex -17.4 0 15
      vertex -17.4222 -0.339368 0
      vertex -17.4222 -0.339368 15
    endloop
  endfacet
  facet normal -0.321391 -0.946946 0
    outer loop
      vertex -19.3271 2.51141 0
      vertex -19.005 2.40209 15
      vertex -19.3271 2.51141 15
    endloop
  endfacet
  facet normal -0.321391 -0.946946 -0
    outer loop
      vertex -19.005 2.40209 15
      vertex -19.3271 2.51141 0
      vertex -19.005 2.40209 0
    endloop
  endfacet
  facet normal -0.555548 -0.831484 0
    outer loop
      vertex -18.7 2.25167 0
      vertex -18.4172 2.06272 15
      vertex -18.7 2.25167 15
    endloop
  endfacet
  facet normal -0.555548 -0.831484 -0
    outer loop
      vertex -18.4172 2.06272 15
      vertex -18.7 2.25167 0
      vertex -18.4172 2.06272 0
    endloop
  endfacet
  facet normal 0.997867 -0.0652762 5.44112e-20
    outer loop
      vertex -22.6 0 15
      vertex -22.5778 0.339368 0
      vertex -22.5778 0.339368 15
    endloop
  endfacet
  facet normal 0.997867 -0.0652762 5.44112e-20
    outer loop
      vertex -22.5778 0.339368 0
      vertex -22.6 0 15
      vertex -22.6 0 0
    endloop
  endfacet
  facet normal 0.195126 -0.980778 0
    outer loop
      vertex -20.6729 2.51141 0
      vertex -20.3394 2.57776 15
      vertex -20.6729 2.51141 15
    endloop
  endfacet
  facet normal 0.195126 -0.980778 0
    outer loop
      vertex -20.3394 2.57776 15
      vertex -20.6729 2.51141 0
      vertex -20.3394 2.57776 0
    endloop
  endfacet
  facet normal -0.980757 0.195233 1.38565e-19
    outer loop
      vertex -17.4886 -0.672929 0
      vertex -17.4222 -0.339368 15
      vertex -17.4222 -0.339368 0
    endloop
  endfacet
  facet normal -0.980757 0.195233 1.38565e-19
    outer loop
      vertex -17.4222 -0.339368 15
      vertex -17.4886 -0.672929 0
      vertex -17.4886 -0.672929 15
    endloop
  endfacet
  facet normal -0.0653872 -0.99786 0
    outer loop
      vertex -20 2.6 0
      vertex -19.6606 2.57776 15
      vertex -20 2.6 15
    endloop
  endfacet
  facet normal -0.0653872 -0.99786 -0
    outer loop
      vertex -19.6606 2.57776 15
      vertex -20 2.6 0
      vertex -19.6606 2.57776 0
    endloop
  endfacet
  facet normal -0.195126 0.980778 0
    outer loop
      vertex -19.3271 -2.51141 0
      vertex -19.6606 -2.57776 15
      vertex -19.3271 -2.51141 15
    endloop
  endfacet
  facet normal -0.195126 0.980778 0
    outer loop
      vertex -19.6606 -2.57776 15
      vertex -19.3271 -2.51141 0
      vertex -19.6606 -2.57776 0
    endloop
  endfacet
  facet normal 0.659341 0.751844 -0
    outer loop
      vertex -21.5828 -2.06272 0
      vertex -21.8385 -1.83848 15
      vertex -21.5828 -2.06272 15
    endloop
  endfacet
  facet normal 0.659341 0.751844 0
    outer loop
      vertex -21.8385 -1.83848 15
      vertex -21.5828 -2.06272 0
      vertex -21.8385 -1.83848 0
    endloop
  endfacet
  facet normal -0.442314 -0.89686 0
    outer loop
      vertex -19.005 2.40209 0
      vertex -18.7 2.25167 15
      vertex -19.005 2.40209 15
    endloop
  endfacet
  facet normal -0.442314 -0.89686 -0
    outer loop
      vertex -18.7 2.25167 15
      vertex -19.005 2.40209 0
      vertex -18.7 2.25167 0
    endloop
  endfacet
  facet normal -0.659341 0.751844 0
    outer loop
      vertex -18.1615 -1.83848 0
      vertex -18.4172 -2.06272 15
      vertex -18.1615 -1.83848 15
    endloop
  endfacet
  facet normal -0.659341 0.751844 0
    outer loop
      vertex -18.4172 -2.06272 15
      vertex -18.1615 -1.83848 0
      vertex -18.4172 -2.06272 0
    endloop
  endfacet
  facet normal 0.997867 0.0652762 -5.44112e-20
    outer loop
      vertex -22.5778 -0.339368 15
      vertex -22.6 0 0
      vertex -22.6 0 15
    endloop
  endfacet
  facet normal 0.997867 0.0652762 -5.44112e-20
    outer loop
      vertex -22.6 0 0
      vertex -22.5778 -0.339368 15
      vertex -22.5778 -0.339368 0
    endloop
  endfacet
  facet normal -0.896897 -0.442239 -6.4279e-19
    outer loop
      vertex -17.5979 0.994976 0
      vertex -17.7483 1.3 15
      vertex -17.7483 1.3 0
    endloop
  endfacet
  facet normal -0.896897 -0.442239 -6.4279e-19
    outer loop
      vertex -17.7483 1.3 15
      vertex -17.5979 0.994976 0
      vertex -17.5979 0.994976 15
    endloop
  endfacet
  facet normal -0.195126 -0.980778 0
    outer loop
      vertex -19.6606 2.57776 0
      vertex -19.3271 2.51141 15
      vertex -19.6606 2.57776 15
    endloop
  endfacet
  facet normal -0.195126 -0.980778 -0
    outer loop
      vertex -19.3271 2.51141 15
      vertex -19.6606 2.57776 0
      vertex -19.3271 2.51141 0
    endloop
  endfacet
  facet normal -0.946948 -0.321386 5.98432e-19
    outer loop
      vertex -17.4886 0.672929 0
      vertex -17.5979 0.994976 15
      vertex -17.5979 0.994976 0
    endloop
  endfacet
  facet normal -0.946948 -0.321386 5.98432e-19
    outer loop
      vertex -17.5979 0.994976 15
      vertex -17.4886 0.672929 0
      vertex -17.4886 0.672929 15
    endloop
  endfacet
  facet normal -0.555548 0.831484 0
    outer loop
      vertex -18.4172 -2.06272 0
      vertex -18.7 -2.25167 15
      vertex -18.4172 -2.06272 15
    endloop
  endfacet
  facet normal -0.555548 0.831484 0
    outer loop
      vertex -18.7 -2.25167 15
      vertex -18.4172 -2.06272 0
      vertex -18.7 -2.25167 0
    endloop
  endfacet
  facet normal -0.946948 0.321386 -5.98432e-19
    outer loop
      vertex -17.5979 -0.994976 0
      vertex -17.4886 -0.672929 15
      vertex -17.4886 -0.672929 0
    endloop
  endfacet
  facet normal -0.946948 0.321386 -5.98432e-19
    outer loop
      vertex -17.4886 -0.672929 15
      vertex -17.5979 -0.994976 0
      vertex -17.5979 -0.994976 15
    endloop
  endfacet
  facet normal -0.896897 0.442239 6.4279e-19
    outer loop
      vertex -17.7483 -1.3 0
      vertex -17.5979 -0.994976 15
      vertex -17.5979 -0.994976 0
    endloop
  endfacet
  facet normal -0.896897 0.442239 6.4279e-19
    outer loop
      vertex -17.5979 -0.994976 15
      vertex -17.7483 -1.3 0
      vertex -17.7483 -1.3 15
    endloop
  endfacet
  facet normal 0.896897 0.442239 -6.4279e-19
    outer loop
      vertex -22.2517 -1.3 15
      vertex -22.4021 -0.994976 0
      vertex -22.4021 -0.994976 15
    endloop
  endfacet
  facet normal 0.896897 0.442239 -6.4279e-19
    outer loop
      vertex -22.4021 -0.994976 0
      vertex -22.2517 -1.3 15
      vertex -22.2517 -1.3 0
    endloop
  endfacet
  facet normal 0.442314 -0.89686 0
    outer loop
      vertex -21.3 2.25167 0
      vertex -20.995 2.40209 15
      vertex -21.3 2.25167 15
    endloop
  endfacet
  facet normal 0.442314 -0.89686 0
    outer loop
      vertex -20.995 2.40209 15
      vertex -21.3 2.25167 0
      vertex -20.995 2.40209 0
    endloop
  endfacet
  facet normal -0.442314 0.89686 0
    outer loop
      vertex -18.7 -2.25167 0
      vertex -19.005 -2.40209 15
      vertex -18.7 -2.25167 15
    endloop
  endfacet
  facet normal -0.442314 0.89686 0
    outer loop
      vertex -19.005 -2.40209 15
      vertex -18.7 -2.25167 0
      vertex -19.005 -2.40209 0
    endloop
  endfacet
  facet normal 0.442314 0.89686 -0
    outer loop
      vertex -20.995 -2.40209 0
      vertex -21.3 -2.25167 15
      vertex -20.995 -2.40209 15
    endloop
  endfacet
  facet normal 0.442314 0.89686 0
    outer loop
      vertex -21.3 -2.25167 15
      vertex -20.995 -2.40209 0
      vertex -21.3 -2.25167 0
    endloop
  endfacet
  facet normal 0.896897 -0.442239 6.4279e-19
    outer loop
      vertex -22.4021 0.994976 15
      vertex -22.2517 1.3 0
      vertex -22.2517 1.3 15
    endloop
  endfacet
  facet normal 0.896897 -0.442239 6.4279e-19
    outer loop
      vertex -22.2517 1.3 0
      vertex -22.4021 0.994976 15
      vertex -22.4021 0.994976 0
    endloop
  endfacet
  facet normal 0.831398 -0.555677 1.47613e-19
    outer loop
      vertex -22.2517 1.3 15
      vertex -22.0627 1.58278 0
      vertex -22.0627 1.58278 15
    endloop
  endfacet
  facet normal 0.831398 -0.555677 1.47613e-19
    outer loop
      vertex -22.0627 1.58278 0
      vertex -22.2517 1.3 15
      vertex -22.2517 1.3 0
    endloop
  endfacet
  facet normal 0.555548 0.831484 -0
    outer loop
      vertex -21.3 -2.25167 0
      vertex -21.5828 -2.06272 15
      vertex -21.3 -2.25167 15
    endloop
  endfacet
  facet normal 0.555548 0.831484 0
    outer loop
      vertex -21.5828 -2.06272 15
      vertex -21.3 -2.25167 0
      vertex -21.5828 -2.06272 0
    endloop
  endfacet
  facet normal -1 0 0
    outer loop
      vertex -31 -3 0
      vertex -31 3 9
      vertex -31 3 0
    endloop
  endfacet
  facet normal -1 -0 0
    outer loop
      vertex -31 3 9
      vertex -31 -3 0
      vertex -31 -3 9
    endloop
  endfacet
  facet normal 1 -0 0
    outer loop
      vertex -55 -3 6
      vertex -55 3 0
      vertex -55 3 6
    endloop
  endfacet
  facet normal 1 0 0
    outer loop
      vertex -55 3 0
      vertex -55 -3 6
      vertex -55 -3 0
    endloop
  endfacet
  facet normal 0 -1 0
    outer loop
      vertex -55 3 6
      vertex -55 3 0
      vertex -48 3 6
    endloop
  endfacet
  facet normal 0 -1 0
    outer loop
      vertex -48 3 6
      vertex -31 3 9
      vertex -48 3 9
    endloop
  endfacet
  facet normal 0 -1 0
    outer loop
      vertex -31 3 0
      vertex -48 3 6
      vertex -55 3 0
    endloop
  endfacet
  facet normal 0 -1 0
    outer loop
      vertex -48 3 6
      vertex -31 3 0
      vertex -31 3 9
    endloop
  endfacet
  facet normal 0 1 0
    outer loop
      vertex -31 -3 9
      vertex -48 -3 6
      vertex -48 -3 9
    endloop
  endfacet
  facet normal 0 1 -0
    outer loop
      vertex -31 -3 0
      vertex -48 -3 6
      vertex -31 -3 9
    endloop
  endfacet
  facet normal 0 1 0
    outer loop
      vertex -55 -3 0
      vertex -48 -3 6
      vertex -31 -3 0
    endloop
  endfacet
  facet normal 0 1 0
    outer loop
      vertex -48 -3 6
      vertex -55 -3 0
      vertex -55 -3 6
    endloop
  endfacet
endsolid OpenSCAD_Model
